Fecha,Importe,Categoría,Concepto
2026-01-01,1.00,Supermercado,Gasto de prueba 1
2026-01-02,2.01,Restaurantes,Gasto de prueba 2
2026-01-03,3.02,Transporte,Gasto de prueba 3
2026-01-04,4.03,Vivienda,Gasto de prueba 4
2026-01-05,5.04,Ocio,Gasto de prueba 5
2026-01-06,6.05,Supermercado,Gasto de prueba 6
2026-01-07,7.06,Restaurantes,Gasto de prueba 7
2026-01-08,8.07,Transporte,Gasto de prueba 8
2026-01-09,9.08,Vivienda,Gasto de prueba 9
2026-01-10,10.09,Ocio,Gasto de prueba 10
2026-01-11,11.10,Supermercado,Gasto de prueba 11
2026-01-12,12.11,Restaurantes,Gasto de prueba 12
2026-01-13,13.12,Transporte,Gasto de prueba 13
2026-01-14,14.13,Vivienda,Gasto de prueba 14
2026-01-15,15.14,Ocio,Gasto de prueba 15
2026-01-16,16.15,Supermercado,Gasto de prueba 16
2026-01-17,17.16,Restaurantes,Gasto de prueba 17
2026-01-18,18.17,Transporte,Gasto de prueba 18
2026-01-19,19.18,Vivienda,Gasto de prueba 19
2026-01-20,20.19,Ocio,Gasto de prueba 20
2026-01-21,21.20,Supermercado,Gasto de prueba 21
2026-01-22,22.21,Restaurantes,Gasto de prueba 22
2026-01-23,23.22,Transporte,Gasto de prueba 23
2026-01-24,24.23,Vivienda,Gasto de prueba 24
2026-01-25,25.24,Ocio,Gasto de prueba 25
2026-01-26,26.25,Supermercado,Gasto de prueba 26
2026-01-27,27.26,Restaurantes,Gasto de prueba 27
2026-01-28,28.27,Transporte,Gasto de prueba 28
2026-01-29,29.28,Vivienda,Gasto de prueba 29
2026-01-30,30.29,Ocio,Gasto de prueba 30
2026-01-31,31.30,Supermercado,Gasto de prueba 31
2026-02-01,32.31,Restaurantes,Gasto de prueba 32
2026-02-02,33.32,Transporte,Gasto de prueba 33
2026-02-03,34.33,Vivienda,Gasto de prueba 34
2026-02-04,35.34,Ocio,Gasto de prueba 35
2026-02-05,36.35,Supermercado,Gasto de prueba 36
2026-02-06,37.36,Restaurantes,Gasto de prueba 37
2026-02-07,38.37,Transporte,Gasto de prueba 38
2026-02-08,39.38,Vivienda,Gasto de prueba 39
2026-02-09,40.39,Ocio,Gasto de prueba 40
2026-02-10,41.40,Supermercado,Gasto de prueba 41
2026-02-11,42.41,Restaurantes,Gasto de prueba 42
2026-02-12,43.42,Transporte,Gasto de prueba 43
2026-02-13,44.43,Vivienda,Gasto de prueba 44
2026-02-14,45.44,Ocio,Gasto de prueba 45
2026-02-15,46.45,Supermercado,Gasto de prueba 46
2026-02-16,47.46,Restaurantes,Gasto de prueba 47
2026-02-17,48.47,Transporte,Gasto de prueba 48
2026-02-18,49.48,Vivienda,Gasto de prueba 49
2026-02-19,50.49,Ocio,Gasto de prueba 50
2026-02-20,51.50,Supermercado,Gasto de prueba 51
2026-02-21,52.51,Restaurantes,Gasto de prueba 52
2026-02-22,53.52,Transporte,Gasto de prueba 53
2026-02-23,54.53,Vivienda,Gasto de prueba 54
2026-02-24,55.54,Ocio,Gasto de prueba 55
2026-02-25,56.55,Supermercado,Gasto de prueba 56
2026-02-26,57.56,Restaurantes,Gasto de prueba 57
2026-02-27,58.57,Transporte,Gasto de prueba 58
2026-02-28,59.58,Vivienda,Gasto de prueba 59
2026-03-01,60.59,Ocio,Gasto de prueba 60
2026-03-02,61.60,Supermercado,Gasto de prueba 61
2026-03-03,62.61,Restaurantes,Gasto de prueba 62
2026-03-04,63.62,Transporte,Gasto de prueba 63
2026-03-05,64.63,Vivienda,Gasto de prueba 64
2026-03-06,65.64,Ocio,Gasto de prueba 65
2026-03-07,66.65,Supermercado,Gasto de prueba 66
2026-03-08,67.66,Restaurantes,Gasto de prueba 67
2026-03-09,68.67,Transporte,Gasto de prueba 68
2026-03-10,69.68,Vivienda,Gasto de prueba 69
2026-03-11,70.69,Ocio,Gasto de prueba 70
2026-03-12,71.70,Supermercado,Gasto de prueba 71
2026-03-13,72.71,Restaurantes,Gasto de prueba 72
2026-03-14,73.72,Transporte,Gasto de prueba 73
2026-03-15,74.73,Vivienda,Gasto de prueba 74
2026-03-16,75.74,Ocio,Gasto de prueba 75
2026-03-17,76.75,Supermercado,Gasto de prueba 76
2026-03-18,77.76,Restaurantes,Gasto de prueba 77
2026-03-19,78.77,Transporte,Gasto de prueba 78
2026-03-20,79.78,Vivienda,Gasto de prueba 79
2026-03-21,80.79,Ocio,Gasto de prueba 80
2026-03-22,81.80,Supermercado,Gasto de prueba 81
2026-03-23,82.81,Restaurantes,Gasto de prueba 82
2026-03-24,83.82,Transporte,Gasto de prueba 83
2026-03-25,84.83,Vivienda,Gasto de prueba 84
2026-03-26,85.84,Ocio,Gasto de prueba 85
2026-03-27,86.85,Supermercado,Gasto de prueba 86
2026-03-28,87.86,Restaurantes,Gasto de prueba 87
2026-03-29,88.87,Transporte,Gasto de prueba 88
2026-03-30,89.88,Vivienda,Gasto de prueba 89
2026-03-31,90.89,Ocio,Gasto de prueba 90
2026-04-01,91.90,Supermercado,Gasto de prueba 91
2026-04-02,92.91,Restaurantes,Gasto de prueba 92
2026-04-03,93.92,Transporte,Gasto de prueba 93
2026-04-04,94.93,Vivienda,Gasto de prueba 94
2026-04-05,95.94,Ocio,Gasto de prueba 95
2026-04-06,96.95,Supermercado,Gasto de prueba 96
2026-04-07,97.96,Restaurantes,Gasto de prueba 97
2026-04-08,98.97,Transporte,Gasto de prueba 98
2026-04-09,99.98,Vivienda,Gasto de prueba 99
2026-04-10,100.99,Ocio,Gasto de prueba 100
2026-04-11,101.00,Supermercado,Gasto de prueba 101
2026-04-12,102.01,Restaurantes,Gasto de prueba 102
2026-04-13,103.02,Transporte,Gasto de prueba 103
2026-04-14,104.03,Vivienda,Gasto de prueba 104
2026-04-15,105.04,Ocio,Gasto de prueba 105
2026-04-16,106.05,Supermercado,Gasto de prueba 106
2026-04-17,107.06,Restaurantes,Gasto de prueba 107
2026-04-18,108.07,Transporte,Gasto de prueba 108
2026-04-19,109.08,Vivienda,Gasto de prueba 109
2026-04-20,110.09,Ocio,Gasto de prueba 110
2026-04-21,111.10,Supermercado,Gasto de prueba 111
2026-04-22,112.11,Restaurantes,Gasto de prueba 112
2026-04-23,113.12,Transporte,Gasto de prueba 113
2026-04-24,114.13,Vivienda,Gasto de prueba 114
2026-04-25,115.14,Ocio,Gasto de prueba 115
2026-04-26,116.15,Supermercado,Gasto de prueba 116
2026-04-27,117.16,Restaurantes,Gasto de prueba 117
2026-04-28,118.17,Transporte,Gasto de prueba 118
2026-04-29,119.18,Vivienda,Gasto de prueba 119
2026-04-30,120.19,Ocio,Gasto de prueba 120
2026-05-01,121.20,Supermercado,Gasto de prueba 121
2026-05-02,122.21,Restaurantes,Gasto de prueba 122
2026-05-03,123.22,Transporte,Gasto de prueba 123
2026-05-04,124.23,Vivienda,Gasto de prueba 124
2026-05-05,125.24,Ocio,Gasto de prueba 125
2026-05-06,126.25,Supermercado,Gasto de prueba 126
2026-05-07,127.26,Restaurantes,Gasto de prueba 127
2026-05-08,128.27,Transporte,Gasto de prueba 128
2026-05-09,129.28,Vivienda,Gasto de prueba 129
2026-05-10,130.29,Ocio,Gasto de prueba 130
2026-05-11,131.30,Supermercado,Gasto de prueba 131
2026-05-12,132.31,Restaurantes,Gasto de prueba 132
2026-05-13,133.32,Transporte,Gasto de prueba 133
2026-05-14,134.33,Vivienda,Gasto de prueba 134
2026-05-15,135.34,Ocio,Gasto de prueba 135
2026-05-16,136.35,Supermercado,Gasto de prueba 136
2026-05-17,137.36,Restaurantes,Gasto de prueba 137
2026-05-18,138.37,Transporte,Gasto de prueba 138
2026-05-19,139.38,Vivienda,Gasto de prueba 139
2026-05-20,140.39,Ocio,Gasto de prueba 140
2026-05-21,141.40,Supermercado,Gasto de prueba 141
2026-05-22,142.41,Restaurantes,Gasto de prueba 142
2026-05-23,143.42,Transporte,Gasto de prueba 143
2026-05-24,144.43,Vivienda,Gasto de prueba 144
2026-05-25,145.44,Ocio,Gasto de prueba 145
2026-05-26,146.45,Supermercado,Gasto de prueba 146
2026-05-27,147.46,Restaurantes,Gasto de prueba 147
2026-05-28,148.47,Transporte,Gasto de prueba 148
2026-05-29,149.48,Vivienda,Gasto de prueba 149
2026-05-30,150.49,Ocio,Gasto de prueba 150
2026-05-31,151.50,Supermercado,Gasto de prueba 151
2026-06-01,152.51,Restaurantes,Gasto de prueba 152
2026-06-02,153.52,Transporte,Gasto de prueba 153
2026-06-03,154.53,Vivienda,Gasto de prueba 154
2026-06-04,155.54,Ocio,Gasto de prueba 155
2026-06-05,156.55,Supermercado,Gasto de prueba 156
2026-06-06,157.56,Restaurantes,Gasto de prueba 157
2026-06-07,158.57,Transporte,Gasto de prueba 158
2026-06-08,159.58,Vivienda,Gasto de prueba 159
2026-06-09,160.59,Ocio,Gasto de prueba 160
2026-06-10,161.60,Supermercado,Gasto de prueba 161
2026-06-11,162.61,Restaurantes,Gasto de prueba 162
2026-06-12,163.62,Transporte,Gasto de prueba 163
2026-06-13,164.63,Vivienda,Gasto de prueba 164
2026-06-14,165.64,Ocio,Gasto de prueba 165
2026-06-15,166.65,Supermercado,Gasto de prueba 166
2026-06-16,167.66,Restaurantes,Gasto de prueba 167
2026-06-17,168.67,Transporte,Gasto de prueba 168
2026-06-18,169.68,Vivienda,Gasto de prueba 169
2026-06-19,170.69,Ocio,Gasto de prueba 170
2026-06-20,171.70,Supermercado,Gasto de prueba 171
2026-06-21,172.71,Restaurantes,Gasto de prueba 172
2026-06-22,173.72,Transporte,Gasto de prueba 173
2026-06-23,174.73,Vivienda,Gasto de prueba 174
2026-06-24,175.74,Ocio,Gasto de prueba 175
2026-06-25,176.75,Supermercado,Gasto de prueba 176
2026-06-26,177.76,Restaurantes,Gasto de prueba 177
2026-06-27,178.77,Transporte,Gasto de prueba 178
2026-06-28,179.78,Vivienda,Gasto de prueba 179
2026-06-29,180.79,Ocio,Gasto de prueba 180
2026-06-30,181.80,Supermercado,Gasto de prueba 181
2026-07-01,182.81,Restaurantes,Gasto de prueba 182
2026-07-02,183.82,Transporte,Gasto de prueba 183
2026-07-03,184.83,Vivienda,Gasto de prueba 184
2026-07-04,185.84,Ocio,Gasto de prueba 185
2026-07-05,186.85,Supermercado,Gasto de prueba 186
2026-07-06,187.86,Restaurantes,Gasto de prueba 187
2026-07-07,188.87,Transporte,Gasto de prueba 188
2026-07-08,189.88,Vivienda,Gasto de prueba 189
2026-07-09,190.89,Ocio,Gasto de prueba 190
2026-07-10,191.90,Supermercado,Gasto de prueba 191
2026-07-11,192.91,Restaurantes,Gasto de prueba 192
2026-07-12,193.92,Transporte,Gasto de prueba 193
2026-07-13,194.93,Vivienda,Gasto de prueba 194
2026-07-14,195.94,Ocio,Gasto de prueba 195
2026-07-15,196.95,Supermercado,Gasto de prueba 196
2026-07-16,197.96,Restaurantes,Gasto de prueba 197
2026-07-17,198.97,Transporte,Gasto de prueba 198
2026-07-18,199.98,Vivienda,Gasto de prueba 199
2026-07-19,200.99,Ocio,Gasto de prueba 200
2026-07-20,1.00,Supermercado,Gasto de prueba 201
2026-07-21,2.01,Restaurantes,Gasto de prueba 202
2026-07-22,3.02,Transporte,Gasto de prueba 203
2026-07-23,4.03,Vivienda,Gasto de prueba 204
2026-07-24,5.04,Ocio,Gasto de prueba 205
2026-07-25,6.05,Supermercado,Gasto de prueba 206
2026-07-26,7.06,Restaurantes,Gasto de prueba 207
2026-07-27,8.07,Transporte,Gasto de prueba 208
2026-07-28,9.08,Vivienda,Gasto de prueba 209
2026-07-29,10.09,Ocio,Gasto de prueba 210
2026-07-30,11.10,Supermercado,Gasto de prueba 211
2026-07-31,12.11,Restaurantes,Gasto de prueba 212
2026-08-01,13.12,Transporte,Gasto de prueba 213
2026-08-02,14.13,Vivienda,Gasto de prueba 214
2026-08-03,15.14,Ocio,Gasto de prueba 215
2026-08-04,16.15,Supermercado,Gasto de prueba 216
2026-08-05,17.16,Restaurantes,Gasto de prueba 217
2026-08-06,18.17,Transporte,Gasto de prueba 218
2026-08-07,19.18,Vivienda,Gasto de prueba 219
2026-08-08,20.19,Ocio,Gasto de prueba 220
2026-08-09,21.20,Supermercado,Gasto de prueba 221
2026-08-10,22.21,Restaurantes,Gasto de prueba 222
2026-08-11,23.22,Transporte,Gasto de prueba 223
2026-08-12,24.23,Vivienda,Gasto de prueba 224
2026-08-13,25.24,Ocio,Gasto de prueba 225
2026-08-14,26.25,Supermercado,Gasto de prueba 226
2026-08-15,27.26,Restaurantes,Gasto de prueba 227
2026-08-16,28.27,Transporte,Gasto de prueba 228
2026-08-17,29.28,Vivienda,Gasto de prueba 229
2026-08-18,30.29,Ocio,Gasto de prueba 230
2026-08-19,31.30,Supermercado,Gasto de prueba 231
2026-08-20,32.31,Restaurantes,Gasto de prueba 232
2026-08-21,33.32,Transporte,Gasto de prueba 233
2026-08-22,34.33,Vivienda,Gasto de prueba 234
2026-08-23,35.34,Ocio,Gasto de prueba 235
2026-08-24,36.35,Supermercado,Gasto de prueba 236
2026-08-25,37.36,Restaurantes,Gasto de prueba 237
2026-08-26,38.37,Transporte,Gasto de prueba 238
2026-08-27,39.38,Vivienda,Gasto de prueba 239
2026-08-28,40.39,Ocio,Gasto de prueba 240
2026-08-29,41.40,Supermercado,Gasto de prueba 241
2026-08-30,42.41,Restaurantes,Gasto de prueba 242
2026-08-31,43.42,Transporte,Gasto de prueba 243
2026-09-01,44.43,Vivienda,Gasto de prueba 244
2026-09-02,45.44,Ocio,Gasto de prueba 245
2026-09-03,46.45,Supermercado,Gasto de prueba 246
2026-09-04,47.46,Restaurantes,Gasto de prueba 247
2026-09-05,48.47,Transporte,Gasto de prueba 248
2026-09-06,49.48,Vivienda,Gasto de prueba 249
2026-09-07,50.49,Ocio,Gasto de prueba 250
2026-09-08,51.50,Supermercado,Gasto de prueba 251
2026-09-09,52.51,Restaurantes,Gasto de prueba 252
2026-09-10,53.52,Transporte,Gasto de prueba 253
2026-09-11,54.53,Vivienda,Gasto de prueba 254
2026-09-12,55.54,Ocio,Gasto de prueba 255
2026-09-13,56.55,Supermercado,Gasto de prueba 256
2026-09-14,57.56,Restaurantes,Gasto de prueba 257
2026-09-15,58.57,Transporte,Gasto de prueba 258
2026-09-16,59.58,Vivienda,Gasto de prueba 259
2026-09-17,60.59,Ocio,Gasto de prueba 260
2026-09-18,61.60,Supermercado,Gasto de prueba 261
2026-09-19,62.61,Restaurantes,Gasto de prueba 262
2026-09-20,63.62,Transporte,Gasto de prueba 263
2026-09-21,64.63,Vivienda,Gasto de prueba 264
2026-09-22,65.64,Ocio,Gasto de prueba 265
2026-09-23,66.65,Supermercado,Gasto de prueba 266
2026-09-24,67.66,Restaurantes,Gasto de prueba 267
2026-09-25,68.67,Transporte,Gasto de prueba 268
2026-09-26,69.68,Vivienda,Gasto de prueba 269
2026-09-27,70.69,Ocio,Gasto de prueba 270
2026-09-28,71.70,Supermercado,Gasto de prueba 271
2026-09-29,72.71,Restaurantes,Gasto de prueba 272
2026-09-30,73.72,Transporte,Gasto de prueba 273
2026-10-01,74.73,Vivienda,Gasto de prueba 274
2026-10-02,75.74,Ocio,Gasto de prueba 275
2026-10-03,76.75,Supermercado,Gasto de prueba 276
2026-10-04,77.76,Restaurantes,Gasto de prueba 277
2026-10-05,78.77,Transporte,Gasto de prueba 278
2026-10-06,79.78,Vivienda,Gasto de prueba 279
2026-10-07,80.79,Ocio,Gasto de prueba 280
2026-10-08,81.80,Supermercado,Gasto de prueba 281
2026-10-09,82.81,Restaurantes,Gasto de prueba 282
2026-10-10,83.82,Transporte,Gasto de prueba 283
2026-10-11,84.83,Vivienda,Gasto de prueba 284
2026-10-12,85.84,Ocio,Gasto de prueba 285
2026-10-13,86.85,Supermercado,Gasto de prueba 286
2026-10-14,87.86,Restaurantes,Gasto de prueba 287
2026-10-15,88.87,Transporte,Gasto de prueba 288
2026-10-16,89.88,Vivienda,Gasto de prueba 289
2026-10-17,90.89,Ocio,Gasto de prueba 290
2026-10-18,91.90,Supermercado,Gasto de prueba 291
2026-10-19,92.91,Restaurantes,Gasto de prueba 292
2026-10-20,93.92,Transporte,Gasto de prueba 293
2026-10-21,94.93,Vivienda,Gasto de prueba 294
2026-10-22,95.94,Ocio,Gasto de prueba 295
2026-10-23,96.95,Supermercado,Gasto de prueba 296
2026-10-24,97.96,Restaurantes,Gasto de prueba 297
2026-10-25,98.97,Transporte,Gasto de prueba 298
2026-10-26,99.98,Vivienda,Gasto de prueba 299
2026-10-27,100.99,Ocio,Gasto de prueba 300
2026-10-28,101.00,Supermercado,Gasto de prueba 301
2026-10-29,102.01,Restaurantes,Gasto de prueba 302
2026-10-30,103.02,Transporte,Gasto de prueba 303
2026-10-31,104.03,Vivienda,Gasto de prueba 304
2026-11-01,105.04,Ocio,Gasto de prueba 305
2026-11-02,106.05,Supermercado,Gasto de prueba 306
2026-11-03,107.06,Restaurantes,Gasto de prueba 307
2026-11-04,108.07,Transporte,Gasto de prueba 308
2026-11-05,109.08,Vivienda,Gasto de prueba 309
2026-11-06,110.09,Ocio,Gasto de prueba 310
2026-11-07,111.10,Supermercado,Gasto de prueba 311
2026-11-08,112.11,Restaurantes,Gasto de prueba 312
2026-11-09,113.12,Transporte,Gasto de prueba 313
2026-11-10,114.13,Vivienda,Gasto de prueba 314
2026-11-11,115.14,Ocio,Gasto de prueba 315
2026-11-12,116.15,Supermercado,Gasto de prueba 316
2026-11-13,117.16,Restaurantes,Gasto de prueba 317
2026-11-14,118.17,Transporte,Gasto de prueba 318
2026-11-15,119.18,Vivienda,Gasto de prueba 319
2026-11-16,120.19,Ocio,Gasto de prueba 320
2026-11-17,121.20,Supermercado,Gasto de prueba 321
2026-11-18,122.21,Restaurantes,Gasto de prueba 322
2026-11-19,123.22,Transporte,Gasto de prueba 323
2026-11-20,124.23,Vivienda,Gasto de prueba 324
2026-11-21,125.24,Ocio,Gasto de prueba 325
2026-11-22,126.25,Supermercado,Gasto de prueba 326
2026-11-23,127.26,Restaurantes,Gasto de prueba 327
2026-11-24,128.27,Transporte,Gasto de prueba 328
2026-11-25,129.28,Vivienda,Gasto de prueba 329
2026-11-26,130.29,Ocio,Gasto de prueba 330
2026-11-27,131.30,Supermercado,Gasto de prueba 331
2026-11-28,132.31,Restaurantes,Gasto de prueba 332
2026-11-29,133.32,Transporte,Gasto de prueba 333
2026-11-30,134.33,Vivienda,Gasto de prueba 334
2026-12-01,135.34,Ocio,Gasto de prueba 335
2026-12-02,136.35,Supermercado,Gasto de prueba 336
2026-12-03,137.36,Restaurantes,Gasto de prueba 337
2026-12-04,138.37,Transporte,Gasto de prueba 338
2026-12-05,139.38,Vivienda,Gasto de prueba 339
2026-12-06,140.39,Ocio,Gasto de prueba 340
2026-12-07,141.40,Supermercado,Gasto de prueba 341
2026-12-08,142.41,Restaurantes,Gasto de prueba 342
2026-12-09,143.42,Transporte,Gasto de prueba 343
2026-12-10,144.43,Vivienda,Gasto de prueba 344
2026-12-11,145.44,Ocio,Gasto de prueba 345
2026-12-12,146.45,Supermercado,Gasto de prueba 346
2026-12-13,147.46,Restaurantes,Gasto de prueba 347
2026-12-14,148.47,Transporte,Gasto de prueba 348
2026-12-15,149.48,Vivienda,Gasto de prueba 349
2026-12-16,150.49,Ocio,Gasto de prueba 350
2026-12-17,151.50,Supermercado,Gasto de prueba 351
2026-12-18,152.51,Restaurantes,Gasto de prueba 352
2026-12-19,153.52,Transporte,Gasto de prueba 353
2026-12-20,154.53,Vivienda,Gasto de prueba 354
2026-12-21,155.54,Ocio,Gasto de prueba 355
2026-12-22,156.55,Supermercado,Gasto de prueba 356
2026-12-23,157.56,Restaurantes,Gasto de prueba 357
2026-12-24,158.57,Transporte,Gasto de prueba 358
2026-12-25,159.58,Vivienda,Gasto de prueba 359
2026-12-26,160.59,Ocio,Gasto de prueba 360
2026-12-27,161.60,Supermercado,Gasto de prueba 361
2026-12-28,162.61,Restaurantes,Gasto de prueba 362
2026-12-29,163.62,Transporte,Gasto de prueba 363
2026-12-30,164.63,Vivienda,Gasto de prueba 364
2026-12-31,165.64,Ocio,Gasto de prueba 365
2026-01-01,166.65,Supermercado,Gasto de prueba 366
2026-01-02,167.66,Restaurantes,Gasto de prueba 367
2026-01-03,168.67,Transporte,Gasto de prueba 368
2026-01-04,169.68,Vivienda,Gasto de prueba 369
2026-01-05,170.69,Ocio,Gasto de prueba 370
2026-01-06,171.70,Supermercado,Gasto de prueba 371
2026-01-07,172.71,Restaurantes,Gasto de prueba 372
2026-01-08,173.72,Transporte,Gasto de prueba 373
2026-01-09,174.73,Vivienda,Gasto de prueba 374
2026-01-10,175.74,Ocio,Gasto de prueba 375
2026-01-11,176.75,Supermercado,Gasto de prueba 376
2026-01-12,177.76,Restaurantes,Gasto de prueba 377
2026-01-13,178.77,Transporte,Gasto de prueba 378
2026-01-14,179.78,Vivienda,Gasto de prueba 379
2026-01-15,180.79,Ocio,Gasto de prueba 380
2026-01-16,181.80,Supermercado,Gasto de prueba 381
2026-01-17,182.81,Restaurantes,Gasto de prueba 382
2026-01-18,183.82,Transporte,Gasto de prueba 383
2026-01-19,184.83,Vivienda,Gasto de prueba 384
2026-01-20,185.84,Ocio,Gasto de prueba 385
2026-01-21,186.85,Supermercado,Gasto de prueba 386
2026-01-22,187.86,Restaurantes,Gasto de prueba 387
2026-01-23,188.87,Transporte,Gasto de prueba 388
2026-01-24,189.88,Vivienda,Gasto de prueba 389
2026-01-25,190.89,Ocio,Gasto de prueba 390
2026-01-26,191.90,Supermercado,Gasto de prueba 391
2026-01-27,192.91,Restaurantes,Gasto de prueba 392
2026-01-28,193.92,Transporte,Gasto de prueba 393
2026-01-29,194.93,Vivienda,Gasto de prueba 394
2026-01-30,195.94,Ocio,Gasto de prueba 395
2026-01-31,196.95,Supermercado,Gasto de prueba 396
2026-02-01,197.96,Restaurantes,Gasto de prueba 397
2026-02-02,198.97,Transporte,Gasto de prueba 398
2026-02-03,199.98,Vivienda,Gasto de prueba 399
2026-02-04,200.99,Ocio,Gasto de prueba 400
2026-02-05,1.00,Supermercado,Gasto de prueba 401
2026-02-06,2.01,Restaurantes,Gasto de prueba 402
2026-02-07,3.02,Transporte,Gasto de prueba 403
2026-02-08,4.03,Vivienda,Gasto de prueba 404
2026-02-09,5.04,Ocio,Gasto de prueba 405
2026-02-10,6.05,Supermercado,Gasto de prueba 406
2026-02-11,7.06,Restaurantes,Gasto de prueba 407
2026-02-12,8.07,Transporte,Gasto de prueba 408
2026-02-13,9.08,Vivienda,Gasto de prueba 409
2026-02-14,10.09,Ocio,Gasto de prueba 410
2026-02-15,11.10,Supermercado,Gasto de prueba 411
2026-02-16,12.11,Restaurantes,Gasto de prueba 412
2026-02-17,13.12,Transporte,Gasto de prueba 413
2026-02-18,14.13,Vivienda,Gasto de prueba 414
2026-02-19,15.14,Ocio,Gasto de prueba 415
2026-02-20,16.15,Supermercado,Gasto de prueba 416
2026-02-21,17.16,Restaurantes,Gasto de prueba 417
2026-02-22,18.17,Transporte,Gasto de prueba 418
2026-02-23,19.18,Vivienda,Gasto de prueba 419
2026-02-24,20.19,Ocio,Gasto de prueba 420
2026-02-25,21.20,Supermercado,Gasto de prueba 421
2026-02-26,22.21,Restaurantes,Gasto de prueba 422
2026-02-27,23.22,Transporte,Gasto de prueba 423
2026-02-28,24.23,Vivienda,Gasto de prueba 424
2026-03-01,25.24,Ocio,Gasto de prueba 425
2026-03-02,26.25,Supermercado,Gasto de prueba 426
2026-03-03,27.26,Restaurantes,Gasto de prueba 427
2026-03-04,28.27,Transporte,Gasto de prueba 428
2026-03-05,29.28,Vivienda,Gasto de prueba 429
2026-03-06,30.29,Ocio,Gasto de prueba 430
2026-03-07,31.30,Supermercado,Gasto de prueba 431
2026-03-08,32.31,Restaurantes,Gasto de prueba 432
2026-03-09,33.32,Transporte,Gasto de prueba 433
2026-03-10,34.33,Vivienda,Gasto de prueba 434
2026-03-11,35.34,Ocio,Gasto de prueba 435
2026-03-12,36.35,Supermercado,Gasto de prueba 436
2026-03-13,37.36,Restaurantes,Gasto de prueba 437
2026-03-14,38.37,Transporte,Gasto de prueba 438
2026-03-15,39.38,Vivienda,Gasto de prueba 439
2026-03-16,40.39,Ocio,Gasto de prueba 440
2026-03-17,41.40,Supermercado,Gasto de prueba 441
2026-03-18,42.41,Restaurantes,Gasto de prueba 442
2026-03-19,43.42,Transporte,Gasto de prueba 443
2026-03-20,44.43,Vivienda,Gasto de prueba 444
2026-03-21,45.44,Ocio,Gasto de prueba 445
2026-03-22,46.45,Supermercado,Gasto de prueba 446
2026-03-23,47.46,Restaurantes,Gasto de prueba 447
2026-03-24,48.47,Transporte,Gasto de prueba 448
2026-03-25,49.48,Vivienda,Gasto de prueba 449
2026-03-26,50.49,Ocio,Gasto de prueba 450
2026-03-27,51.50,Supermercado,Gasto de prueba 451
2026-03-28,52.51,Restaurantes,Gasto de prueba 452
2026-03-29,53.52,Transporte,Gasto de prueba 453
2026-03-30,54.53,Vivienda,Gasto de prueba 454
2026-03-31,55.54,Ocio,Gasto de prueba 455
2026-04-01,56.55,Supermercado,Gasto de prueba 456
2026-04-02,57.56,Restaurantes,Gasto de prueba 457
2026-04-03,58.57,Transporte,Gasto de prueba 458
2026-04-04,59.58,Vivienda,Gasto de prueba 459
2026-04-05,60.59,Ocio,Gasto de prueba 460
2026-04-06,61.60,Supermercado,Gasto de prueba 461
2026-04-07,62.61,Restaurantes,Gasto de prueba 462
2026-04-08,63.62,Transporte,Gasto de prueba 463
2026-04-09,64.63,Vivienda,Gasto de prueba 464
2026-04-10,65.64,Ocio,Gasto de prueba 465
2026-04-11,66.65,Supermercado,Gasto de prueba 466
2026-04-12,67.66,Restaurantes,Gasto de prueba 467
2026-04-13,68.67,Transporte,Gasto de prueba 468
2026-04-14,69.68,Vivienda,Gasto de prueba 469
2026-04-15,70.69,Ocio,Gasto de prueba 470
2026-04-16,71.70,Supermercado,Gasto de prueba 471
2026-04-17,72.71,Restaurantes,Gasto de prueba 472
2026-04-18,73.72,Transporte,Gasto de prueba 473
2026-04-19,74.73,Vivienda,Gasto de prueba 474
2026-04-20,75.74,Ocio,Gasto de prueba 475
2026-04-21,76.75,Supermercado,Gasto de prueba 476
2026-04-22,77.76,Restaurantes,Gasto de prueba 477
2026-04-23,78.77,Transporte,Gasto de prueba 478
2026-04-24,79.78,Vivienda,Gasto de prueba 479
2026-04-25,80.79,Ocio,Gasto de prueba 480
2026-04-26,81.80,Supermercado,Gasto de prueba 481
2026-04-27,82.81,Restaurantes,Gasto de prueba 482
2026-04-28,83.82,Transporte,Gasto de prueba 483
2026-04-29,84.83,Vivienda,Gasto de prueba 484
2026-04-30,85.84,Ocio,Gasto de prueba 485
2026-05-01,86.85,Supermercado,Gasto de prueba 486
2026-05-02,87.86,Restaurantes,Gasto de prueba 487
2026-05-03,88.87,Transporte,Gasto de prueba 488
2026-05-04,89.88,Vivienda,Gasto de prueba 489
2026-05-05,90.89,Ocio,Gasto de prueba 490
2026-05-06,91.90,Supermercado,Gasto de prueba 491
2026-05-07,92.91,Restaurantes,Gasto de prueba 492
2026-05-08,93.92,Transporte,Gasto de prueba 493
2026-05-09,94.93,Vivienda,Gasto de prueba 494
2026-05-10,95.94,Ocio,Gasto de prueba 495
2026-05-11,96.95,Supermercado,Gasto de prueba 496
2026-05-12,97.96,Restaurantes,Gasto de prueba 497
2026-05-13,98.97,Transporte,Gasto de prueba 498
2026-05-14,99.98,Vivienda,Gasto de prueba 499
2026-05-15,100.99,Ocio,Gasto de prueba 500
2026-05-16,101.00,Supermercado,Gasto de prueba 501
2026-05-17,102.01,Restaurantes,Gasto de prueba 502
2026-05-18,103.02,Transporte,Gasto de prueba 503
2026-05-19,104.03,Vivienda,Gasto de prueba 504
2026-05-20,105.04,Ocio,Gasto de prueba 505
2026-05-21,106.05,Supermercado,Gasto de prueba 506
2026-05-22,107.06,Restaurantes,Gasto de prueba 507
2026-05-23,108.07,Transporte,Gasto de prueba 508
2026-05-24,109.08,Vivienda,Gasto de prueba 509
2026-05-25,110.09,Ocio,Gasto de prueba 510
2026-05-26,111.10,Supermercado,Gasto de prueba 511
2026-05-27,112.11,Restaurantes,Gasto de prueba 512
2026-05-28,113.12,Transporte,Gasto de prueba 513
2026-05-29,114.13,Vivienda,Gasto de prueba 514
2026-05-30,115.14,Ocio,Gasto de prueba 515
2026-05-31,116.15,Supermercado,Gasto de prueba 516
2026-06-01,117.16,Restaurantes,Gasto de prueba 517
2026-06-02,118.17,Transporte,Gasto de prueba 518
2026-06-03,119.18,Vivienda,Gasto de prueba 519
2026-06-04,120.19,Ocio,Gasto de prueba 520
2026-06-05,121.20,Supermercado,Gasto de prueba 521
2026-06-06,122.21,Restaurantes,Gasto de prueba 522
2026-06-07,123.22,Transporte,Gasto de prueba 523
2026-06-08,124.23,Vivienda,Gasto de prueba 524
2026-06-09,125.24,Ocio,Gasto de prueba 525
2026-06-10,126.25,Supermercado,Gasto de prueba 526
2026-06-11,127.26,Restaurantes,Gasto de prueba 527
2026-06-12,128.27,Transporte,Gasto de prueba 528
2026-06-13,129.28,Vivienda,Gasto de prueba 529
2026-06-14,130.29,Ocio,Gasto de prueba 530
2026-06-15,131.30,Supermercado,Gasto de prueba 531
2026-06-16,132.31,Restaurantes,Gasto de prueba 532
2026-06-17,133.32,Transporte,Gasto de prueba 533
2026-06-18,134.33,Vivienda,Gasto de prueba 534
2026-06-19,135.34,Ocio,Gasto de prueba 535
2026-06-20,136.35,Supermercado,Gasto de prueba 536
2026-06-21,137.36,Restaurantes,Gasto de prueba 537
2026-06-22,138.37,Transporte,Gasto de prueba 538
2026-06-23,139.38,Vivienda,Gasto de prueba 539
2026-06-24,140.39,Ocio,Gasto de prueba 540
2026-06-25,141.40,Supermercado,Gasto de prueba 541
2026-06-26,142.41,Restaurantes,Gasto de prueba 542
2026-06-27,143.42,Transporte,Gasto de prueba 543
2026-06-28,144.43,Vivienda,Gasto de prueba 544
2026-06-29,145.44,Ocio,Gasto de prueba 545
2026-06-30,146.45,Supermercado,Gasto de prueba 546
2026-07-01,147.46,Restaurantes,Gasto de prueba 547
2026-07-02,148.47,Transporte,Gasto de prueba 548
2026-07-03,149.48,Vivienda,Gasto de prueba 549
2026-07-04,150.49,Ocio,Gasto de prueba 550
2026-07-05,151.50,Supermercado,Gasto de prueba 551
2026-07-06,152.51,Restaurantes,Gasto de prueba 552
2026-07-07,153.52,Transporte,Gasto de prueba 553
2026-07-08,154.53,Vivienda,Gasto de prueba 554
2026-07-09,155.54,Ocio,Gasto de prueba 555
2026-07-10,156.55,Supermercado,Gasto de prueba 556
2026-07-11,157.56,Restaurantes,Gasto de prueba 557
2026-07-12,158.57,Transporte,Gasto de prueba 558
2026-07-13,159.58,Vivienda,Gasto de prueba 559
2026-07-14,160.59,Ocio,Gasto de prueba 560
2026-07-15,161.60,Supermercado,Gasto de prueba 561
2026-07-16,162.61,Restaurantes,Gasto de prueba 562
2026-07-17,163.62,Transporte,Gasto de prueba 563
2026-07-18,164.63,Vivienda,Gasto de prueba 564
2026-07-19,165.64,Ocio,Gasto de prueba 565
2026-07-20,166.65,Supermercado,Gasto de prueba 566
2026-07-21,167.66,Restaurantes,Gasto de prueba 567
2026-07-22,168.67,Transporte,Gasto de prueba 568
2026-07-23,169.68,Vivienda,Gasto de prueba 569
2026-07-24,170.69,Ocio,Gasto de prueba 570
2026-07-25,171.70,Supermercado,Gasto de prueba 571
2026-07-26,172.71,Restaurantes,Gasto de prueba 572
2026-07-27,173.72,Transporte,Gasto de prueba 573
2026-07-28,174.73,Vivienda,Gasto de prueba 574
2026-07-29,175.74,Ocio,Gasto de prueba 575
2026-07-30,176.75,Supermercado,Gasto de prueba 576
2026-07-31,177.76,Restaurantes,Gasto de prueba 577
2026-08-01,178.77,Transporte,Gasto de prueba 578
2026-08-02,179.78,Vivienda,Gasto de prueba 579
2026-08-03,180.79,Ocio,Gasto de prueba 580
2026-08-04,181.80,Supermercado,Gasto de prueba 581
2026-08-05,182.81,Restaurantes,Gasto de prueba 582
2026-08-06,183.82,Transporte,Gasto de prueba 583
2026-08-07,184.83,Vivienda,Gasto de prueba 584
2026-08-08,185.84,Ocio,Gasto de prueba 585
2026-08-09,186.85,Supermercado,Gasto de prueba 586
2026-08-10,187.86,Restaurantes,Gasto de prueba 587
2026-08-11,188.87,Transporte,Gasto de prueba 588
2026-08-12,189.88,Vivienda,Gasto de prueba 589
2026-08-13,190.89,Ocio,Gasto de prueba 590
2026-08-14,191.90,Supermercado,Gasto de prueba 591
2026-08-15,192.91,Restaurantes,Gasto de prueba 592
2026-08-16,193.92,Transporte,Gasto de prueba 593
2026-08-17,194.93,Vivienda,Gasto de prueba 594
2026-08-18,195.94,Ocio,Gasto de prueba 595
2026-08-19,196.95,Supermercado,Gasto de prueba 596
2026-08-20,197.96,Restaurantes,Gasto de prueba 597
2026-08-21,198.97,Transporte,Gasto de prueba 598
2026-08-22,199.98,Vivienda,Gasto de prueba 599
2026-08-23,200.99,Ocio,Gasto de prueba 600
2026-08-24,1.00,Supermercado,Gasto de prueba 601
2026-08-25,2.01,Restaurantes,Gasto de prueba 602
2026-08-26,3.02,Transporte,Gasto de prueba 603
2026-08-27,4.03,Vivienda,Gasto de prueba 604
2026-08-28,5.04,Ocio,Gasto de prueba 605
2026-08-29,6.05,Supermercado,Gasto de prueba 606
2026-08-30,7.06,Restaurantes,Gasto de prueba 607
2026-08-31,8.07,Transporte,Gasto de prueba 608
2026-09-01,9.08,Vivienda,Gasto de prueba 609
2026-09-02,10.09,Ocio,Gasto de prueba 610
2026-09-03,11.10,Supermercado,Gasto de prueba 611
2026-09-04,12.11,Restaurantes,Gasto de prueba 612
2026-09-05,13.12,Transporte,Gasto de prueba 613
2026-09-06,14.13,Vivienda,Gasto de prueba 614
2026-09-07,15.14,Ocio,Gasto de prueba 615
2026-09-08,16.15,Supermercado,Gasto de prueba 616
2026-09-09,17.16,Restaurantes,Gasto de prueba 617
2026-09-10,18.17,Transporte,Gasto de prueba 618
2026-09-11,19.18,Vivienda,Gasto de prueba 619
2026-09-12,20.19,Ocio,Gasto de prueba 620
2026-09-13,21.20,Supermercado,Gasto de prueba 621
2026-09-14,22.21,Restaurantes,Gasto de prueba 622
2026-09-15,23.22,Transporte,Gasto de prueba 623
2026-09-16,24.23,Vivienda,Gasto de prueba 624
2026-09-17,25.24,Ocio,Gasto de prueba 625
2026-09-18,26.25,Supermercado,Gasto de prueba 626
2026-09-19,27.26,Restaurantes,Gasto de prueba 627
2026-09-20,28.27,Transporte,Gasto de prueba 628
2026-09-21,29.28,Vivienda,Gasto de prueba 629
2026-09-22,30.29,Ocio,Gasto de prueba 630
2026-09-23,31.30,Supermercado,Gasto de prueba 631
2026-09-24,32.31,Restaurantes,Gasto de prueba 632
2026-09-25,33.32,Transporte,Gasto de prueba 633
2026-09-26,34.33,Vivienda,Gasto de prueba 634
2026-09-27,35.34,Ocio,Gasto de prueba 635
2026-09-28,36.35,Supermercado,Gasto de prueba 636
2026-09-29,37.36,Restaurantes,Gasto de prueba 637
2026-09-30,38.37,Transporte,Gasto de prueba 638
2026-10-01,39.38,Vivienda,Gasto de prueba 639
2026-10-02,40.39,Ocio,Gasto de prueba 640
2026-10-03,41.40,Supermercado,Gasto de prueba 641
2026-10-04,42.41,Restaurantes,Gasto de prueba 642
2026-10-05,43.42,Transporte,Gasto de prueba 643
2026-10-06,44.43,Vivienda,Gasto de prueba 644
2026-10-07,45.44,Ocio,Gasto de prueba 645
2026-10-08,46.45,Supermercado,Gasto de prueba 646
2026-10-09,47.46,Restaurantes,Gasto de prueba 647
2026-10-10,48.47,Transporte,Gasto de prueba 648
2026-10-11,49.48,Vivienda,Gasto de prueba 649
2026-10-12,50.49,Ocio,Gasto de prueba 650
2026-10-13,51.50,Supermercado,Gasto de prueba 651
2026-10-14,52.51,Restaurantes,Gasto de prueba 652
2026-10-15,53.52,Transporte,Gasto de prueba 653
2026-10-16,54.53,Vivienda,Gasto de prueba 654
2026-10-17,55.54,Ocio,Gasto de prueba 655
2026-10-18,56.55,Supermercado,Gasto de prueba 656
2026-10-19,57.56,Restaurantes,Gasto de prueba 657
2026-10-20,58.57,Transporte,Gasto de prueba 658
2026-10-21,59.58,Vivienda,Gasto de prueba 659
2026-10-22,60.59,Ocio,Gasto de prueba 660
2026-10-23,61.60,Supermercado,Gasto de prueba 661
2026-10-24,62.61,Restaurantes,Gasto de prueba 662
2026-10-25,63.62,Transporte,Gasto de prueba 663
2026-10-26,64.63,Vivienda,Gasto de prueba 664
2026-10-27,65.64,Ocio,Gasto de prueba 665
2026-10-28,66.65,Supermercado,Gasto de prueba 666
2026-10-29,67.66,Restaurantes,Gasto de prueba 667
2026-10-30,68.67,Transporte,Gasto de prueba 668
2026-10-31,69.68,Vivienda,Gasto de prueba 669
2026-11-01,70.69,Ocio,Gasto de prueba 670
2026-11-02,71.70,Supermercado,Gasto de prueba 671
2026-11-03,72.71,Restaurantes,Gasto de prueba 672
2026-11-04,73.72,Transporte,Gasto de prueba 673
2026-11-05,74.73,Vivienda,Gasto de prueba 674
2026-11-06,75.74,Ocio,Gasto de prueba 675
2026-11-07,76.75,Supermercado,Gasto de prueba 676
2026-11-08,77.76,Restaurantes,Gasto de prueba 677
2026-11-09,78.77,Transporte,Gasto de prueba 678
2026-11-10,79.78,Vivienda,Gasto de prueba 679
2026-11-11,80.79,Ocio,Gasto de prueba 680
2026-11-12,81.80,Supermercado,Gasto de prueba 681
2026-11-13,82.81,Restaurantes,Gasto de prueba 682
2026-11-14,83.82,Transporte,Gasto de prueba 683
2026-11-15,84.83,Vivienda,Gasto de prueba 684
2026-11-16,85.84,Ocio,Gasto de prueba 685
2026-11-17,86.85,Supermercado,Gasto de prueba 686
2026-11-18,87.86,Restaurantes,Gasto de prueba 687
2026-11-19,88.87,Transporte,Gasto de prueba 688
2026-11-20,89.88,Vivienda,Gasto de prueba 689
2026-11-21,90.89,Ocio,Gasto de prueba 690
2026-11-22,91.90,Supermercado,Gasto de prueba 691
2026-11-23,92.91,Restaurantes,Gasto de prueba 692
2026-11-24,93.92,Transporte,Gasto de prueba 693
2026-11-25,94.93,Vivienda,Gasto de prueba 694
2026-11-26,95.94,Ocio,Gasto de prueba 695
2026-11-27,96.95,Supermercado,Gasto de prueba 696
2026-11-28,97.96,Restaurantes,Gasto de prueba 697
2026-11-29,98.97,Transporte,Gasto de prueba 698
2026-11-30,99.98,Vivienda,Gasto de prueba 699
2026-12-01,100.99,Ocio,Gasto de prueba 700
2026-12-02,101.00,Supermercado,Gasto de prueba 701
2026-12-03,102.01,Restaurantes,Gasto de prueba 702
2026-12-04,103.02,Transporte,Gasto de prueba 703
2026-12-05,104.03,Vivienda,Gasto de prueba 704
2026-12-06,105.04,Ocio,Gasto de prueba 705
2026-12-07,106.05,Supermercado,Gasto de prueba 706
2026-12-08,107.06,Restaurantes,Gasto de prueba 707
2026-12-09,108.07,Transporte,Gasto de prueba 708
2026-12-10,109.08,Vivienda,Gasto de prueba 709
2026-12-11,110.09,Ocio,Gasto de prueba 710
2026-12-12,111.10,Supermercado,Gasto de prueba 711
2026-12-13,112.11,Restaurantes,Gasto de prueba 712
2026-12-14,113.12,Transporte,Gasto de prueba 713
2026-12-15,114.13,Vivienda,Gasto de prueba 714
2026-12-16,115.14,Ocio,Gasto de prueba 715
2026-12-17,116.15,Supermercado,Gasto de prueba 716
2026-12-18,117.16,Restaurantes,Gasto de prueba 717
2026-12-19,118.17,Transporte,Gasto de prueba 718
2026-12-20,119.18,Vivienda,Gasto de prueba 719
2026-12-21,120.19,Ocio,Gasto de prueba 720
2026-12-22,121.20,Supermercado,Gasto de prueba 721
2026-12-23,122.21,Restaurantes,Gasto de prueba 722
2026-12-24,123.22,Transporte,Gasto de prueba 723
2026-12-25,124.23,Vivienda,Gasto de prueba 724
2026-12-26,125.24,Ocio,Gasto de prueba 725
2026-12-27,126.25,Supermercado,Gasto de prueba 726
2026-12-28,127.26,Restaurantes,Gasto de prueba 727
2026-12-29,128.27,Transporte,Gasto de prueba 728
2026-12-30,129.28,Vivienda,Gasto de prueba 729
2026-12-31,130.29,Ocio,Gasto de prueba 730
2026-01-01,131.30,Supermercado,Gasto de prueba 731
2026-01-02,132.31,Restaurantes,Gasto de prueba 732
2026-01-03,133.32,Transporte,Gasto de prueba 733
2026-01-04,134.33,Vivienda,Gasto de prueba 734
2026-01-05,135.34,Ocio,Gasto de prueba 735
2026-01-06,136.35,Supermercado,Gasto de prueba 736
2026-01-07,137.36,Restaurantes,Gasto de prueba 737
2026-01-08,138.37,Transporte,Gasto de prueba 738
2026-01-09,139.38,Vivienda,Gasto de prueba 739
2026-01-10,140.39,Ocio,Gasto de prueba 740
2026-01-11,141.40,Supermercado,Gasto de prueba 741
2026-01-12,142.41,Restaurantes,Gasto de prueba 742
2026-01-13,143.42,Transporte,Gasto de prueba 743
2026-01-14,144.43,Vivienda,Gasto de prueba 744
2026-01-15,145.44,Ocio,Gasto de prueba 745
2026-01-16,146.45,Supermercado,Gasto de prueba 746
2026-01-17,147.46,Restaurantes,Gasto de prueba 747
2026-01-18,148.47,Transporte,Gasto de prueba 748
2026-01-19,149.48,Vivienda,Gasto de prueba 749
2026-01-20,150.49,Ocio,Gasto de prueba 750
2026-01-21,151.50,Supermercado,Gasto de prueba 751
2026-01-22,152.51,Restaurantes,Gasto de prueba 752
2026-01-23,153.52,Transporte,Gasto de prueba 753
2026-01-24,154.53,Vivienda,Gasto de prueba 754
2026-01-25,155.54,Ocio,Gasto de prueba 755
2026-01-26,156.55,Supermercado,Gasto de prueba 756
2026-01-27,157.56,Restaurantes,Gasto de prueba 757
2026-01-28,158.57,Transporte,Gasto de prueba 758
2026-01-29,159.58,Vivienda,Gasto de prueba 759
2026-01-30,160.59,Ocio,Gasto de prueba 760
2026-01-31,161.60,Supermercado,Gasto de prueba 761
2026-02-01,162.61,Restaurantes,Gasto de prueba 762
2026-02-02,163.62,Transporte,Gasto de prueba 763
2026-02-03,164.63,Vivienda,Gasto de prueba 764
2026-02-04,165.64,Ocio,Gasto de prueba 765
2026-02-05,166.65,Supermercado,Gasto de prueba 766
2026-02-06,167.66,Restaurantes,Gasto de prueba 767
2026-02-07,168.67,Transporte,Gasto de prueba 768
2026-02-08,169.68,Vivienda,Gasto de prueba 769
2026-02-09,170.69,Ocio,Gasto de prueba 770
2026-02-10,171.70,Supermercado,Gasto de prueba 771
2026-02-11,172.71,Restaurantes,Gasto de prueba 772
2026-02-12,173.72,Transporte,Gasto de prueba 773
2026-02-13,174.73,Vivienda,Gasto de prueba 774
2026-02-14,175.74,Ocio,Gasto de prueba 775
2026-02-15,176.75,Supermercado,Gasto de prueba 776
2026-02-16,177.76,Restaurantes,Gasto de prueba 777
2026-02-17,178.77,Transporte,Gasto de prueba 778
2026-02-18,179.78,Vivienda,Gasto de prueba 779
2026-02-19,180.79,Ocio,Gasto de prueba 780
2026-02-20,181.80,Supermercado,Gasto de prueba 781
2026-02-21,182.81,Restaurantes,Gasto de prueba 782
2026-02-22,183.82,Transporte,Gasto de prueba 783
2026-02-23,184.83,Vivienda,Gasto de prueba 784
2026-02-24,185.84,Ocio,Gasto de prueba 785
2026-02-25,186.85,Supermercado,Gasto de prueba 786
2026-02-26,187.86,Restaurantes,Gasto de prueba 787
2026-02-27,188.87,Transporte,Gasto de prueba 788
2026-02-28,189.88,Vivienda,Gasto de prueba 789
2026-03-01,190.89,Ocio,Gasto de prueba 790
2026-03-02,191.90,Supermercado,Gasto de prueba 791
2026-03-03,192.91,Restaurantes,Gasto de prueba 792
2026-03-04,193.92,Transporte,Gasto de prueba 793
2026-03-05,194.93,Vivienda,Gasto de prueba 794
2026-03-06,195.94,Ocio,Gasto de prueba 795
2026-03-07,196.95,Supermercado,Gasto de prueba 796
2026-03-08,197.96,Restaurantes,Gasto de prueba 797
2026-03-09,198.97,Transporte,Gasto de prueba 798
2026-03-10,199.98,Vivienda,Gasto de prueba 799
2026-03-11,200.99,Ocio,Gasto de prueba 800
2026-03-12,1.00,Supermercado,Gasto de prueba 801
2026-03-13,2.01,Restaurantes,Gasto de prueba 802
2026-03-14,3.02,Transporte,Gasto de prueba 803
2026-03-15,4.03,Vivienda,Gasto de prueba 804
2026-03-16,5.04,Ocio,Gasto de prueba 805
2026-03-17,6.05,Supermercado,Gasto de prueba 806
2026-03-18,7.06,Restaurantes,Gasto de prueba 807
2026-03-19,8.07,Transporte,Gasto de prueba 808
2026-03-20,9.08,Vivienda,Gasto de prueba 809
2026-03-21,10.09,Ocio,Gasto de prueba 810
2026-03-22,11.10,Supermercado,Gasto de prueba 811
2026-03-23,12.11,Restaurantes,Gasto de prueba 812
2026-03-24,13.12,Transporte,Gasto de prueba 813
2026-03-25,14.13,Vivienda,Gasto de prueba 814
2026-03-26,15.14,Ocio,Gasto de prueba 815
2026-03-27,16.15,Supermercado,Gasto de prueba 816
2026-03-28,17.16,Restaurantes,Gasto de prueba 817
2026-03-29,18.17,Transporte,Gasto de prueba 818
2026-03-30,19.18,Vivienda,Gasto de prueba 819
2026-03-31,20.19,Ocio,Gasto de prueba 820
2026-04-01,21.20,Supermercado,Gasto de prueba 821
2026-04-02,22.21,Restaurantes,Gasto de prueba 822
2026-04-03,23.22,Transporte,Gasto de prueba 823
2026-04-04,24.23,Vivienda,Gasto de prueba 824
2026-04-05,25.24,Ocio,Gasto de prueba 825
2026-04-06,26.25,Supermercado,Gasto de prueba 826
2026-04-07,27.26,Restaurantes,Gasto de prueba 827
2026-04-08,28.27,Transporte,Gasto de prueba 828
2026-04-09,29.28,Vivienda,Gasto de prueba 829
2026-04-10,30.29,Ocio,Gasto de prueba 830
2026-04-11,31.30,Supermercado,Gasto de prueba 831
2026-04-12,32.31,Restaurantes,Gasto de prueba 832
2026-04-13,33.32,Transporte,Gasto de prueba 833
2026-04-14,34.33,Vivienda,Gasto de prueba 834
2026-04-15,35.34,Ocio,Gasto de prueba 835
2026-04-16,36.35,Supermercado,Gasto de prueba 836
2026-04-17,37.36,Restaurantes,Gasto de prueba 837
2026-04-18,38.37,Transporte,Gasto de prueba 838
2026-04-19,39.38,Vivienda,Gasto de prueba 839
2026-04-20,40.39,Ocio,Gasto de prueba 840
2026-04-21,41.40,Supermercado,Gasto de prueba 841
2026-04-22,42.41,Restaurantes,Gasto de prueba 842
2026-04-23,43.42,Transporte,Gasto de prueba 843
2026-04-24,44.43,Vivienda,Gasto de prueba 844
2026-04-25,45.44,Ocio,Gasto de prueba 845
2026-04-26,46.45,Supermercado,Gasto de prueba 846
2026-04-27,47.46,Restaurantes,Gasto de prueba 847
2026-04-28,48.47,Transporte,Gasto de prueba 848
2026-04-29,49.48,Vivienda,Gasto de prueba 849
2026-04-30,50.49,Ocio,Gasto de prueba 850
2026-05-01,51.50,Supermercado,Gasto de prueba 851
2026-05-02,52.51,Restaurantes,Gasto de prueba 852
2026-05-03,53.52,Transporte,Gasto de prueba 853
2026-05-04,54.53,Vivienda,Gasto de prueba 854
2026-05-05,55.54,Ocio,Gasto de prueba 855
2026-05-06,56.55,Supermercado,Gasto de prueba 856
2026-05-07,57.56,Restaurantes,Gasto de prueba 857
2026-05-08,58.57,Transporte,Gasto de prueba 858
2026-05-09,59.58,Vivienda,Gasto de prueba 859
2026-05-10,60.59,Ocio,Gasto de prueba 860
2026-05-11,61.60,Supermercado,Gasto de prueba 861
2026-05-12,62.61,Restaurantes,Gasto de prueba 862
2026-05-13,63.62,Transporte,Gasto de prueba 863
2026-05-14,64.63,Vivienda,Gasto de prueba 864
2026-05-15,65.64,Ocio,Gasto de prueba 865
2026-05-16,66.65,Supermercado,Gasto de prueba 866
2026-05-17,67.66,Restaurantes,Gasto de prueba 867
2026-05-18,68.67,Transporte,Gasto de prueba 868
2026-05-19,69.68,Vivienda,Gasto de prueba 869
2026-05-20,70.69,Ocio,Gasto de prueba 870
2026-05-21,71.70,Supermercado,Gasto de prueba 871
2026-05-22,72.71,Restaurantes,Gasto de prueba 872
2026-05-23,73.72,Transporte,Gasto de prueba 873
2026-05-24,74.73,Vivienda,Gasto de prueba 874
2026-05-25,75.74,Ocio,Gasto de prueba 875
2026-05-26,76.75,Supermercado,Gasto de prueba 876
2026-05-27,77.76,Restaurantes,Gasto de prueba 877
2026-05-28,78.77,Transporte,Gasto de prueba 878
2026-05-29,79.78,Vivienda,Gasto de prueba 879
2026-05-30,80.79,Ocio,Gasto de prueba 880
2026-05-31,81.80,Supermercado,Gasto de prueba 881
2026-06-01,82.81,Restaurantes,Gasto de prueba 882
2026-06-02,83.82,Transporte,Gasto de prueba 883
2026-06-03,84.83,Vivienda,Gasto de prueba 884
2026-06-04,85.84,Ocio,Gasto de prueba 885
2026-06-05,86.85,Supermercado,Gasto de prueba 886
2026-06-06,87.86,Restaurantes,Gasto de prueba 887
2026-06-07,88.87,Transporte,Gasto de prueba 888
2026-06-08,89.88,Vivienda,Gasto de prueba 889
2026-06-09,90.89,Ocio,Gasto de prueba 890
2026-06-10,91.90,Supermercado,Gasto de prueba 891
2026-06-11,92.91,Restaurantes,Gasto de prueba 892
2026-06-12,93.92,Transporte,Gasto de prueba 893
2026-06-13,94.93,Vivienda,Gasto de prueba 894
2026-06-14,95.94,Ocio,Gasto de prueba 895
2026-06-15,96.95,Supermercado,Gasto de prueba 896
2026-06-16,97.96,Restaurantes,Gasto de prueba 897
2026-06-17,98.97,Transporte,Gasto de prueba 898
2026-06-18,99.98,Vivienda,Gasto de prueba 899
2026-06-19,100.99,Ocio,Gasto de prueba 900
2026-06-20,101.00,Supermercado,Gasto de prueba 901
2026-06-21,102.01,Restaurantes,Gasto de prueba 902
2026-06-22,103.02,Transporte,Gasto de prueba 903
2026-06-23,104.03,Vivienda,Gasto de prueba 904
2026-06-24,105.04,Ocio,Gasto de prueba 905
2026-06-25,106.05,Supermercado,Gasto de prueba 906
2026-06-26,107.06,Restaurantes,Gasto de prueba 907
2026-06-27,108.07,Transporte,Gasto de prueba 908
2026-06-28,109.08,Vivienda,Gasto de prueba 909
2026-06-29,110.09,Ocio,Gasto de prueba 910
2026-06-30,111.10,Supermercado,Gasto de prueba 911
2026-07-01,112.11,Restaurantes,Gasto de prueba 912
2026-07-02,113.12,Transporte,Gasto de prueba 913
2026-07-03,114.13,Vivienda,Gasto de prueba 914
2026-07-04,115.14,Ocio,Gasto de prueba 915
2026-07-05,116.15,Supermercado,Gasto de prueba 916
2026-07-06,117.16,Restaurantes,Gasto de prueba 917
2026-07-07,118.17,Transporte,Gasto de prueba 918
2026-07-08,119.18,Vivienda,Gasto de prueba 919
2026-07-09,120.19,Ocio,Gasto de prueba 920
2026-07-10,121.20,Supermercado,Gasto de prueba 921
2026-07-11,122.21,Restaurantes,Gasto de prueba 922
2026-07-12,123.22,Transporte,Gasto de prueba 923
2026-07-13,124.23,Vivienda,Gasto de prueba 924
2026-07-14,125.24,Ocio,Gasto de prueba 925
2026-07-15,126.25,Supermercado,Gasto de prueba 926
2026-07-16,127.26,Restaurantes,Gasto de prueba 927
2026-07-17,128.27,Transporte,Gasto de prueba 928
2026-07-18,129.28,Vivienda,Gasto de prueba 929
2026-07-19,130.29,Ocio,Gasto de prueba 930
2026-07-20,131.30,Supermercado,Gasto de prueba 931
2026-07-21,132.31,Restaurantes,Gasto de prueba 932
2026-07-22,133.32,Transporte,Gasto de prueba 933
2026-07-23,134.33,Vivienda,Gasto de prueba 934
2026-07-24,135.34,Ocio,Gasto de prueba 935
2026-07-25,136.35,Supermercado,Gasto de prueba 936
2026-07-26,137.36,Restaurantes,Gasto de prueba 937
2026-07-27,138.37,Transporte,Gasto de prueba 938
2026-07-28,139.38,Vivienda,Gasto de prueba 939
2026-07-29,140.39,Ocio,Gasto de prueba 940
2026-07-30,141.40,Supermercado,Gasto de prueba 941
2026-07-31,142.41,Restaurantes,Gasto de prueba 942
2026-08-01,143.42,Transporte,Gasto de prueba 943
2026-08-02,144.43,Vivienda,Gasto de prueba 944
2026-08-03,145.44,Ocio,Gasto de prueba 945
2026-08-04,146.45,Supermercado,Gasto de prueba 946
2026-08-05,147.46,Restaurantes,Gasto de prueba 947
2026-08-06,148.47,Transporte,Gasto de prueba 948
2026-08-07,149.48,Vivienda,Gasto de prueba 949
2026-08-08,150.49,Ocio,Gasto de prueba 950
2026-08-09,151.50,Supermercado,Gasto de prueba 951
2026-08-10,152.51,Restaurantes,Gasto de prueba 952
2026-08-11,153.52,Transporte,Gasto de prueba 953
2026-08-12,154.53,Vivienda,Gasto de prueba 954
2026-08-13,155.54,Ocio,Gasto de prueba 955
2026-08-14,156.55,Supermercado,Gasto de prueba 956
2026-08-15,157.56,Restaurantes,Gasto de prueba 957
2026-08-16,158.57,Transporte,Gasto de prueba 958
2026-08-17,159.58,Vivienda,Gasto de prueba 959
2026-08-18,160.59,Ocio,Gasto de prueba 960
2026-08-19,161.60,Supermercado,Gasto de prueba 961
2026-08-20,162.61,Restaurantes,Gasto de prueba 962
2026-08-21,163.62,Transporte,Gasto de prueba 963
2026-08-22,164.63,Vivienda,Gasto de prueba 964
2026-08-23,165.64,Ocio,Gasto de prueba 965
2026-08-24,166.65,Supermercado,Gasto de prueba 966
2026-08-25,167.66,Restaurantes,Gasto de prueba 967
2026-08-26,168.67,Transporte,Gasto de prueba 968
2026-08-27,169.68,Vivienda,Gasto de prueba 969
2026-08-28,170.69,Ocio,Gasto de prueba 970
2026-08-29,171.70,Supermercado,Gasto de prueba 971
2026-08-30,172.71,Restaurantes,Gasto de prueba 972
2026-08-31,173.72,Transporte,Gasto de prueba 973
2026-09-01,174.73,Vivienda,Gasto de prueba 974
2026-09-02,175.74,Ocio,Gasto de prueba 975
2026-09-03,176.75,Supermercado,Gasto de prueba 976
2026-09-04,177.76,Restaurantes,Gasto de prueba 977
2026-09-05,178.77,Transporte,Gasto de prueba 978
2026-09-06,179.78,Vivienda,Gasto de prueba 979
2026-09-07,180.79,Ocio,Gasto de prueba 980
2026-09-08,181.80,Supermercado,Gasto de prueba 981
2026-09-09,182.81,Restaurantes,Gasto de prueba 982
2026-09-10,183.82,Transporte,Gasto de prueba 983
2026-09-11,184.83,Vivienda,Gasto de prueba 984
2026-09-12,185.84,Ocio,Gasto de prueba 985
2026-09-13,186.85,Supermercado,Gasto de prueba 986
2026-09-14,187.86,Restaurantes,Gasto de prueba 987
2026-09-15,188.87,Transporte,Gasto de prueba 988
2026-09-16,189.88,Vivienda,Gasto de prueba 989
2026-09-17,190.89,Ocio,Gasto de prueba 990
2026-09-18,191.90,Supermercado,Gasto de prueba 991
2026-09-19,192.91,Restaurantes,Gasto de prueba 992
2026-09-20,193.92,Transporte,Gasto de prueba 993
2026-09-21,194.93,Vivienda,Gasto de prueba 994
2026-09-22,195.94,Ocio,Gasto de prueba 995
2026-09-23,196.95,Supermercado,Gasto de prueba 996
2026-09-24,197.96,Restaurantes,Gasto de prueba 997
2026-09-25,198.97,Transporte,Gasto de prueba 998
2026-09-26,199.98,Vivienda,Gasto de prueba 999
2026-09-27,200.99,Ocio,Gasto de prueba 1000
2026-09-28,1.00,Supermercado,Gasto de prueba 1001
2026-09-29,2.01,Restaurantes,Gasto de prueba 1002
2026-09-30,3.02,Transporte,Gasto de prueba 1003
2026-10-01,4.03,Vivienda,Gasto de prueba 1004
2026-10-02,5.04,Ocio,Gasto de prueba 1005
2026-10-03,6.05,Supermercado,Gasto de prueba 1006
2026-10-04,7.06,Restaurantes,Gasto de prueba 1007
2026-10-05,8.07,Transporte,Gasto de prueba 1008
2026-10-06,9.08,Vivienda,Gasto de prueba 1009
2026-10-07,10.09,Ocio,Gasto de prueba 1010
2026-10-08,11.10,Supermercado,Gasto de prueba 1011
2026-10-09,12.11,Restaurantes,Gasto de prueba 1012
2026-10-10,13.12,Transporte,Gasto de prueba 1013
2026-10-11,14.13,Vivienda,Gasto de prueba 1014
2026-10-12,15.14,Ocio,Gasto de prueba 1015
2026-10-13,16.15,Supermercado,Gasto de prueba 1016
2026-10-14,17.16,Restaurantes,Gasto de prueba 1017
2026-10-15,18.17,Transporte,Gasto de prueba 1018
2026-10-16,19.18,Vivienda,Gasto de prueba 1019
2026-10-17,20.19,Ocio,Gasto de prueba 1020
2026-10-18,21.20,Supermercado,Gasto de prueba 1021
2026-10-19,22.21,Restaurantes,Gasto de prueba 1022
2026-10-20,23.22,Transporte,Gasto de prueba 1023
2026-10-21,24.23,Vivienda,Gasto de prueba 1024
2026-10-22,25.24,Ocio,Gasto de prueba 1025
2026-10-23,26.25,Supermercado,Gasto de prueba 1026
2026-10-24,27.26,Restaurantes,Gasto de prueba 1027
2026-10-25,28.27,Transporte,Gasto de prueba 1028
2026-10-26,29.28,Vivienda,Gasto de prueba 1029
2026-10-27,30.29,Ocio,Gasto de prueba 1030
2026-10-28,31.30,Supermercado,Gasto de prueba 1031
2026-10-29,32.31,Restaurantes,Gasto de prueba 1032
2026-10-30,33.32,Transporte,Gasto de prueba 1033
2026-10-31,34.33,Vivienda,Gasto de prueba 1034
2026-11-01,35.34,Ocio,Gasto de prueba 1035
2026-11-02,36.35,Supermercado,Gasto de prueba 1036
2026-11-03,37.36,Restaurantes,Gasto de prueba 1037
2026-11-04,38.37,Transporte,Gasto de prueba 1038
2026-11-05,39.38,Vivienda,Gasto de prueba 1039
2026-11-06,40.39,Ocio,Gasto de prueba 1040
2026-11-07,41.40,Supermercado,Gasto de prueba 1041
2026-11-08,42.41,Restaurantes,Gasto de prueba 1042
2026-11-09,43.42,Transporte,Gasto de prueba 1043
2026-11-10,44.43,Vivienda,Gasto de prueba 1044
2026-11-11,45.44,Ocio,Gasto de prueba 1045
2026-11-12,46.45,Supermercado,Gasto de prueba 1046
2026-11-13,47.46,Restaurantes,Gasto de prueba 1047
2026-11-14,48.47,Transporte,Gasto de prueba 1048
2026-11-15,49.48,Vivienda,Gasto de prueba 1049
2026-11-16,50.49,Ocio,Gasto de prueba 1050
2026-11-17,51.50,Supermercado,Gasto de prueba 1051
2026-11-18,52.51,Restaurantes,Gasto de prueba 1052
2026-11-19,53.52,Transporte,Gasto de prueba 1053
2026-11-20,54.53,Vivienda,Gasto de prueba 1054
2026-11-21,55.54,Ocio,Gasto de prueba 1055
2026-11-22,56.55,Supermercado,Gasto de prueba 1056
2026-11-23,57.56,Restaurantes,Gasto de prueba 1057
2026-11-24,58.57,Transporte,Gasto de prueba 1058
2026-11-25,59.58,Vivienda,Gasto de prueba 1059
2026-11-26,60.59,Ocio,Gasto de prueba 1060
2026-11-27,61.60,Supermercado,Gasto de prueba 1061
2026-11-28,62.61,Restaurantes,Gasto de prueba 1062
2026-11-29,63.62,Transporte,Gasto de prueba 1063
2026-11-30,64.63,Vivienda,Gasto de prueba 1064
2026-12-01,65.64,Ocio,Gasto de prueba 1065
2026-12-02,66.65,Supermercado,Gasto de prueba 1066
2026-12-03,67.66,Restaurantes,Gasto de prueba 1067
2026-12-04,68.67,Transporte,Gasto de prueba 1068
2026-12-05,69.68,Vivienda,Gasto de prueba 1069
2026-12-06,70.69,Ocio,Gasto de prueba 1070
2026-12-07,71.70,Supermercado,Gasto de prueba 1071
2026-12-08,72.71,Restaurantes,Gasto de prueba 1072
2026-12-09,73.72,Transporte,Gasto de prueba 1073
2026-12-10,74.73,Vivienda,Gasto de prueba 1074
2026-12-11,75.74,Ocio,Gasto de prueba 1075
2026-12-12,76.75,Supermercado,Gasto de prueba 1076
2026-12-13,77.76,Restaurantes,Gasto de prueba 1077
2026-12-14,78.77,Transporte,Gasto de prueba 1078
2026-12-15,79.78,Vivienda,Gasto de prueba 1079
2026-12-16,80.79,Ocio,Gasto de prueba 1080
2026-12-17,81.80,Supermercado,Gasto de prueba 1081
2026-12-18,82.81,Restaurantes,Gasto de prueba 1082
2026-12-19,83.82,Transporte,Gasto de prueba 1083
2026-12-20,84.83,Vivienda,Gasto de prueba 1084
2026-12-21,85.84,Ocio,Gasto de prueba 1085
2026-12-22,86.85,Supermercado,Gasto de prueba 1086
2026-12-23,87.86,Restaurantes,Gasto de prueba 1087
2026-12-24,88.87,Transporte,Gasto de prueba 1088
2026-12-25,89.88,Vivienda,Gasto de prueba 1089
2026-12-26,90.89,Ocio,Gasto de prueba 1090
2026-12-27,91.90,Supermercado,Gasto de prueba 1091
2026-12-28,92.91,Restaurantes,Gasto de prueba 1092
2026-12-29,93.92,Transporte,Gasto de prueba 1093
2026-12-30,94.93,Vivienda,Gasto de prueba 1094
2026-12-31,95.94,Ocio,Gasto de prueba 1095
2026-01-01,96.95,Supermercado,Gasto de prueba 1096
2026-01-02,97.96,Restaurantes,Gasto de prueba 1097
2026-01-03,98.97,Transporte,Gasto de prueba 1098
2026-01-04,99.98,Vivienda,Gasto de prueba 1099
2026-01-05,100.99,Ocio,Gasto de prueba 1100
2026-01-06,101.00,Supermercado,Gasto de prueba 1101
2026-01-07,102.01,Restaurantes,Gasto de prueba 1102
2026-01-08,103.02,Transporte,Gasto de prueba 1103
2026-01-09,104.03,Vivienda,Gasto de prueba 1104
2026-01-10,105.04,Ocio,Gasto de prueba 1105
2026-01-11,106.05,Supermercado,Gasto de prueba 1106
2026-01-12,107.06,Restaurantes,Gasto de prueba 1107
2026-01-13,108.07,Transporte,Gasto de prueba 1108
2026-01-14,109.08,Vivienda,Gasto de prueba 1109
2026-01-15,110.09,Ocio,Gasto de prueba 1110
2026-01-16,111.10,Supermercado,Gasto de prueba 1111
2026-01-17,112.11,Restaurantes,Gasto de prueba 1112
2026-01-18,113.12,Transporte,Gasto de prueba 1113
2026-01-19,114.13,Vivienda,Gasto de prueba 1114
2026-01-20,115.14,Ocio,Gasto de prueba 1115
2026-01-21,116.15,Supermercado,Gasto de prueba 1116
2026-01-22,117.16,Restaurantes,Gasto de prueba 1117
2026-01-23,118.17,Transporte,Gasto de prueba 1118
2026-01-24,119.18,Vivienda,Gasto de prueba 1119
2026-01-25,120.19,Ocio,Gasto de prueba 1120
2026-01-26,121.20,Supermercado,Gasto de prueba 1121
2026-01-27,122.21,Restaurantes,Gasto de prueba 1122
2026-01-28,123.22,Transporte,Gasto de prueba 1123
2026-01-29,124.23,Vivienda,Gasto de prueba 1124
2026-01-30,125.24,Ocio,Gasto de prueba 1125
2026-01-31,126.25,Supermercado,Gasto de prueba 1126
2026-02-01,127.26,Restaurantes,Gasto de prueba 1127
2026-02-02,128.27,Transporte,Gasto de prueba 1128
2026-02-03,129.28,Vivienda,Gasto de prueba 1129
2026-02-04,130.29,Ocio,Gasto de prueba 1130
2026-02-05,131.30,Supermercado,Gasto de prueba 1131
2026-02-06,132.31,Restaurantes,Gasto de prueba 1132
2026-02-07,133.32,Transporte,Gasto de prueba 1133
2026-02-08,134.33,Vivienda,Gasto de prueba 1134
2026-02-09,135.34,Ocio,Gasto de prueba 1135
2026-02-10,136.35,Supermercado,Gasto de prueba 1136
2026-02-11,137.36,Restaurantes,Gasto de prueba 1137
2026-02-12,138.37,Transporte,Gasto de prueba 1138
2026-02-13,139.38,Vivienda,Gasto de prueba 1139
2026-02-14,140.39,Ocio,Gasto de prueba 1140
2026-02-15,141.40,Supermercado,Gasto de prueba 1141
2026-02-16,142.41,Restaurantes,Gasto de prueba 1142
2026-02-17,143.42,Transporte,Gasto de prueba 1143
2026-02-18,144.43,Vivienda,Gasto de prueba 1144
2026-02-19,145.44,Ocio,Gasto de prueba 1145
2026-02-20,146.45,Supermercado,Gasto de prueba 1146
2026-02-21,147.46,Restaurantes,Gasto de prueba 1147
2026-02-22,148.47,Transporte,Gasto de prueba 1148
2026-02-23,149.48,Vivienda,Gasto de prueba 1149
2026-02-24,150.49,Ocio,Gasto de prueba 1150
2026-02-25,151.50,Supermercado,Gasto de prueba 1151
2026-02-26,152.51,Restaurantes,Gasto de prueba 1152
2026-02-27,153.52,Transporte,Gasto de prueba 1153
2026-02-28,154.53,Vivienda,Gasto de prueba 1154
2026-03-01,155.54,Ocio,Gasto de prueba 1155
2026-03-02,156.55,Supermercado,Gasto de prueba 1156
2026-03-03,157.56,Restaurantes,Gasto de prueba 1157
2026-03-04,158.57,Transporte,Gasto de prueba 1158
2026-03-05,159.58,Vivienda,Gasto de prueba 1159
2026-03-06,160.59,Ocio,Gasto de prueba 1160
2026-03-07,161.60,Supermercado,Gasto de prueba 1161
2026-03-08,162.61,Restaurantes,Gasto de prueba 1162
2026-03-09,163.62,Transporte,Gasto de prueba 1163
2026-03-10,164.63,Vivienda,Gasto de prueba 1164
2026-03-11,165.64,Ocio,Gasto de prueba 1165
2026-03-12,166.65,Supermercado,Gasto de prueba 1166
2026-03-13,167.66,Restaurantes,Gasto de prueba 1167
2026-03-14,168.67,Transporte,Gasto de prueba 1168
2026-03-15,169.68,Vivienda,Gasto de prueba 1169
2026-03-16,170.69,Ocio,Gasto de prueba 1170
2026-03-17,171.70,Supermercado,Gasto de prueba 1171
2026-03-18,172.71,Restaurantes,Gasto de prueba 1172
2026-03-19,173.72,Transporte,Gasto de prueba 1173
2026-03-20,174.73,Vivienda,Gasto de prueba 1174
2026-03-21,175.74,Ocio,Gasto de prueba 1175
2026-03-22,176.75,Supermercado,Gasto de prueba 1176
2026-03-23,177.76,Restaurantes,Gasto de prueba 1177
2026-03-24,178.77,Transporte,Gasto de prueba 1178
2026-03-25,179.78,Vivienda,Gasto de prueba 1179
2026-03-26,180.79,Ocio,Gasto de prueba 1180
2026-03-27,181.80,Supermercado,Gasto de prueba 1181
2026-03-28,182.81,Restaurantes,Gasto de prueba 1182
2026-03-29,183.82,Transporte,Gasto de prueba 1183
2026-03-30,184.83,Vivienda,Gasto de prueba 1184
2026-03-31,185.84,Ocio,Gasto de prueba 1185
2026-04-01,186.85,Supermercado,Gasto de prueba 1186
2026-04-02,187.86,Restaurantes,Gasto de prueba 1187
2026-04-03,188.87,Transporte,Gasto de prueba 1188
2026-04-04,189.88,Vivienda,Gasto de prueba 1189
2026-04-05,190.89,Ocio,Gasto de prueba 1190
2026-04-06,191.90,Supermercado,Gasto de prueba 1191
2026-04-07,192.91,Restaurantes,Gasto de prueba 1192
2026-04-08,193.92,Transporte,Gasto de prueba 1193
2026-04-09,194.93,Vivienda,Gasto de prueba 1194
2026-04-10,195.94,Ocio,Gasto de prueba 1195
2026-04-11,196.95,Supermercado,Gasto de prueba 1196
2026-04-12,197.96,Restaurantes,Gasto de prueba 1197
2026-04-13,198.97,Transporte,Gasto de prueba 1198
2026-04-14,199.98,Vivienda,Gasto de prueba 1199
2026-04-15,200.99,Ocio,Gasto de prueba 1200
2026-04-16,1.00,Supermercado,Gasto de prueba 1201
2026-04-17,2.01,Restaurantes,Gasto de prueba 1202
2026-04-18,3.02,Transporte,Gasto de prueba 1203
2026-04-19,4.03,Vivienda,Gasto de prueba 1204
2026-04-20,5.04,Ocio,Gasto de prueba 1205
2026-04-21,6.05,Supermercado,Gasto de prueba 1206
2026-04-22,7.06,Restaurantes,Gasto de prueba 1207
2026-04-23,8.07,Transporte,Gasto de prueba 1208
2026-04-24,9.08,Vivienda,Gasto de prueba 1209
2026-04-25,10.09,Ocio,Gasto de prueba 1210
2026-04-26,11.10,Supermercado,Gasto de prueba 1211
2026-04-27,12.11,Restaurantes,Gasto de prueba 1212
2026-04-28,13.12,Transporte,Gasto de prueba 1213
2026-04-29,14.13,Vivienda,Gasto de prueba 1214
2026-04-30,15.14,Ocio,Gasto de prueba 1215
2026-05-01,16.15,Supermercado,Gasto de prueba 1216
2026-05-02,17.16,Restaurantes,Gasto de prueba 1217
2026-05-03,18.17,Transporte,Gasto de prueba 1218
2026-05-04,19.18,Vivienda,Gasto de prueba 1219
2026-05-05,20.19,Ocio,Gasto de prueba 1220
2026-05-06,21.20,Supermercado,Gasto de prueba 1221
2026-05-07,22.21,Restaurantes,Gasto de prueba 1222
2026-05-08,23.22,Transporte,Gasto de prueba 1223
2026-05-09,24.23,Vivienda,Gasto de prueba 1224
2026-05-10,25.24,Ocio,Gasto de prueba 1225
2026-05-11,26.25,Supermercado,Gasto de prueba 1226
2026-05-12,27.26,Restaurantes,Gasto de prueba 1227
2026-05-13,28.27,Transporte,Gasto de prueba 1228
2026-05-14,29.28,Vivienda,Gasto de prueba 1229
2026-05-15,30.29,Ocio,Gasto de prueba 1230
2026-05-16,31.30,Supermercado,Gasto de prueba 1231
2026-05-17,32.31,Restaurantes,Gasto de prueba 1232
2026-05-18,33.32,Transporte,Gasto de prueba 1233
2026-05-19,34.33,Vivienda,Gasto de prueba 1234
2026-05-20,35.34,Ocio,Gasto de prueba 1235
2026-05-21,36.35,Supermercado,Gasto de prueba 1236
2026-05-22,37.36,Restaurantes,Gasto de prueba 1237
2026-05-23,38.37,Transporte,Gasto de prueba 1238
2026-05-24,39.38,Vivienda,Gasto de prueba 1239
2026-05-25,40.39,Ocio,Gasto de prueba 1240
2026-05-26,41.40,Supermercado,Gasto de prueba 1241
2026-05-27,42.41,Restaurantes,Gasto de prueba 1242
2026-05-28,43.42,Transporte,Gasto de prueba 1243
2026-05-29,44.43,Vivienda,Gasto de prueba 1244
2026-05-30,45.44,Ocio,Gasto de prueba 1245
2026-05-31,46.45,Supermercado,Gasto de prueba 1246
2026-06-01,47.46,Restaurantes,Gasto de prueba 1247
2026-06-02,48.47,Transporte,Gasto de prueba 1248
2026-06-03,49.48,Vivienda,Gasto de prueba 1249
2026-06-04,50.49,Ocio,Gasto de prueba 1250
2026-06-05,51.50,Supermercado,Gasto de prueba 1251
2026-06-06,52.51,Restaurantes,Gasto de prueba 1252
2026-06-07,53.52,Transporte,Gasto de prueba 1253
2026-06-08,54.53,Vivienda,Gasto de prueba 1254
2026-06-09,55.54,Ocio,Gasto de prueba 1255
2026-06-10,56.55,Supermercado,Gasto de prueba 1256
2026-06-11,57.56,Restaurantes,Gasto de prueba 1257
2026-06-12,58.57,Transporte,Gasto de prueba 1258
2026-06-13,59.58,Vivienda,Gasto de prueba 1259
2026-06-14,60.59,Ocio,Gasto de prueba 1260
2026-06-15,61.60,Supermercado,Gasto de prueba 1261
2026-06-16,62.61,Restaurantes,Gasto de prueba 1262
2026-06-17,63.62,Transporte,Gasto de prueba 1263
2026-06-18,64.63,Vivienda,Gasto de prueba 1264
2026-06-19,65.64,Ocio,Gasto de prueba 1265
2026-06-20,66.65,Supermercado,Gasto de prueba 1266
2026-06-21,67.66,Restaurantes,Gasto de prueba 1267
2026-06-22,68.67,Transporte,Gasto de prueba 1268
2026-06-23,69.68,Vivienda,Gasto de prueba 1269
2026-06-24,70.69,Ocio,Gasto de prueba 1270
2026-06-25,71.70,Supermercado,Gasto de prueba 1271
2026-06-26,72.71,Restaurantes,Gasto de prueba 1272
2026-06-27,73.72,Transporte,Gasto de prueba 1273
2026-06-28,74.73,Vivienda,Gasto de prueba 1274
2026-06-29,75.74,Ocio,Gasto de prueba 1275
2026-06-30,76.75,Supermercado,Gasto de prueba 1276
2026-07-01,77.76,Restaurantes,Gasto de prueba 1277
2026-07-02,78.77,Transporte,Gasto de prueba 1278
2026-07-03,79.78,Vivienda,Gasto de prueba 1279
2026-07-04,80.79,Ocio,Gasto de prueba 1280
2026-07-05,81.80,Supermercado,Gasto de prueba 1281
2026-07-06,82.81,Restaurantes,Gasto de prueba 1282
2026-07-07,83.82,Transporte,Gasto de prueba 1283
2026-07-08,84.83,Vivienda,Gasto de prueba 1284
2026-07-09,85.84,Ocio,Gasto de prueba 1285
2026-07-10,86.85,Supermercado,Gasto de prueba 1286
2026-07-11,87.86,Restaurantes,Gasto de prueba 1287
2026-07-12,88.87,Transporte,Gasto de prueba 1288
2026-07-13,89.88,Vivienda,Gasto de prueba 1289
2026-07-14,90.89,Ocio,Gasto de prueba 1290
2026-07-15,91.90,Supermercado,Gasto de prueba 1291
2026-07-16,92.91,Restaurantes,Gasto de prueba 1292
2026-07-17,93.92,Transporte,Gasto de prueba 1293
2026-07-18,94.93,Vivienda,Gasto de prueba 1294
2026-07-19,95.94,Ocio,Gasto de prueba 1295
2026-07-20,96.95,Supermercado,Gasto de prueba 1296
2026-07-21,97.96,Restaurantes,Gasto de prueba 1297
2026-07-22,98.97,Transporte,Gasto de prueba 1298
2026-07-23,99.98,Vivienda,Gasto de prueba 1299
2026-07-24,100.99,Ocio,Gasto de prueba 1300
2026-07-25,101.00,Supermercado,Gasto de prueba 1301
2026-07-26,102.01,Restaurantes,Gasto de prueba 1302
2026-07-27,103.02,Transporte,Gasto de prueba 1303
2026-07-28,104.03,Vivienda,Gasto de prueba 1304
2026-07-29,105.04,Ocio,Gasto de prueba 1305
2026-07-30,106.05,Supermercado,Gasto de prueba 1306
2026-07-31,107.06,Restaurantes,Gasto de prueba 1307
2026-08-01,108.07,Transporte,Gasto de prueba 1308
2026-08-02,109.08,Vivienda,Gasto de prueba 1309
2026-08-03,110.09,Ocio,Gasto de prueba 1310
2026-08-04,111.10,Supermercado,Gasto de prueba 1311
2026-08-05,112.11,Restaurantes,Gasto de prueba 1312
2026-08-06,113.12,Transporte,Gasto de prueba 1313
2026-08-07,114.13,Vivienda,Gasto de prueba 1314
2026-08-08,115.14,Ocio,Gasto de prueba 1315
2026-08-09,116.15,Supermercado,Gasto de prueba 1316
2026-08-10,117.16,Restaurantes,Gasto de prueba 1317
2026-08-11,118.17,Transporte,Gasto de prueba 1318
2026-08-12,119.18,Vivienda,Gasto de prueba 1319
2026-08-13,120.19,Ocio,Gasto de prueba 1320
2026-08-14,121.20,Supermercado,Gasto de prueba 1321
2026-08-15,122.21,Restaurantes,Gasto de prueba 1322
2026-08-16,123.22,Transporte,Gasto de prueba 1323
2026-08-17,124.23,Vivienda,Gasto de prueba 1324
2026-08-18,125.24,Ocio,Gasto de prueba 1325
2026-08-19,126.25,Supermercado,Gasto de prueba 1326
2026-08-20,127.26,Restaurantes,Gasto de prueba 1327
2026-08-21,128.27,Transporte,Gasto de prueba 1328
2026-08-22,129.28,Vivienda,Gasto de prueba 1329
2026-08-23,130.29,Ocio,Gasto de prueba 1330
2026-08-24,131.30,Supermercado,Gasto de prueba 1331
2026-08-25,132.31,Restaurantes,Gasto de prueba 1332
2026-08-26,133.32,Transporte,Gasto de prueba 1333
2026-08-27,134.33,Vivienda,Gasto de prueba 1334
2026-08-28,135.34,Ocio,Gasto de prueba 1335
2026-08-29,136.35,Supermercado,Gasto de prueba 1336
2026-08-30,137.36,Restaurantes,Gasto de prueba 1337
2026-08-31,138.37,Transporte,Gasto de prueba 1338
2026-09-01,139.38,Vivienda,Gasto de prueba 1339
2026-09-02,140.39,Ocio,Gasto de prueba 1340
2026-09-03,141.40,Supermercado,Gasto de prueba 1341
2026-09-04,142.41,Restaurantes,Gasto de prueba 1342
2026-09-05,143.42,Transporte,Gasto de prueba 1343
2026-09-06,144.43,Vivienda,Gasto de prueba 1344
2026-09-07,145.44,Ocio,Gasto de prueba 1345
2026-09-08,146.45,Supermercado,Gasto de prueba 1346
2026-09-09,147.46,Restaurantes,Gasto de prueba 1347
2026-09-10,148.47,Transporte,Gasto de prueba 1348
2026-09-11,149.48,Vivienda,Gasto de prueba 1349
2026-09-12,150.49,Ocio,Gasto de prueba 1350
2026-09-13,151.50,Supermercado,Gasto de prueba 1351
2026-09-14,152.51,Restaurantes,Gasto de prueba 1352
2026-09-15,153.52,Transporte,Gasto de prueba 1353
2026-09-16,154.53,Vivienda,Gasto de prueba 1354
2026-09-17,155.54,Ocio,Gasto de prueba 1355
2026-09-18,156.55,Supermercado,Gasto de prueba 1356
2026-09-19,157.56,Restaurantes,Gasto de prueba 1357
2026-09-20,158.57,Transporte,Gasto de prueba 1358
2026-09-21,159.58,Vivienda,Gasto de prueba 1359
2026-09-22,160.59,Ocio,Gasto de prueba 1360
2026-09-23,161.60,Supermercado,Gasto de prueba 1361
2026-09-24,162.61,Restaurantes,Gasto de prueba 1362
2026-09-25,163.62,Transporte,Gasto de prueba 1363
2026-09-26,164.63,Vivienda,Gasto de prueba 1364
2026-09-27,165.64,Ocio,Gasto de prueba 1365
2026-09-28,166.65,Supermercado,Gasto de prueba 1366
2026-09-29,167.66,Restaurantes,Gasto de prueba 1367
2026-09-30,168.67,Transporte,Gasto de prueba 1368
2026-10-01,169.68,Vivienda,Gasto de prueba 1369
2026-10-02,170.69,Ocio,Gasto de prueba 1370
2026-10-03,171.70,Supermercado,Gasto de prueba 1371
2026-10-04,172.71,Restaurantes,Gasto de prueba 1372
2026-10-05,173.72,Transporte,Gasto de prueba 1373
2026-10-06,174.73,Vivienda,Gasto de prueba 1374
2026-10-07,175.74,Ocio,Gasto de prueba 1375
2026-10-08,176.75,Supermercado,Gasto de prueba 1376
2026-10-09,177.76,Restaurantes,Gasto de prueba 1377
2026-10-10,178.77,Transporte,Gasto de prueba 1378
2026-10-11,179.78,Vivienda,Gasto de prueba 1379
2026-10-12,180.79,Ocio,Gasto de prueba 1380
2026-10-13,181.80,Supermercado,Gasto de prueba 1381
2026-10-14,182.81,Restaurantes,Gasto de prueba 1382
2026-10-15,183.82,Transporte,Gasto de prueba 1383
2026-10-16,184.83,Vivienda,Gasto de prueba 1384
2026-10-17,185.84,Ocio,Gasto de prueba 1385
2026-10-18,186.85,Supermercado,Gasto de prueba 1386
2026-10-19,187.86,Restaurantes,Gasto de prueba 1387
2026-10-20,188.87,Transporte,Gasto de prueba 1388
2026-10-21,189.88,Vivienda,Gasto de prueba 1389
2026-10-22,190.89,Ocio,Gasto de prueba 1390
2026-10-23,191.90,Supermercado,Gasto de prueba 1391
2026-10-24,192.91,Restaurantes,Gasto de prueba 1392
2026-10-25,193.92,Transporte,Gasto de prueba 1393
2026-10-26,194.93,Vivienda,Gasto de prueba 1394
2026-10-27,195.94,Ocio,Gasto de prueba 1395
2026-10-28,196.95,Supermercado,Gasto de prueba 1396
2026-10-29,197.96,Restaurantes,Gasto de prueba 1397
2026-10-30,198.97,Transporte,Gasto de prueba 1398
2026-10-31,199.98,Vivienda,Gasto de prueba 1399
2026-11-01,200.99,Ocio,Gasto de prueba 1400
2026-11-02,1.00,Supermercado,Gasto de prueba 1401
2026-11-03,2.01,Restaurantes,Gasto de prueba 1402
2026-11-04,3.02,Transporte,Gasto de prueba 1403
2026-11-05,4.03,Vivienda,Gasto de prueba 1404
2026-11-06,5.04,Ocio,Gasto de prueba 1405
2026-11-07,6.05,Supermercado,Gasto de prueba 1406
2026-11-08,7.06,Restaurantes,Gasto de prueba 1407
2026-11-09,8.07,Transporte,Gasto de prueba 1408
2026-11-10,9.08,Vivienda,Gasto de prueba 1409
2026-11-11,10.09,Ocio,Gasto de prueba 1410
2026-11-12,11.10,Supermercado,Gasto de prueba 1411
2026-11-13,12.11,Restaurantes,Gasto de prueba 1412
2026-11-14,13.12,Transporte,Gasto de prueba 1413
2026-11-15,14.13,Vivienda,Gasto de prueba 1414
2026-11-16,15.14,Ocio,Gasto de prueba 1415
2026-11-17,16.15,Supermercado,Gasto de prueba 1416
2026-11-18,17.16,Restaurantes,Gasto de prueba 1417
2026-11-19,18.17,Transporte,Gasto de prueba 1418
2026-11-20,19.18,Vivienda,Gasto de prueba 1419
2026-11-21,20.19,Ocio,Gasto de prueba 1420
2026-11-22,21.20,Supermercado,Gasto de prueba 1421
2026-11-23,22.21,Restaurantes,Gasto de prueba 1422
2026-11-24,23.22,Transporte,Gasto de prueba 1423
2026-11-25,24.23,Vivienda,Gasto de prueba 1424
2026-11-26,25.24,Ocio,Gasto de prueba 1425
2026-11-27,26.25,Supermercado,Gasto de prueba 1426
2026-11-28,27.26,Restaurantes,Gasto de prueba 1427
2026-11-29,28.27,Transporte,Gasto de prueba 1428
2026-11-30,29.28,Vivienda,Gasto de prueba 1429
2026-12-01,30.29,Ocio,Gasto de prueba 1430
2026-12-02,31.30,Supermercado,Gasto de prueba 1431
2026-12-03,32.31,Restaurantes,Gasto de prueba 1432
2026-12-04,33.32,Transporte,Gasto de prueba 1433
2026-12-05,34.33,Vivienda,Gasto de prueba 1434
2026-12-06,35.34,Ocio,Gasto de prueba 1435
2026-12-07,36.35,Supermercado,Gasto de prueba 1436
2026-12-08,37.36,Restaurantes,Gasto de prueba 1437
2026-12-09,38.37,Transporte,Gasto de prueba 1438
2026-12-10,39.38,Vivienda,Gasto de prueba 1439
2026-12-11,40.39,Ocio,Gasto de prueba 1440
2026-12-12,41.40,Supermercado,Gasto de prueba 1441
2026-12-13,42.41,Restaurantes,Gasto de prueba 1442
2026-12-14,43.42,Transporte,Gasto de prueba 1443
2026-12-15,44.43,Vivienda,Gasto de prueba 1444
2026-12-16,45.44,Ocio,Gasto de prueba 1445
2026-12-17,46.45,Supermercado,Gasto de prueba 1446
2026-12-18,47.46,Restaurantes,Gasto de prueba 1447
2026-12-19,48.47,Transporte,Gasto de prueba 1448
2026-12-20,49.48,Vivienda,Gasto de prueba 1449
2026-12-21,50.49,Ocio,Gasto de prueba 1450
2026-12-22,51.50,Supermercado,Gasto de prueba 1451
2026-12-23,52.51,Restaurantes,Gasto de prueba 1452
2026-12-24,53.52,Transporte,Gasto de prueba 1453
2026-12-25,54.53,Vivienda,Gasto de prueba 1454
2026-12-26,55.54,Ocio,Gasto de prueba 1455
2026-12-27,56.55,Supermercado,Gasto de prueba 1456
2026-12-28,57.56,Restaurantes,Gasto de prueba 1457
2026-12-29,58.57,Transporte,Gasto de prueba 1458
2026-12-30,59.58,Vivienda,Gasto de prueba 1459
2026-12-31,60.59,Ocio,Gasto de prueba 1460
2026-01-01,61.60,Supermercado,Gasto de prueba 1461
2026-01-02,62.61,Restaurantes,Gasto de prueba 1462
2026-01-03,63.62,Transporte,Gasto de prueba 1463
2026-01-04,64.63,Vivienda,Gasto de prueba 1464
2026-01-05,65.64,Ocio,Gasto de prueba 1465
2026-01-06,66.65,Supermercado,Gasto de prueba 1466
2026-01-07,67.66,Restaurantes,Gasto de prueba 1467
2026-01-08,68.67,Transporte,Gasto de prueba 1468
2026-01-09,69.68,Vivienda,Gasto de prueba 1469
2026-01-10,70.69,Ocio,Gasto de prueba 1470
2026-01-11,71.70,Supermercado,Gasto de prueba 1471
2026-01-12,72.71,Restaurantes,Gasto de prueba 1472
2026-01-13,73.72,Transporte,Gasto de prueba 1473
2026-01-14,74.73,Vivienda,Gasto de prueba 1474
2026-01-15,75.74,Ocio,Gasto de prueba 1475
2026-01-16,76.75,Supermercado,Gasto de prueba 1476
2026-01-17,77.76,Restaurantes,Gasto de prueba 1477
2026-01-18,78.77,Transporte,Gasto de prueba 1478
2026-01-19,79.78,Vivienda,Gasto de prueba 1479
2026-01-20,80.79,Ocio,Gasto de prueba 1480
2026-01-21,81.80,Supermercado,Gasto de prueba 1481
2026-01-22,82.81,Restaurantes,Gasto de prueba 1482
2026-01-23,83.82,Transporte,Gasto de prueba 1483
2026-01-24,84.83,Vivienda,Gasto de prueba 1484
2026-01-25,85.84,Ocio,Gasto de prueba 1485
2026-01-26,86.85,Supermercado,Gasto de prueba 1486
2026-01-27,87.86,Restaurantes,Gasto de prueba 1487
2026-01-28,88.87,Transporte,Gasto de prueba 1488
2026-01-29,89.88,Vivienda,Gasto de prueba 1489
2026-01-30,90.89,Ocio,Gasto de prueba 1490
2026-01-31,91.90,Supermercado,Gasto de prueba 1491
2026-02-01,92.91,Restaurantes,Gasto de prueba 1492
2026-02-02,93.92,Transporte,Gasto de prueba 1493
2026-02-03,94.93,Vivienda,Gasto de prueba 1494
2026-02-04,95.94,Ocio,Gasto de prueba 1495
2026-02-05,96.95,Supermercado,Gasto de prueba 1496
2026-02-06,97.96,Restaurantes,Gasto de prueba 1497
2026-02-07,98.97,Transporte,Gasto de prueba 1498
2026-02-08,99.98,Vivienda,Gasto de prueba 1499
2026-02-09,100.99,Ocio,Gasto de prueba 1500
2026-02-10,101.00,Supermercado,Gasto de prueba 1501
2026-02-11,102.01,Restaurantes,Gasto de prueba 1502
2026-02-12,103.02,Transporte,Gasto de prueba 1503
2026-02-13,104.03,Vivienda,Gasto de prueba 1504
2026-02-14,105.04,Ocio,Gasto de prueba 1505
2026-02-15,106.05,Supermercado,Gasto de prueba 1506
2026-02-16,107.06,Restaurantes,Gasto de prueba 1507
2026-02-17,108.07,Transporte,Gasto de prueba 1508
2026-02-18,109.08,Vivienda,Gasto de prueba 1509
2026-02-19,110.09,Ocio,Gasto de prueba 1510
2026-02-20,111.10,Supermercado,Gasto de prueba 1511
2026-02-21,112.11,Restaurantes,Gasto de prueba 1512
2026-02-22,113.12,Transporte,Gasto de prueba 1513
2026-02-23,114.13,Vivienda,Gasto de prueba 1514
2026-02-24,115.14,Ocio,Gasto de prueba 1515
2026-02-25,116.15,Supermercado,Gasto de prueba 1516
2026-02-26,117.16,Restaurantes,Gasto de prueba 1517
2026-02-27,118.17,Transporte,Gasto de prueba 1518
2026-02-28,119.18,Vivienda,Gasto de prueba 1519
2026-03-01,120.19,Ocio,Gasto de prueba 1520
2026-03-02,121.20,Supermercado,Gasto de prueba 1521
2026-03-03,122.21,Restaurantes,Gasto de prueba 1522
2026-03-04,123.22,Transporte,Gasto de prueba 1523
2026-03-05,124.23,Vivienda,Gasto de prueba 1524
2026-03-06,125.24,Ocio,Gasto de prueba 1525
2026-03-07,126.25,Supermercado,Gasto de prueba 1526
2026-03-08,127.26,Restaurantes,Gasto de prueba 1527
2026-03-09,128.27,Transporte,Gasto de prueba 1528
2026-03-10,129.28,Vivienda,Gasto de prueba 1529
2026-03-11,130.29,Ocio,Gasto de prueba 1530
2026-03-12,131.30,Supermercado,Gasto de prueba 1531
2026-03-13,132.31,Restaurantes,Gasto de prueba 1532
2026-03-14,133.32,Transporte,Gasto de prueba 1533
2026-03-15,134.33,Vivienda,Gasto de prueba 1534
2026-03-16,135.34,Ocio,Gasto de prueba 1535
2026-03-17,136.35,Supermercado,Gasto de prueba 1536
2026-03-18,137.36,Restaurantes,Gasto de prueba 1537
2026-03-19,138.37,Transporte,Gasto de prueba 1538
2026-03-20,139.38,Vivienda,Gasto de prueba 1539
2026-03-21,140.39,Ocio,Gasto de prueba 1540
2026-03-22,141.40,Supermercado,Gasto de prueba 1541
2026-03-23,142.41,Restaurantes,Gasto de prueba 1542
2026-03-24,143.42,Transporte,Gasto de prueba 1543
2026-03-25,144.43,Vivienda,Gasto de prueba 1544
2026-03-26,145.44,Ocio,Gasto de prueba 1545
2026-03-27,146.45,Supermercado,Gasto de prueba 1546
2026-03-28,147.46,Restaurantes,Gasto de prueba 1547
2026-03-29,148.47,Transporte,Gasto de prueba 1548
2026-03-30,149.48,Vivienda,Gasto de prueba 1549
2026-03-31,150.49,Ocio,Gasto de prueba 1550
2026-04-01,151.50,Supermercado,Gasto de prueba 1551
2026-04-02,152.51,Restaurantes,Gasto de prueba 1552
2026-04-03,153.52,Transporte,Gasto de prueba 1553
2026-04-04,154.53,Vivienda,Gasto de prueba 1554
2026-04-05,155.54,Ocio,Gasto de prueba 1555
2026-04-06,156.55,Supermercado,Gasto de prueba 1556
2026-04-07,157.56,Restaurantes,Gasto de prueba 1557
2026-04-08,158.57,Transporte,Gasto de prueba 1558
2026-04-09,159.58,Vivienda,Gasto de prueba 1559
2026-04-10,160.59,Ocio,Gasto de prueba 1560
2026-04-11,161.60,Supermercado,Gasto de prueba 1561
2026-04-12,162.61,Restaurantes,Gasto de prueba 1562
2026-04-13,163.62,Transporte,Gasto de prueba 1563
2026-04-14,164.63,Vivienda,Gasto de prueba 1564
2026-04-15,165.64,Ocio,Gasto de prueba 1565
2026-04-16,166.65,Supermercado,Gasto de prueba 1566
2026-04-17,167.66,Restaurantes,Gasto de prueba 1567
2026-04-18,168.67,Transporte,Gasto de prueba 1568
2026-04-19,169.68,Vivienda,Gasto de prueba 1569
2026-04-20,170.69,Ocio,Gasto de prueba 1570
2026-04-21,171.70,Supermercado,Gasto de prueba 1571
2026-04-22,172.71,Restaurantes,Gasto de prueba 1572
2026-04-23,173.72,Transporte,Gasto de prueba 1573
2026-04-24,174.73,Vivienda,Gasto de prueba 1574
2026-04-25,175.74,Ocio,Gasto de prueba 1575
2026-04-26,176.75,Supermercado,Gasto de prueba 1576
2026-04-27,177.76,Restaurantes,Gasto de prueba 1577
2026-04-28,178.77,Transporte,Gasto de prueba 1578
2026-04-29,179.78,Vivienda,Gasto de prueba 1579
2026-04-30,180.79,Ocio,Gasto de prueba 1580
2026-05-01,181.80,Supermercado,Gasto de prueba 1581
2026-05-02,182.81,Restaurantes,Gasto de prueba 1582
2026-05-03,183.82,Transporte,Gasto de prueba 1583
2026-05-04,184.83,Vivienda,Gasto de prueba 1584
2026-05-05,185.84,Ocio,Gasto de prueba 1585
2026-05-06,186.85,Supermercado,Gasto de prueba 1586
2026-05-07,187.86,Restaurantes,Gasto de prueba 1587
2026-05-08,188.87,Transporte,Gasto de prueba 1588
2026-05-09,189.88,Vivienda,Gasto de prueba 1589
2026-05-10,190.89,Ocio,Gasto de prueba 1590
2026-05-11,191.90,Supermercado,Gasto de prueba 1591
2026-05-12,192.91,Restaurantes,Gasto de prueba 1592
2026-05-13,193.92,Transporte,Gasto de prueba 1593
2026-05-14,194.93,Vivienda,Gasto de prueba 1594
2026-05-15,195.94,Ocio,Gasto de prueba 1595
2026-05-16,196.95,Supermercado,Gasto de prueba 1596
2026-05-17,197.96,Restaurantes,Gasto de prueba 1597
2026-05-18,198.97,Transporte,Gasto de prueba 1598
2026-05-19,199.98,Vivienda,Gasto de prueba 1599
2026-05-20,200.99,Ocio,Gasto de prueba 1600
2026-05-21,1.00,Supermercado,Gasto de prueba 1601
2026-05-22,2.01,Restaurantes,Gasto de prueba 1602
2026-05-23,3.02,Transporte,Gasto de prueba 1603
2026-05-24,4.03,Vivienda,Gasto de prueba 1604
2026-05-25,5.04,Ocio,Gasto de prueba 1605
2026-05-26,6.05,Supermercado,Gasto de prueba 1606
2026-05-27,7.06,Restaurantes,Gasto de prueba 1607
2026-05-28,8.07,Transporte,Gasto de prueba 1608
2026-05-29,9.08,Vivienda,Gasto de prueba 1609
2026-05-30,10.09,Ocio,Gasto de prueba 1610
2026-05-31,11.10,Supermercado,Gasto de prueba 1611
2026-06-01,12.11,Restaurantes,Gasto de prueba 1612
2026-06-02,13.12,Transporte,Gasto de prueba 1613
2026-06-03,14.13,Vivienda,Gasto de prueba 1614
2026-06-04,15.14,Ocio,Gasto de prueba 1615
2026-06-05,16.15,Supermercado,Gasto de prueba 1616
2026-06-06,17.16,Restaurantes,Gasto de prueba 1617
2026-06-07,18.17,Transporte,Gasto de prueba 1618
2026-06-08,19.18,Vivienda,Gasto de prueba 1619
2026-06-09,20.19,Ocio,Gasto de prueba 1620
2026-06-10,21.20,Supermercado,Gasto de prueba 1621
2026-06-11,22.21,Restaurantes,Gasto de prueba 1622
2026-06-12,23.22,Transporte,Gasto de prueba 1623
2026-06-13,24.23,Vivienda,Gasto de prueba 1624
2026-06-14,25.24,Ocio,Gasto de prueba 1625
2026-06-15,26.25,Supermercado,Gasto de prueba 1626
2026-06-16,27.26,Restaurantes,Gasto de prueba 1627
2026-06-17,28.27,Transporte,Gasto de prueba 1628
2026-06-18,29.28,Vivienda,Gasto de prueba 1629
2026-06-19,30.29,Ocio,Gasto de prueba 1630
2026-06-20,31.30,Supermercado,Gasto de prueba 1631
2026-06-21,32.31,Restaurantes,Gasto de prueba 1632
2026-06-22,33.32,Transporte,Gasto de prueba 1633
2026-06-23,34.33,Vivienda,Gasto de prueba 1634
2026-06-24,35.34,Ocio,Gasto de prueba 1635
2026-06-25,36.35,Supermercado,Gasto de prueba 1636
2026-06-26,37.36,Restaurantes,Gasto de prueba 1637
2026-06-27,38.37,Transporte,Gasto de prueba 1638
2026-06-28,39.38,Vivienda,Gasto de prueba 1639
2026-06-29,40.39,Ocio,Gasto de prueba 1640
2026-06-30,41.40,Supermercado,Gasto de prueba 1641
2026-07-01,42.41,Restaurantes,Gasto de prueba 1642
2026-07-02,43.42,Transporte,Gasto de prueba 1643
2026-07-03,44.43,Vivienda,Gasto de prueba 1644
2026-07-04,45.44,Ocio,Gasto de prueba 1645
2026-07-05,46.45,Supermercado,Gasto de prueba 1646
2026-07-06,47.46,Restaurantes,Gasto de prueba 1647
2026-07-07,48.47,Transporte,Gasto de prueba 1648
2026-07-08,49.48,Vivienda,Gasto de prueba 1649
2026-07-09,50.49,Ocio,Gasto de prueba 1650
2026-07-10,51.50,Supermercado,Gasto de prueba 1651
2026-07-11,52.51,Restaurantes,Gasto de prueba 1652
2026-07-12,53.52,Transporte,Gasto de prueba 1653
2026-07-13,54.53,Vivienda,Gasto de prueba 1654
2026-07-14,55.54,Ocio,Gasto de prueba 1655
2026-07-15,56.55,Supermercado,Gasto de prueba 1656
2026-07-16,57.56,Restaurantes,Gasto de prueba 1657
2026-07-17,58.57,Transporte,Gasto de prueba 1658
2026-07-18,59.58,Vivienda,Gasto de prueba 1659
2026-07-19,60.59,Ocio,Gasto de prueba 1660
2026-07-20,61.60,Supermercado,Gasto de prueba 1661
2026-07-21,62.61,Restaurantes,Gasto de prueba 1662
2026-07-22,63.62,Transporte,Gasto de prueba 1663
2026-07-23,64.63,Vivienda,Gasto de prueba 1664
2026-07-24,65.64,Ocio,Gasto de prueba 1665
2026-07-25,66.65,Supermercado,Gasto de prueba 1666
2026-07-26,67.66,Restaurantes,Gasto de prueba 1667
2026-07-27,68.67,Transporte,Gasto de prueba 1668
2026-07-28,69.68,Vivienda,Gasto de prueba 1669
2026-07-29,70.69,Ocio,Gasto de prueba 1670
2026-07-30,71.70,Supermercado,Gasto de prueba 1671
2026-07-31,72.71,Restaurantes,Gasto de prueba 1672
2026-08-01,73.72,Transporte,Gasto de prueba 1673
2026-08-02,74.73,Vivienda,Gasto de prueba 1674
2026-08-03,75.74,Ocio,Gasto de prueba 1675
2026-08-04,76.75,Supermercado,Gasto de prueba 1676
2026-08-05,77.76,Restaurantes,Gasto de prueba 1677
2026-08-06,78.77,Transporte,Gasto de prueba 1678
2026-08-07,79.78,Vivienda,Gasto de prueba 1679
2026-08-08,80.79,Ocio,Gasto de prueba 1680
2026-08-09,81.80,Supermercado,Gasto de prueba 1681
2026-08-10,82.81,Restaurantes,Gasto de prueba 1682
2026-08-11,83.82,Transporte,Gasto de prueba 1683
2026-08-12,84.83,Vivienda,Gasto de prueba 1684
2026-08-13,85.84,Ocio,Gasto de prueba 1685
2026-08-14,86.85,Supermercado,Gasto de prueba 1686
2026-08-15,87.86,Restaurantes,Gasto de prueba 1687
2026-08-16,88.87,Transporte,Gasto de prueba 1688
2026-08-17,89.88,Vivienda,Gasto de prueba 1689
2026-08-18,90.89,Ocio,Gasto de prueba 1690
2026-08-19,91.90,Supermercado,Gasto de prueba 1691
2026-08-20,92.91,Restaurantes,Gasto de prueba 1692
2026-08-21,93.92,Transporte,Gasto de prueba 1693
2026-08-22,94.93,Vivienda,Gasto de prueba 1694
2026-08-23,95.94,Ocio,Gasto de prueba 1695
2026-08-24,96.95,Supermercado,Gasto de prueba 1696
2026-08-25,97.96,Restaurantes,Gasto de prueba 1697
2026-08-26,98.97,Transporte,Gasto de prueba 1698
2026-08-27,99.98,Vivienda,Gasto de prueba 1699
2026-08-28,100.99,Ocio,Gasto de prueba 1700
2026-08-29,101.00,Supermercado,Gasto de prueba 1701
2026-08-30,102.01,Restaurantes,Gasto de prueba 1702
2026-08-31,103.02,Transporte,Gasto de prueba 1703
2026-09-01,104.03,Vivienda,Gasto de prueba 1704
2026-09-02,105.04,Ocio,Gasto de prueba 1705
2026-09-03,106.05,Supermercado,Gasto de prueba 1706
2026-09-04,107.06,Restaurantes,Gasto de prueba 1707
2026-09-05,108.07,Transporte,Gasto de prueba 1708
2026-09-06,109.08,Vivienda,Gasto de prueba 1709
2026-09-07,110.09,Ocio,Gasto de prueba 1710
2026-09-08,111.10,Supermercado,Gasto de prueba 1711
2026-09-09,112.11,Restaurantes,Gasto de prueba 1712
2026-09-10,113.12,Transporte,Gasto de prueba 1713
2026-09-11,114.13,Vivienda,Gasto de prueba 1714
2026-09-12,115.14,Ocio,Gasto de prueba 1715
2026-09-13,116.15,Supermercado,Gasto de prueba 1716
2026-09-14,117.16,Restaurantes,Gasto de prueba 1717
2026-09-15,118.17,Transporte,Gasto de prueba 1718
2026-09-16,119.18,Vivienda,Gasto de prueba 1719
2026-09-17,120.19,Ocio,Gasto de prueba 1720
2026-09-18,121.20,Supermercado,Gasto de prueba 1721
2026-09-19,122.21,Restaurantes,Gasto de prueba 1722
2026-09-20,123.22,Transporte,Gasto de prueba 1723
2026-09-21,124.23,Vivienda,Gasto de prueba 1724
2026-09-22,125.24,Ocio,Gasto de prueba 1725
2026-09-23,126.25,Supermercado,Gasto de prueba 1726
2026-09-24,127.26,Restaurantes,Gasto de prueba 1727
2026-09-25,128.27,Transporte,Gasto de prueba 1728
2026-09-26,129.28,Vivienda,Gasto de prueba 1729
2026-09-27,130.29,Ocio,Gasto de prueba 1730
2026-09-28,131.30,Supermercado,Gasto de prueba 1731
2026-09-29,132.31,Restaurantes,Gasto de prueba 1732
2026-09-30,133.32,Transporte,Gasto de prueba 1733
2026-10-01,134.33,Vivienda,Gasto de prueba 1734
2026-10-02,135.34,Ocio,Gasto de prueba 1735
2026-10-03,136.35,Supermercado,Gasto de prueba 1736
2026-10-04,137.36,Restaurantes,Gasto de prueba 1737
2026-10-05,138.37,Transporte,Gasto de prueba 1738
2026-10-06,139.38,Vivienda,Gasto de prueba 1739
2026-10-07,140.39,Ocio,Gasto de prueba 1740
2026-10-08,141.40,Supermercado,Gasto de prueba 1741
2026-10-09,142.41,Restaurantes,Gasto de prueba 1742
2026-10-10,143.42,Transporte,Gasto de prueba 1743
2026-10-11,144.43,Vivienda,Gasto de prueba 1744
2026-10-12,145.44,Ocio,Gasto de prueba 1745
2026-10-13,146.45,Supermercado,Gasto de prueba 1746
2026-10-14,147.46,Restaurantes,Gasto de prueba 1747
2026-10-15,148.47,Transporte,Gasto de prueba 1748
2026-10-16,149.48,Vivienda,Gasto de prueba 1749
2026-10-17,150.49,Ocio,Gasto de prueba 1750
2026-10-18,151.50,Supermercado,Gasto de prueba 1751
2026-10-19,152.51,Restaurantes,Gasto de prueba 1752
2026-10-20,153.52,Transporte,Gasto de prueba 1753
2026-10-21,154.53,Vivienda,Gasto de prueba 1754
2026-10-22,155.54,Ocio,Gasto de prueba 1755
2026-10-23,156.55,Supermercado,Gasto de prueba 1756
2026-10-24,157.56,Restaurantes,Gasto de prueba 1757
2026-10-25,158.57,Transporte,Gasto de prueba 1758
2026-10-26,159.58,Vivienda,Gasto de prueba 1759
2026-10-27,160.59,Ocio,Gasto de prueba 1760
2026-10-28,161.60,Supermercado,Gasto de prueba 1761
2026-10-29,162.61,Restaurantes,Gasto de prueba 1762
2026-10-30,163.62,Transporte,Gasto de prueba 1763
2026-10-31,164.63,Vivienda,Gasto de prueba 1764
2026-11-01,165.64,Ocio,Gasto de prueba 1765
2026-11-02,166.65,Supermercado,Gasto de prueba 1766
2026-11-03,167.66,Restaurantes,Gasto de prueba 1767
2026-11-04,168.67,Transporte,Gasto de prueba 1768
2026-11-05,169.68,Vivienda,Gasto de prueba 1769
2026-11-06,170.69,Ocio,Gasto de prueba 1770
2026-11-07,171.70,Supermercado,Gasto de prueba 1771
2026-11-08,172.71,Restaurantes,Gasto de prueba 1772
2026-11-09,173.72,Transporte,Gasto de prueba 1773
2026-11-10,174.73,Vivienda,Gasto de prueba 1774
2026-11-11,175.74,Ocio,Gasto de prueba 1775
2026-11-12,176.75,Supermercado,Gasto de prueba 1776
2026-11-13,177.76,Restaurantes,Gasto de prueba 1777
2026-11-14,178.77,Transporte,Gasto de prueba 1778
2026-11-15,179.78,Vivienda,Gasto de prueba 1779
2026-11-16,180.79,Ocio,Gasto de prueba 1780
2026-11-17,181.80,Supermercado,Gasto de prueba 1781
2026-11-18,182.81,Restaurantes,Gasto de prueba 1782
2026-11-19,183.82,Transporte,Gasto de prueba 1783
2026-11-20,184.83,Vivienda,Gasto de prueba 1784
2026-11-21,185.84,Ocio,Gasto de prueba 1785
2026-11-22,186.85,Supermercado,Gasto de prueba 1786
2026-11-23,187.86,Restaurantes,Gasto de prueba 1787
2026-11-24,188.87,Transporte,Gasto de prueba 1788
2026-11-25,189.88,Vivienda,Gasto de prueba 1789
2026-11-26,190.89,Ocio,Gasto de prueba 1790
2026-11-27,191.90,Supermercado,Gasto de prueba 1791
2026-11-28,192.91,Restaurantes,Gasto de prueba 1792
2026-11-29,193.92,Transporte,Gasto de prueba 1793
2026-11-30,194.93,Vivienda,Gasto de prueba 1794
2026-12-01,195.94,Ocio,Gasto de prueba 1795
2026-12-02,196.95,Supermercado,Gasto de prueba 1796
2026-12-03,197.96,Restaurantes,Gasto de prueba 1797
2026-12-04,198.97,Transporte,Gasto de prueba 1798
2026-12-05,199.98,Vivienda,Gasto de prueba 1799
2026-12-06,200.99,Ocio,Gasto de prueba 1800
2026-12-07,1.00,Supermercado,Gasto de prueba 1801
2026-12-08,2.01,Restaurantes,Gasto de prueba 1802
2026-12-09,3.02,Transporte,Gasto de prueba 1803
2026-12-10,4.03,Vivienda,Gasto de prueba 1804
2026-12-11,5.04,Ocio,Gasto de prueba 1805
2026-12-12,6.05,Supermercado,Gasto de prueba 1806
2026-12-13,7.06,Restaurantes,Gasto de prueba 1807
2026-12-14,8.07,Transporte,Gasto de prueba 1808
2026-12-15,9.08,Vivienda,Gasto de prueba 1809
2026-12-16,10.09,Ocio,Gasto de prueba 1810
2026-12-17,11.10,Supermercado,Gasto de prueba 1811
2026-12-18,12.11,Restaurantes,Gasto de prueba 1812
2026-12-19,13.12,Transporte,Gasto de prueba 1813
2026-12-20,14.13,Vivienda,Gasto de prueba 1814
2026-12-21,15.14,Ocio,Gasto de prueba 1815
2026-12-22,16.15,Supermercado,Gasto de prueba 1816
2026-12-23,17.16,Restaurantes,Gasto de prueba 1817
2026-12-24,18.17,Transporte,Gasto de prueba 1818
2026-12-25,19.18,Vivienda,Gasto de prueba 1819
2026-12-26,20.19,Ocio,Gasto de prueba 1820
2026-12-27,21.20,Supermercado,Gasto de prueba 1821
2026-12-28,22.21,Restaurantes,Gasto de prueba 1822
2026-12-29,23.22,Transporte,Gasto de prueba 1823
2026-12-30,24.23,Vivienda,Gasto de prueba 1824
2026-12-31,25.24,Ocio,Gasto de prueba 1825
2026-01-01,26.25,Supermercado,Gasto de prueba 1826
2026-01-02,27.26,Restaurantes,Gasto de prueba 1827
2026-01-03,28.27,Transporte,Gasto de prueba 1828
2026-01-04,29.28,Vivienda,Gasto de prueba 1829
2026-01-05,30.29,Ocio,Gasto de prueba 1830
2026-01-06,31.30,Supermercado,Gasto de prueba 1831
2026-01-07,32.31,Restaurantes,Gasto de prueba 1832
2026-01-08,33.32,Transporte,Gasto de prueba 1833
2026-01-09,34.33,Vivienda,Gasto de prueba 1834
2026-01-10,35.34,Ocio,Gasto de prueba 1835
2026-01-11,36.35,Supermercado,Gasto de prueba 1836
2026-01-12,37.36,Restaurantes,Gasto de prueba 1837
2026-01-13,38.37,Transporte,Gasto de prueba 1838
2026-01-14,39.38,Vivienda,Gasto de prueba 1839
2026-01-15,40.39,Ocio,Gasto de prueba 1840
2026-01-16,41.40,Supermercado,Gasto de prueba 1841
2026-01-17,42.41,Restaurantes,Gasto de prueba 1842
2026-01-18,43.42,Transporte,Gasto de prueba 1843
2026-01-19,44.43,Vivienda,Gasto de prueba 1844
2026-01-20,45.44,Ocio,Gasto de prueba 1845
2026-01-21,46.45,Supermercado,Gasto de prueba 1846
2026-01-22,47.46,Restaurantes,Gasto de prueba 1847
2026-01-23,48.47,Transporte,Gasto de prueba 1848
2026-01-24,49.48,Vivienda,Gasto de prueba 1849
2026-01-25,50.49,Ocio,Gasto de prueba 1850
2026-01-26,51.50,Supermercado,Gasto de prueba 1851
2026-01-27,52.51,Restaurantes,Gasto de prueba 1852
2026-01-28,53.52,Transporte,Gasto de prueba 1853
2026-01-29,54.53,Vivienda,Gasto de prueba 1854
2026-01-30,55.54,Ocio,Gasto de prueba 1855
2026-01-31,56.55,Supermercado,Gasto de prueba 1856
2026-02-01,57.56,Restaurantes,Gasto de prueba 1857
2026-02-02,58.57,Transporte,Gasto de prueba 1858
2026-02-03,59.58,Vivienda,Gasto de prueba 1859
2026-02-04,60.59,Ocio,Gasto de prueba 1860
2026-02-05,61.60,Supermercado,Gasto de prueba 1861
2026-02-06,62.61,Restaurantes,Gasto de prueba 1862
2026-02-07,63.62,Transporte,Gasto de prueba 1863
2026-02-08,64.63,Vivienda,Gasto de prueba 1864
2026-02-09,65.64,Ocio,Gasto de prueba 1865
2026-02-10,66.65,Supermercado,Gasto de prueba 1866
2026-02-11,67.66,Restaurantes,Gasto de prueba 1867
2026-02-12,68.67,Transporte,Gasto de prueba 1868
2026-02-13,69.68,Vivienda,Gasto de prueba 1869
2026-02-14,70.69,Ocio,Gasto de prueba 1870
2026-02-15,71.70,Supermercado,Gasto de prueba 1871
2026-02-16,72.71,Restaurantes,Gasto de prueba 1872
2026-02-17,73.72,Transporte,Gasto de prueba 1873
2026-02-18,74.73,Vivienda,Gasto de prueba 1874
2026-02-19,75.74,Ocio,Gasto de prueba 1875
2026-02-20,76.75,Supermercado,Gasto de prueba 1876
2026-02-21,77.76,Restaurantes,Gasto de prueba 1877
2026-02-22,78.77,Transporte,Gasto de prueba 1878
2026-02-23,79.78,Vivienda,Gasto de prueba 1879
2026-02-24,80.79,Ocio,Gasto de prueba 1880
2026-02-25,81.80,Supermercado,Gasto de prueba 1881
2026-02-26,82.81,Restaurantes,Gasto de prueba 1882
2026-02-27,83.82,Transporte,Gasto de prueba 1883
2026-02-28,84.83,Vivienda,Gasto de prueba 1884
2026-03-01,85.84,Ocio,Gasto de prueba 1885
2026-03-02,86.85,Supermercado,Gasto de prueba 1886
2026-03-03,87.86,Restaurantes,Gasto de prueba 1887
2026-03-04,88.87,Transporte,Gasto de prueba 1888
2026-03-05,89.88,Vivienda,Gasto de prueba 1889
2026-03-06,90.89,Ocio,Gasto de prueba 1890
2026-03-07,91.90,Supermercado,Gasto de prueba 1891
2026-03-08,92.91,Restaurantes,Gasto de prueba 1892
2026-03-09,93.92,Transporte,Gasto de prueba 1893
2026-03-10,94.93,Vivienda,Gasto de prueba 1894
2026-03-11,95.94,Ocio,Gasto de prueba 1895
2026-03-12,96.95,Supermercado,Gasto de prueba 1896
2026-03-13,97.96,Restaurantes,Gasto de prueba 1897
2026-03-14,98.97,Transporte,Gasto de prueba 1898
2026-03-15,99.98,Vivienda,Gasto de prueba 1899
2026-03-16,100.99,Ocio,Gasto de prueba 1900
2026-03-17,101.00,Supermercado,Gasto de prueba 1901
2026-03-18,102.01,Restaurantes,Gasto de prueba 1902
2026-03-19,103.02,Transporte,Gasto de prueba 1903
2026-03-20,104.03,Vivienda,Gasto de prueba 1904
2026-03-21,105.04,Ocio,Gasto de prueba 1905
2026-03-22,106.05,Supermercado,Gasto de prueba 1906
2026-03-23,107.06,Restaurantes,Gasto de prueba 1907
2026-03-24,108.07,Transporte,Gasto de prueba 1908
2026-03-25,109.08,Vivienda,Gasto de prueba 1909
2026-03-26,110.09,Ocio,Gasto de prueba 1910
2026-03-27,111.10,Supermercado,Gasto de prueba 1911
2026-03-28,112.11,Restaurantes,Gasto de prueba 1912
2026-03-29,113.12,Transporte,Gasto de prueba 1913
2026-03-30,114.13,Vivienda,Gasto de prueba 1914
2026-03-31,115.14,Ocio,Gasto de prueba 1915
2026-04-01,116.15,Supermercado,Gasto de prueba 1916
2026-04-02,117.16,Restaurantes,Gasto de prueba 1917
2026-04-03,118.17,Transporte,Gasto de prueba 1918
2026-04-04,119.18,Vivienda,Gasto de prueba 1919
2026-04-05,120.19,Ocio,Gasto de prueba 1920
2026-04-06,121.20,Supermercado,Gasto de prueba 1921
2026-04-07,122.21,Restaurantes,Gasto de prueba 1922
2026-04-08,123.22,Transporte,Gasto de prueba 1923
2026-04-09,124.23,Vivienda,Gasto de prueba 1924
2026-04-10,125.24,Ocio,Gasto de prueba 1925
2026-04-11,126.25,Supermercado,Gasto de prueba 1926
2026-04-12,127.26,Restaurantes,Gasto de prueba 1927
2026-04-13,128.27,Transporte,Gasto de prueba 1928
2026-04-14,129.28,Vivienda,Gasto de prueba 1929
2026-04-15,130.29,Ocio,Gasto de prueba 1930
2026-04-16,131.30,Supermercado,Gasto de prueba 1931
2026-04-17,132.31,Restaurantes,Gasto de prueba 1932
2026-04-18,133.32,Transporte,Gasto de prueba 1933
2026-04-19,134.33,Vivienda,Gasto de prueba 1934
2026-04-20,135.34,Ocio,Gasto de prueba 1935
2026-04-21,136.35,Supermercado,Gasto de prueba 1936
2026-04-22,137.36,Restaurantes,Gasto de prueba 1937
2026-04-23,138.37,Transporte,Gasto de prueba 1938
2026-04-24,139.38,Vivienda,Gasto de prueba 1939
2026-04-25,140.39,Ocio,Gasto de prueba 1940
2026-04-26,141.40,Supermercado,Gasto de prueba 1941
2026-04-27,142.41,Restaurantes,Gasto de prueba 1942
2026-04-28,143.42,Transporte,Gasto de prueba 1943
2026-04-29,144.43,Vivienda,Gasto de prueba 1944
2026-04-30,145.44,Ocio,Gasto de prueba 1945
2026-05-01,146.45,Supermercado,Gasto de prueba 1946
2026-05-02,147.46,Restaurantes,Gasto de prueba 1947
2026-05-03,148.47,Transporte,Gasto de prueba 1948
2026-05-04,149.48,Vivienda,Gasto de prueba 1949
2026-05-05,150.49,Ocio,Gasto de prueba 1950
2026-05-06,151.50,Supermercado,Gasto de prueba 1951
2026-05-07,152.51,Restaurantes,Gasto de prueba 1952
2026-05-08,153.52,Transporte,Gasto de prueba 1953
2026-05-09,154.53,Vivienda,Gasto de prueba 1954
2026-05-10,155.54,Ocio,Gasto de prueba 1955
2026-05-11,156.55,Supermercado,Gasto de prueba 1956
2026-05-12,157.56,Restaurantes,Gasto de prueba 1957
2026-05-13,158.57,Transporte,Gasto de prueba 1958
2026-05-14,159.58,Vivienda,Gasto de prueba 1959
2026-05-15,160.59,Ocio,Gasto de prueba 1960
2026-05-16,161.60,Supermercado,Gasto de prueba 1961
2026-05-17,162.61,Restaurantes,Gasto de prueba 1962
2026-05-18,163.62,Transporte,Gasto de prueba 1963
2026-05-19,164.63,Vivienda,Gasto de prueba 1964
2026-05-20,165.64,Ocio,Gasto de prueba 1965
2026-05-21,166.65,Supermercado,Gasto de prueba 1966
2026-05-22,167.66,Restaurantes,Gasto de prueba 1967
2026-05-23,168.67,Transporte,Gasto de prueba 1968
2026-05-24,169.68,Vivienda,Gasto de prueba 1969
2026-05-25,170.69,Ocio,Gasto de prueba 1970
2026-05-26,171.70,Supermercado,Gasto de prueba 1971
2026-05-27,172.71,Restaurantes,Gasto de prueba 1972
2026-05-28,173.72,Transporte,Gasto de prueba 1973
2026-05-29,174.73,Vivienda,Gasto de prueba 1974
2026-05-30,175.74,Ocio,Gasto de prueba 1975
2026-05-31,176.75,Supermercado,Gasto de prueba 1976
2026-06-01,177.76,Restaurantes,Gasto de prueba 1977
2026-06-02,178.77,Transporte,Gasto de prueba 1978
2026-06-03,179.78,Vivienda,Gasto de prueba 1979
2026-06-04,180.79,Ocio,Gasto de prueba 1980
2026-06-05,181.80,Supermercado,Gasto de prueba 1981
2026-06-06,182.81,Restaurantes,Gasto de prueba 1982
2026-06-07,183.82,Transporte,Gasto de prueba 1983
2026-06-08,184.83,Vivienda,Gasto de prueba 1984
2026-06-09,185.84,Ocio,Gasto de prueba 1985
2026-06-10,186.85,Supermercado,Gasto de prueba 1986
2026-06-11,187.86,Restaurantes,Gasto de prueba 1987
2026-06-12,188.87,Transporte,Gasto de prueba 1988
2026-06-13,189.88,Vivienda,Gasto de prueba 1989
2026-06-14,190.89,Ocio,Gasto de prueba 1990
2026-06-15,191.90,Supermercado,Gasto de prueba 1991
2026-06-16,192.91,Restaurantes,Gasto de prueba 1992
2026-06-17,193.92,Transporte,Gasto de prueba 1993
2026-06-18,194.93,Vivienda,Gasto de prueba 1994
2026-06-19,195.94,Ocio,Gasto de prueba 1995
2026-06-20,196.95,Supermercado,Gasto de prueba 1996
2026-06-21,197.96,Restaurantes,Gasto de prueba 1997
2026-06-22,198.97,Transporte,Gasto de prueba 1998
2026-06-23,199.98,Vivienda,Gasto de prueba 1999
2026-06-24,200.99,Ocio,Gasto de prueba 2000
2026-06-25,1.00,Supermercado,Gasto de prueba 2001
2026-06-26,2.01,Restaurantes,Gasto de prueba 2002
2026-06-27,3.02,Transporte,Gasto de prueba 2003
2026-06-28,4.03,Vivienda,Gasto de prueba 2004
2026-06-29,5.04,Ocio,Gasto de prueba 2005
2026-06-30,6.05,Supermercado,Gasto de prueba 2006
2026-07-01,7.06,Restaurantes,Gasto de prueba 2007
2026-07-02,8.07,Transporte,Gasto de prueba 2008
2026-07-03,9.08,Vivienda,Gasto de prueba 2009
2026-07-04,10.09,Ocio,Gasto de prueba 2010
2026-07-05,11.10,Supermercado,Gasto de prueba 2011
2026-07-06,12.11,Restaurantes,Gasto de prueba 2012
2026-07-07,13.12,Transporte,Gasto de prueba 2013
2026-07-08,14.13,Vivienda,Gasto de prueba 2014
2026-07-09,15.14,Ocio,Gasto de prueba 2015
2026-07-10,16.15,Supermercado,Gasto de prueba 2016
2026-07-11,17.16,Restaurantes,Gasto de prueba 2017
2026-07-12,18.17,Transporte,Gasto de prueba 2018
2026-07-13,19.18,Vivienda,Gasto de prueba 2019
2026-07-14,20.19,Ocio,Gasto de prueba 2020
2026-07-15,21.20,Supermercado,Gasto de prueba 2021
2026-07-16,22.21,Restaurantes,Gasto de prueba 2022
2026-07-17,23.22,Transporte,Gasto de prueba 2023
2026-07-18,24.23,Vivienda,Gasto de prueba 2024
2026-07-19,25.24,Ocio,Gasto de prueba 2025
2026-07-20,26.25,Supermercado,Gasto de prueba 2026
2026-07-21,27.26,Restaurantes,Gasto de prueba 2027
2026-07-22,28.27,Transporte,Gasto de prueba 2028
2026-07-23,29.28,Vivienda,Gasto de prueba 2029
2026-07-24,30.29,Ocio,Gasto de prueba 2030
2026-07-25,31.30,Supermercado,Gasto de prueba 2031
2026-07-26,32.31,Restaurantes,Gasto de prueba 2032
2026-07-27,33.32,Transporte,Gasto de prueba 2033
2026-07-28,34.33,Vivienda,Gasto de prueba 2034
2026-07-29,35.34,Ocio,Gasto de prueba 2035
2026-07-30,36.35,Supermercado,Gasto de prueba 2036
2026-07-31,37.36,Restaurantes,Gasto de prueba 2037
2026-08-01,38.37,Transporte,Gasto de prueba 2038
2026-08-02,39.38,Vivienda,Gasto de prueba 2039
2026-08-03,40.39,Ocio,Gasto de prueba 2040
2026-08-04,41.40,Supermercado,Gasto de prueba 2041
2026-08-05,42.41,Restaurantes,Gasto de prueba 2042
2026-08-06,43.42,Transporte,Gasto de prueba 2043
2026-08-07,44.43,Vivienda,Gasto de prueba 2044
2026-08-08,45.44,Ocio,Gasto de prueba 2045
2026-08-09,46.45,Supermercado,Gasto de prueba 2046
2026-08-10,47.46,Restaurantes,Gasto de prueba 2047
2026-08-11,48.47,Transporte,Gasto de prueba 2048
2026-08-12,49.48,Vivienda,Gasto de prueba 2049
2026-08-13,50.49,Ocio,Gasto de prueba 2050
2026-08-14,51.50,Supermercado,Gasto de prueba 2051
2026-08-15,52.51,Restaurantes,Gasto de prueba 2052
2026-08-16,53.52,Transporte,Gasto de prueba 2053
2026-08-17,54.53,Vivienda,Gasto de prueba 2054
2026-08-18,55.54,Ocio,Gasto de prueba 2055
2026-08-19,56.55,Supermercado,Gasto de prueba 2056
2026-08-20,57.56,Restaurantes,Gasto de prueba 2057
2026-08-21,58.57,Transporte,Gasto de prueba 2058
2026-08-22,59.58,Vivienda,Gasto de prueba 2059
2026-08-23,60.59,Ocio,Gasto de prueba 2060
2026-08-24,61.60,Supermercado,Gasto de prueba 2061
2026-08-25,62.61,Restaurantes,Gasto de prueba 2062
2026-08-26,63.62,Transporte,Gasto de prueba 2063
2026-08-27,64.63,Vivienda,Gasto de prueba 2064
2026-08-28,65.64,Ocio,Gasto de prueba 2065
2026-08-29,66.65,Supermercado,Gasto de prueba 2066
2026-08-30,67.66,Restaurantes,Gasto de prueba 2067
2026-08-31,68.67,Transporte,Gasto de prueba 2068
2026-09-01,69.68,Vivienda,Gasto de prueba 2069
2026-09-02,70.69,Ocio,Gasto de prueba 2070
2026-09-03,71.70,Supermercado,Gasto de prueba 2071
2026-09-04,72.71,Restaurantes,Gasto de prueba 2072
2026-09-05,73.72,Transporte,Gasto de prueba 2073
2026-09-06,74.73,Vivienda,Gasto de prueba 2074
2026-09-07,75.74,Ocio,Gasto de prueba 2075
2026-09-08,76.75,Supermercado,Gasto de prueba 2076
2026-09-09,77.76,Restaurantes,Gasto de prueba 2077
2026-09-10,78.77,Transporte,Gasto de prueba 2078
2026-09-11,79.78,Vivienda,Gasto de prueba 2079
2026-09-12,80.79,Ocio,Gasto de prueba 2080
2026-09-13,81.80,Supermercado,Gasto de prueba 2081
2026-09-14,82.81,Restaurantes,Gasto de prueba 2082
2026-09-15,83.82,Transporte,Gasto de prueba 2083
2026-09-16,84.83,Vivienda,Gasto de prueba 2084
2026-09-17,85.84,Ocio,Gasto de prueba 2085
2026-09-18,86.85,Supermercado,Gasto de prueba 2086
2026-09-19,87.86,Restaurantes,Gasto de prueba 2087
2026-09-20,88.87,Transporte,Gasto de prueba 2088
2026-09-21,89.88,Vivienda,Gasto de prueba 2089
2026-09-22,90.89,Ocio,Gasto de prueba 2090
2026-09-23,91.90,Supermercado,Gasto de prueba 2091
2026-09-24,92.91,Restaurantes,Gasto de prueba 2092
2026-09-25,93.92,Transporte,Gasto de prueba 2093
2026-09-26,94.93,Vivienda,Gasto de prueba 2094
2026-09-27,95.94,Ocio,Gasto de prueba 2095
2026-09-28,96.95,Supermercado,Gasto de prueba 2096
2026-09-29,97.96,Restaurantes,Gasto de prueba 2097
2026-09-30,98.97,Transporte,Gasto de prueba 2098
2026-10-01,99.98,Vivienda,Gasto de prueba 2099
2026-10-02,100.99,Ocio,Gasto de prueba 2100
2026-10-03,101.00,Supermercado,Gasto de prueba 2101
2026-10-04,102.01,Restaurantes,Gasto de prueba 2102
2026-10-05,103.02,Transporte,Gasto de prueba 2103
2026-10-06,104.03,Vivienda,Gasto de prueba 2104
2026-10-07,105.04,Ocio,Gasto de prueba 2105
2026-10-08,106.05,Supermercado,Gasto de prueba 2106
2026-10-09,107.06,Restaurantes,Gasto de prueba 2107
2026-10-10,108.07,Transporte,Gasto de prueba 2108
2026-10-11,109.08,Vivienda,Gasto de prueba 2109
2026-10-12,110.09,Ocio,Gasto de prueba 2110
2026-10-13,111.10,Supermercado,Gasto de prueba 2111
2026-10-14,112.11,Restaurantes,Gasto de prueba 2112
2026-10-15,113.12,Transporte,Gasto de prueba 2113
2026-10-16,114.13,Vivienda,Gasto de prueba 2114
2026-10-17,115.14,Ocio,Gasto de prueba 2115
2026-10-18,116.15,Supermercado,Gasto de prueba 2116
2026-10-19,117.16,Restaurantes,Gasto de prueba 2117
2026-10-20,118.17,Transporte,Gasto de prueba 2118
2026-10-21,119.18,Vivienda,Gasto de prueba 2119
2026-10-22,120.19,Ocio,Gasto de prueba 2120
2026-10-23,121.20,Supermercado,Gasto de prueba 2121
2026-10-24,122.21,Restaurantes,Gasto de prueba 2122
2026-10-25,123.22,Transporte,Gasto de prueba 2123
2026-10-26,124.23,Vivienda,Gasto de prueba 2124
2026-10-27,125.24,Ocio,Gasto de prueba 2125
2026-10-28,126.25,Supermercado,Gasto de prueba 2126
2026-10-29,127.26,Restaurantes,Gasto de prueba 2127
2026-10-30,128.27,Transporte,Gasto de prueba 2128
2026-10-31,129.28,Vivienda,Gasto de prueba 2129
2026-11-01,130.29,Ocio,Gasto de prueba 2130
2026-11-02,131.30,Supermercado,Gasto de prueba 2131
2026-11-03,132.31,Restaurantes,Gasto de prueba 2132
2026-11-04,133.32,Transporte,Gasto de prueba 2133
2026-11-05,134.33,Vivienda,Gasto de prueba 2134
2026-11-06,135.34,Ocio,Gasto de prueba 2135
2026-11-07,136.35,Supermercado,Gasto de prueba 2136
2026-11-08,137.36,Restaurantes,Gasto de prueba 2137
2026-11-09,138.37,Transporte,Gasto de prueba 2138
2026-11-10,139.38,Vivienda,Gasto de prueba 2139
2026-11-11,140.39,Ocio,Gasto de prueba 2140
2026-11-12,141.40,Supermercado,Gasto de prueba 2141
2026-11-13,142.41,Restaurantes,Gasto de prueba 2142
2026-11-14,143.42,Transporte,Gasto de prueba 2143
2026-11-15,144.43,Vivienda,Gasto de prueba 2144
2026-11-16,145.44,Ocio,Gasto de prueba 2145
2026-11-17,146.45,Supermercado,Gasto de prueba 2146
2026-11-18,147.46,Restaurantes,Gasto de prueba 2147
2026-11-19,148.47,Transporte,Gasto de prueba 2148
2026-11-20,149.48,Vivienda,Gasto de prueba 2149
2026-11-21,150.49,Ocio,Gasto de prueba 2150
2026-11-22,151.50,Supermercado,Gasto de prueba 2151
2026-11-23,152.51,Restaurantes,Gasto de prueba 2152
2026-11-24,153.52,Transporte,Gasto de prueba 2153
2026-11-25,154.53,Vivienda,Gasto de prueba 2154
2026-11-26,155.54,Ocio,Gasto de prueba 2155
2026-11-27,156.55,Supermercado,Gasto de prueba 2156
2026-11-28,157.56,Restaurantes,Gasto de prueba 2157
2026-11-29,158.57,Transporte,Gasto de prueba 2158
2026-11-30,159.58,Vivienda,Gasto de prueba 2159
2026-12-01,160.59,Ocio,Gasto de prueba 2160
2026-12-02,161.60,Supermercado,Gasto de prueba 2161
2026-12-03,162.61,Restaurantes,Gasto de prueba 2162
2026-12-04,163.62,Transporte,Gasto de prueba 2163
2026-12-05,164.63,Vivienda,Gasto de prueba 2164
2026-12-06,165.64,Ocio,Gasto de prueba 2165
2026-12-07,166.65,Supermercado,Gasto de prueba 2166
2026-12-08,167.66,Restaurantes,Gasto de prueba 2167
2026-12-09,168.67,Transporte,Gasto de prueba 2168
2026-12-10,169.68,Vivienda,Gasto de prueba 2169
2026-12-11,170.69,Ocio,Gasto de prueba 2170
2026-12-12,171.70,Supermercado,Gasto de prueba 2171
2026-12-13,172.71,Restaurantes,Gasto de prueba 2172
2026-12-14,173.72,Transporte,Gasto de prueba 2173
2026-12-15,174.73,Vivienda,Gasto de prueba 2174
2026-12-16,175.74,Ocio,Gasto de prueba 2175
2026-12-17,176.75,Supermercado,Gasto de prueba 2176
2026-12-18,177.76,Restaurantes,Gasto de prueba 2177
2026-12-19,178.77,Transporte,Gasto de prueba 2178
2026-12-20,179.78,Vivienda,Gasto de prueba 2179
2026-12-21,180.79,Ocio,Gasto de prueba 2180
2026-12-22,181.80,Supermercado,Gasto de prueba 2181
2026-12-23,182.81,Restaurantes,Gasto de prueba 2182
2026-12-24,183.82,Transporte,Gasto de prueba 2183
2026-12-25,184.83,Vivienda,Gasto de prueba 2184
2026-12-26,185.84,Ocio,Gasto de prueba 2185
2026-12-27,186.85,Supermercado,Gasto de prueba 2186
2026-12-28,187.86,Restaurantes,Gasto de prueba 2187
2026-12-29,188.87,Transporte,Gasto de prueba 2188
2026-12-30,189.88,Vivienda,Gasto de prueba 2189
2026-12-31,190.89,Ocio,Gasto de prueba 2190
2026-01-01,191.90,Supermercado,Gasto de prueba 2191
2026-01-02,192.91,Restaurantes,Gasto de prueba 2192
2026-01-03,193.92,Transporte,Gasto de prueba 2193
2026-01-04,194.93,Vivienda,Gasto de prueba 2194
2026-01-05,195.94,Ocio,Gasto de prueba 2195
2026-01-06,196.95,Supermercado,Gasto de prueba 2196
2026-01-07,197.96,Restaurantes,Gasto de prueba 2197
2026-01-08,198.97,Transporte,Gasto de prueba 2198
2026-01-09,199.98,Vivienda,Gasto de prueba 2199
2026-01-10,200.99,Ocio,Gasto de prueba 2200
2026-01-11,1.00,Supermercado,Gasto de prueba 2201
2026-01-12,2.01,Restaurantes,Gasto de prueba 2202
2026-01-13,3.02,Transporte,Gasto de prueba 2203
2026-01-14,4.03,Vivienda,Gasto de prueba 2204
2026-01-15,5.04,Ocio,Gasto de prueba 2205
2026-01-16,6.05,Supermercado,Gasto de prueba 2206
2026-01-17,7.06,Restaurantes,Gasto de prueba 2207
2026-01-18,8.07,Transporte,Gasto de prueba 2208
2026-01-19,9.08,Vivienda,Gasto de prueba 2209
2026-01-20,10.09,Ocio,Gasto de prueba 2210
2026-01-21,11.10,Supermercado,Gasto de prueba 2211
2026-01-22,12.11,Restaurantes,Gasto de prueba 2212
2026-01-23,13.12,Transporte,Gasto de prueba 2213
2026-01-24,14.13,Vivienda,Gasto de prueba 2214
2026-01-25,15.14,Ocio,Gasto de prueba 2215
2026-01-26,16.15,Supermercado,Gasto de prueba 2216
2026-01-27,17.16,Restaurantes,Gasto de prueba 2217
2026-01-28,18.17,Transporte,Gasto de prueba 2218
2026-01-29,19.18,Vivienda,Gasto de prueba 2219
2026-01-30,20.19,Ocio,Gasto de prueba 2220
2026-01-31,21.20,Supermercado,Gasto de prueba 2221
2026-02-01,22.21,Restaurantes,Gasto de prueba 2222
2026-02-02,23.22,Transporte,Gasto de prueba 2223
2026-02-03,24.23,Vivienda,Gasto de prueba 2224
2026-02-04,25.24,Ocio,Gasto de prueba 2225
2026-02-05,26.25,Supermercado,Gasto de prueba 2226
2026-02-06,27.26,Restaurantes,Gasto de prueba 2227
2026-02-07,28.27,Transporte,Gasto de prueba 2228
2026-02-08,29.28,Vivienda,Gasto de prueba 2229
2026-02-09,30.29,Ocio,Gasto de prueba 2230
2026-02-10,31.30,Supermercado,Gasto de prueba 2231
2026-02-11,32.31,Restaurantes,Gasto de prueba 2232
2026-02-12,33.32,Transporte,Gasto de prueba 2233
2026-02-13,34.33,Vivienda,Gasto de prueba 2234
2026-02-14,35.34,Ocio,Gasto de prueba 2235
2026-02-15,36.35,Supermercado,Gasto de prueba 2236
2026-02-16,37.36,Restaurantes,Gasto de prueba 2237
2026-02-17,38.37,Transporte,Gasto de prueba 2238
2026-02-18,39.38,Vivienda,Gasto de prueba 2239
2026-02-19,40.39,Ocio,Gasto de prueba 2240
2026-02-20,41.40,Supermercado,Gasto de prueba 2241
2026-02-21,42.41,Restaurantes,Gasto de prueba 2242
2026-02-22,43.42,Transporte,Gasto de prueba 2243
2026-02-23,44.43,Vivienda,Gasto de prueba 2244
2026-02-24,45.44,Ocio,Gasto de prueba 2245
2026-02-25,46.45,Supermercado,Gasto de prueba 2246
2026-02-26,47.46,Restaurantes,Gasto de prueba 2247
2026-02-27,48.47,Transporte,Gasto de prueba 2248
2026-02-28,49.48,Vivienda,Gasto de prueba 2249
2026-03-01,50.49,Ocio,Gasto de prueba 2250
2026-03-02,51.50,Supermercado,Gasto de prueba 2251
2026-03-03,52.51,Restaurantes,Gasto de prueba 2252
2026-03-04,53.52,Transporte,Gasto de prueba 2253
2026-03-05,54.53,Vivienda,Gasto de prueba 2254
2026-03-06,55.54,Ocio,Gasto de prueba 2255
2026-03-07,56.55,Supermercado,Gasto de prueba 2256
2026-03-08,57.56,Restaurantes,Gasto de prueba 2257
2026-03-09,58.57,Transporte,Gasto de prueba 2258
2026-03-10,59.58,Vivienda,Gasto de prueba 2259
2026-03-11,60.59,Ocio,Gasto de prueba 2260
2026-03-12,61.60,Supermercado,Gasto de prueba 2261
2026-03-13,62.61,Restaurantes,Gasto de prueba 2262
2026-03-14,63.62,Transporte,Gasto de prueba 2263
2026-03-15,64.63,Vivienda,Gasto de prueba 2264
2026-03-16,65.64,Ocio,Gasto de prueba 2265
2026-03-17,66.65,Supermercado,Gasto de prueba 2266
2026-03-18,67.66,Restaurantes,Gasto de prueba 2267
2026-03-19,68.67,Transporte,Gasto de prueba 2268
2026-03-20,69.68,Vivienda,Gasto de prueba 2269
2026-03-21,70.69,Ocio,Gasto de prueba 2270
2026-03-22,71.70,Supermercado,Gasto de prueba 2271
2026-03-23,72.71,Restaurantes,Gasto de prueba 2272
2026-03-24,73.72,Transporte,Gasto de prueba 2273
2026-03-25,74.73,Vivienda,Gasto de prueba 2274
2026-03-26,75.74,Ocio,Gasto de prueba 2275
2026-03-27,76.75,Supermercado,Gasto de prueba 2276
2026-03-28,77.76,Restaurantes,Gasto de prueba 2277
2026-03-29,78.77,Transporte,Gasto de prueba 2278
2026-03-30,79.78,Vivienda,Gasto de prueba 2279
2026-03-31,80.79,Ocio,Gasto de prueba 2280
2026-04-01,81.80,Supermercado,Gasto de prueba 2281
2026-04-02,82.81,Restaurantes,Gasto de prueba 2282
2026-04-03,83.82,Transporte,Gasto de prueba 2283
2026-04-04,84.83,Vivienda,Gasto de prueba 2284
2026-04-05,85.84,Ocio,Gasto de prueba 2285
2026-04-06,86.85,Supermercado,Gasto de prueba 2286
2026-04-07,87.86,Restaurantes,Gasto de prueba 2287
2026-04-08,88.87,Transporte,Gasto de prueba 2288
2026-04-09,89.88,Vivienda,Gasto de prueba 2289
2026-04-10,90.89,Ocio,Gasto de prueba 2290
2026-04-11,91.90,Supermercado,Gasto de prueba 2291
2026-04-12,92.91,Restaurantes,Gasto de prueba 2292
2026-04-13,93.92,Transporte,Gasto de prueba 2293
2026-04-14,94.93,Vivienda,Gasto de prueba 2294
2026-04-15,95.94,Ocio,Gasto de prueba 2295
2026-04-16,96.95,Supermercado,Gasto de prueba 2296
2026-04-17,97.96,Restaurantes,Gasto de prueba 2297
2026-04-18,98.97,Transporte,Gasto de prueba 2298
2026-04-19,99.98,Vivienda,Gasto de prueba 2299
2026-04-20,100.99,Ocio,Gasto de prueba 2300
2026-04-21,101.00,Supermercado,Gasto de prueba 2301
2026-04-22,102.01,Restaurantes,Gasto de prueba 2302
2026-04-23,103.02,Transporte,Gasto de prueba 2303
2026-04-24,104.03,Vivienda,Gasto de prueba 2304
2026-04-25,105.04,Ocio,Gasto de prueba 2305
2026-04-26,106.05,Supermercado,Gasto de prueba 2306
2026-04-27,107.06,Restaurantes,Gasto de prueba 2307
2026-04-28,108.07,Transporte,Gasto de prueba 2308
2026-04-29,109.08,Vivienda,Gasto de prueba 2309
2026-04-30,110.09,Ocio,Gasto de prueba 2310
2026-05-01,111.10,Supermercado,Gasto de prueba 2311
2026-05-02,112.11,Restaurantes,Gasto de prueba 2312
2026-05-03,113.12,Transporte,Gasto de prueba 2313
2026-05-04,114.13,Vivienda,Gasto de prueba 2314
2026-05-05,115.14,Ocio,Gasto de prueba 2315
2026-05-06,116.15,Supermercado,Gasto de prueba 2316
2026-05-07,117.16,Restaurantes,Gasto de prueba 2317
2026-05-08,118.17,Transporte,Gasto de prueba 2318
2026-05-09,119.18,Vivienda,Gasto de prueba 2319
2026-05-10,120.19,Ocio,Gasto de prueba 2320
2026-05-11,121.20,Supermercado,Gasto de prueba 2321
2026-05-12,122.21,Restaurantes,Gasto de prueba 2322
2026-05-13,123.22,Transporte,Gasto de prueba 2323
2026-05-14,124.23,Vivienda,Gasto de prueba 2324
2026-05-15,125.24,Ocio,Gasto de prueba 2325
2026-05-16,126.25,Supermercado,Gasto de prueba 2326
2026-05-17,127.26,Restaurantes,Gasto de prueba 2327
2026-05-18,128.27,Transporte,Gasto de prueba 2328
2026-05-19,129.28,Vivienda,Gasto de prueba 2329
2026-05-20,130.29,Ocio,Gasto de prueba 2330
2026-05-21,131.30,Supermercado,Gasto de prueba 2331
2026-05-22,132.31,Restaurantes,Gasto de prueba 2332
2026-05-23,133.32,Transporte,Gasto de prueba 2333
2026-05-24,134.33,Vivienda,Gasto de prueba 2334
2026-05-25,135.34,Ocio,Gasto de prueba 2335
2026-05-26,136.35,Supermercado,Gasto de prueba 2336
2026-05-27,137.36,Restaurantes,Gasto de prueba 2337
2026-05-28,138.37,Transporte,Gasto de prueba 2338
2026-05-29,139.38,Vivienda,Gasto de prueba 2339
2026-05-30,140.39,Ocio,Gasto de prueba 2340
2026-05-31,141.40,Supermercado,Gasto de prueba 2341
2026-06-01,142.41,Restaurantes,Gasto de prueba 2342
2026-06-02,143.42,Transporte,Gasto de prueba 2343
2026-06-03,144.43,Vivienda,Gasto de prueba 2344
2026-06-04,145.44,Ocio,Gasto de prueba 2345
2026-06-05,146.45,Supermercado,Gasto de prueba 2346
2026-06-06,147.46,Restaurantes,Gasto de prueba 2347
2026-06-07,148.47,Transporte,Gasto de prueba 2348
2026-06-08,149.48,Vivienda,Gasto de prueba 2349
2026-06-09,150.49,Ocio,Gasto de prueba 2350
2026-06-10,151.50,Supermercado,Gasto de prueba 2351
2026-06-11,152.51,Restaurantes,Gasto de prueba 2352
2026-06-12,153.52,Transporte,Gasto de prueba 2353
2026-06-13,154.53,Vivienda,Gasto de prueba 2354
2026-06-14,155.54,Ocio,Gasto de prueba 2355
2026-06-15,156.55,Supermercado,Gasto de prueba 2356
2026-06-16,157.56,Restaurantes,Gasto de prueba 2357
2026-06-17,158.57,Transporte,Gasto de prueba 2358
2026-06-18,159.58,Vivienda,Gasto de prueba 2359
2026-06-19,160.59,Ocio,Gasto de prueba 2360
2026-06-20,161.60,Supermercado,Gasto de prueba 2361
2026-06-21,162.61,Restaurantes,Gasto de prueba 2362
2026-06-22,163.62,Transporte,Gasto de prueba 2363
2026-06-23,164.63,Vivienda,Gasto de prueba 2364
2026-06-24,165.64,Ocio,Gasto de prueba 2365
2026-06-25,166.65,Supermercado,Gasto de prueba 2366
2026-06-26,167.66,Restaurantes,Gasto de prueba 2367
2026-06-27,168.67,Transporte,Gasto de prueba 2368
2026-06-28,169.68,Vivienda,Gasto de prueba 2369
2026-06-29,170.69,Ocio,Gasto de prueba 2370
2026-06-30,171.70,Supermercado,Gasto de prueba 2371
2026-07-01,172.71,Restaurantes,Gasto de prueba 2372
2026-07-02,173.72,Transporte,Gasto de prueba 2373
2026-07-03,174.73,Vivienda,Gasto de prueba 2374
2026-07-04,175.74,Ocio,Gasto de prueba 2375
2026-07-05,176.75,Supermercado,Gasto de prueba 2376
2026-07-06,177.76,Restaurantes,Gasto de prueba 2377
2026-07-07,178.77,Transporte,Gasto de prueba 2378
2026-07-08,179.78,Vivienda,Gasto de prueba 2379
2026-07-09,180.79,Ocio,Gasto de prueba 2380
2026-07-10,181.80,Supermercado,Gasto de prueba 2381
2026-07-11,182.81,Restaurantes,Gasto de prueba 2382
2026-07-12,183.82,Transporte,Gasto de prueba 2383
2026-07-13,184.83,Vivienda,Gasto de prueba 2384
2026-07-14,185.84,Ocio,Gasto de prueba 2385
2026-07-15,186.85,Supermercado,Gasto de prueba 2386
2026-07-16,187.86,Restaurantes,Gasto de prueba 2387
2026-07-17,188.87,Transporte,Gasto de prueba 2388
2026-07-18,189.88,Vivienda,Gasto de prueba 2389
2026-07-19,190.89,Ocio,Gasto de prueba 2390
2026-07-20,191.90,Supermercado,Gasto de prueba 2391
2026-07-21,192.91,Restaurantes,Gasto de prueba 2392
2026-07-22,193.92,Transporte,Gasto de prueba 2393
2026-07-23,194.93,Vivienda,Gasto de prueba 2394
2026-07-24,195.94,Ocio,Gasto de prueba 2395
2026-07-25,196.95,Supermercado,Gasto de prueba 2396
2026-07-26,197.96,Restaurantes,Gasto de prueba 2397
2026-07-27,198.97,Transporte,Gasto de prueba 2398
2026-07-28,199.98,Vivienda,Gasto de prueba 2399
2026-07-29,200.99,Ocio,Gasto de prueba 2400
2026-07-30,1.00,Supermercado,Gasto de prueba 2401
2026-07-31,2.01,Restaurantes,Gasto de prueba 2402
2026-08-01,3.02,Transporte,Gasto de prueba 2403
2026-08-02,4.03,Vivienda,Gasto de prueba 2404
2026-08-03,5.04,Ocio,Gasto de prueba 2405
2026-08-04,6.05,Supermercado,Gasto de prueba 2406
2026-08-05,7.06,Restaurantes,Gasto de prueba 2407
2026-08-06,8.07,Transporte,Gasto de prueba 2408
2026-08-07,9.08,Vivienda,Gasto de prueba 2409
2026-08-08,10.09,Ocio,Gasto de prueba 2410
2026-08-09,11.10,Supermercado,Gasto de prueba 2411
2026-08-10,12.11,Restaurantes,Gasto de prueba 2412
2026-08-11,13.12,Transporte,Gasto de prueba 2413
2026-08-12,14.13,Vivienda,Gasto de prueba 2414
2026-08-13,15.14,Ocio,Gasto de prueba 2415
2026-08-14,16.15,Supermercado,Gasto de prueba 2416
2026-08-15,17.16,Restaurantes,Gasto de prueba 2417
2026-08-16,18.17,Transporte,Gasto de prueba 2418
2026-08-17,19.18,Vivienda,Gasto de prueba 2419
2026-08-18,20.19,Ocio,Gasto de prueba 2420
2026-08-19,21.20,Supermercado,Gasto de prueba 2421
2026-08-20,22.21,Restaurantes,Gasto de prueba 2422
2026-08-21,23.22,Transporte,Gasto de prueba 2423
2026-08-22,24.23,Vivienda,Gasto de prueba 2424
2026-08-23,25.24,Ocio,Gasto de prueba 2425
2026-08-24,26.25,Supermercado,Gasto de prueba 2426
2026-08-25,27.26,Restaurantes,Gasto de prueba 2427
2026-08-26,28.27,Transporte,Gasto de prueba 2428
2026-08-27,29.28,Vivienda,Gasto de prueba 2429
2026-08-28,30.29,Ocio,Gasto de prueba 2430
2026-08-29,31.30,Supermercado,Gasto de prueba 2431
2026-08-30,32.31,Restaurantes,Gasto de prueba 2432
2026-08-31,33.32,Transporte,Gasto de prueba 2433
2026-09-01,34.33,Vivienda,Gasto de prueba 2434
2026-09-02,35.34,Ocio,Gasto de prueba 2435
2026-09-03,36.35,Supermercado,Gasto de prueba 2436
2026-09-04,37.36,Restaurantes,Gasto de prueba 2437
2026-09-05,38.37,Transporte,Gasto de prueba 2438
2026-09-06,39.38,Vivienda,Gasto de prueba 2439
2026-09-07,40.39,Ocio,Gasto de prueba 2440
2026-09-08,41.40,Supermercado,Gasto de prueba 2441
2026-09-09,42.41,Restaurantes,Gasto de prueba 2442
2026-09-10,43.42,Transporte,Gasto de prueba 2443
2026-09-11,44.43,Vivienda,Gasto de prueba 2444
2026-09-12,45.44,Ocio,Gasto de prueba 2445
2026-09-13,46.45,Supermercado,Gasto de prueba 2446
2026-09-14,47.46,Restaurantes,Gasto de prueba 2447
2026-09-15,48.47,Transporte,Gasto de prueba 2448
2026-09-16,49.48,Vivienda,Gasto de prueba 2449
2026-09-17,50.49,Ocio,Gasto de prueba 2450
2026-09-18,51.50,Supermercado,Gasto de prueba 2451
2026-09-19,52.51,Restaurantes,Gasto de prueba 2452
2026-09-20,53.52,Transporte,Gasto de prueba 2453
2026-09-21,54.53,Vivienda,Gasto de prueba 2454
2026-09-22,55.54,Ocio,Gasto de prueba 2455
2026-09-23,56.55,Supermercado,Gasto de prueba 2456
2026-09-24,57.56,Restaurantes,Gasto de prueba 2457
2026-09-25,58.57,Transporte,Gasto de prueba 2458
2026-09-26,59.58,Vivienda,Gasto de prueba 2459
2026-09-27,60.59,Ocio,Gasto de prueba 2460
2026-09-28,61.60,Supermercado,Gasto de prueba 2461
2026-09-29,62.61,Restaurantes,Gasto de prueba 2462
2026-09-30,63.62,Transporte,Gasto de prueba 2463
2026-10-01,64.63,Vivienda,Gasto de prueba 2464
2026-10-02,65.64,Ocio,Gasto de prueba 2465
2026-10-03,66.65,Supermercado,Gasto de prueba 2466
2026-10-04,67.66,Restaurantes,Gasto de prueba 2467
2026-10-05,68.67,Transporte,Gasto de prueba 2468
2026-10-06,69.68,Vivienda,Gasto de prueba 2469
2026-10-07,70.69,Ocio,Gasto de prueba 2470
2026-10-08,71.70,Supermercado,Gasto de prueba 2471
2026-10-09,72.71,Restaurantes,Gasto de prueba 2472
2026-10-10,73.72,Transporte,Gasto de prueba 2473
2026-10-11,74.73,Vivienda,Gasto de prueba 2474
2026-10-12,75.74,Ocio,Gasto de prueba 2475
2026-10-13,76.75,Supermercado,Gasto de prueba 2476
2026-10-14,77.76,Restaurantes,Gasto de prueba 2477
2026-10-15,78.77,Transporte,Gasto de prueba 2478
2026-10-16,79.78,Vivienda,Gasto de prueba 2479
2026-10-17,80.79,Ocio,Gasto de prueba 2480
2026-10-18,81.80,Supermercado,Gasto de prueba 2481
2026-10-19,82.81,Restaurantes,Gasto de prueba 2482
2026-10-20,83.82,Transporte,Gasto de prueba 2483
2026-10-21,84.83,Vivienda,Gasto de prueba 2484
2026-10-22,85.84,Ocio,Gasto de prueba 2485
2026-10-23,86.85,Supermercado,Gasto de prueba 2486
2026-10-24,87.86,Restaurantes,Gasto de prueba 2487
2026-10-25,88.87,Transporte,Gasto de prueba 2488
2026-10-26,89.88,Vivienda,Gasto de prueba 2489
2026-10-27,90.89,Ocio,Gasto de prueba 2490
2026-10-28,91.90,Supermercado,Gasto de prueba 2491
2026-10-29,92.91,Restaurantes,Gasto de prueba 2492
2026-10-30,93.92,Transporte,Gasto de prueba 2493
2026-10-31,94.93,Vivienda,Gasto de prueba 2494
2026-11-01,95.94,Ocio,Gasto de prueba 2495
2026-11-02,96.95,Supermercado,Gasto de prueba 2496
2026-11-03,97.96,Restaurantes,Gasto de prueba 2497
2026-11-04,98.97,Transporte,Gasto de prueba 2498
2026-11-05,99.98,Vivienda,Gasto de prueba 2499
2026-11-06,100.99,Ocio,Gasto de prueba 2500
2026-11-07,101.00,Supermercado,Gasto de prueba 2501
2026-11-08,102.01,Restaurantes,Gasto de prueba 2502
2026-11-09,103.02,Transporte,Gasto de prueba 2503
2026-11-10,104.03,Vivienda,Gasto de prueba 2504
2026-11-11,105.04,Ocio,Gasto de prueba 2505
2026-11-12,106.05,Supermercado,Gasto de prueba 2506
2026-11-13,107.06,Restaurantes,Gasto de prueba 2507
2026-11-14,108.07,Transporte,Gasto de prueba 2508
2026-11-15,109.08,Vivienda,Gasto de prueba 2509
2026-11-16,110.09,Ocio,Gasto de prueba 2510
2026-11-17,111.10,Supermercado,Gasto de prueba 2511
2026-11-18,112.11,Restaurantes,Gasto de prueba 2512
2026-11-19,113.12,Transporte,Gasto de prueba 2513
2026-11-20,114.13,Vivienda,Gasto de prueba 2514
2026-11-21,115.14,Ocio,Gasto de prueba 2515
2026-11-22,116.15,Supermercado,Gasto de prueba 2516
2026-11-23,117.16,Restaurantes,Gasto de prueba 2517
2026-11-24,118.17,Transporte,Gasto de prueba 2518
2026-11-25,119.18,Vivienda,Gasto de prueba 2519
2026-11-26,120.19,Ocio,Gasto de prueba 2520
2026-11-27,121.20,Supermercado,Gasto de prueba 2521
2026-11-28,122.21,Restaurantes,Gasto de prueba 2522
2026-11-29,123.22,Transporte,Gasto de prueba 2523
2026-11-30,124.23,Vivienda,Gasto de prueba 2524
2026-12-01,125.24,Ocio,Gasto de prueba 2525
2026-12-02,126.25,Supermercado,Gasto de prueba 2526
2026-12-03,127.26,Restaurantes,Gasto de prueba 2527
2026-12-04,128.27,Transporte,Gasto de prueba 2528
2026-12-05,129.28,Vivienda,Gasto de prueba 2529
2026-12-06,130.29,Ocio,Gasto de prueba 2530
2026-12-07,131.30,Supermercado,Gasto de prueba 2531
2026-12-08,132.31,Restaurantes,Gasto de prueba 2532
2026-12-09,133.32,Transporte,Gasto de prueba 2533
2026-12-10,134.33,Vivienda,Gasto de prueba 2534
2026-12-11,135.34,Ocio,Gasto de prueba 2535
2026-12-12,136.35,Supermercado,Gasto de prueba 2536
2026-12-13,137.36,Restaurantes,Gasto de prueba 2537
2026-12-14,138.37,Transporte,Gasto de prueba 2538
2026-12-15,139.38,Vivienda,Gasto de prueba 2539
2026-12-16,140.39,Ocio,Gasto de prueba 2540
2026-12-17,141.40,Supermercado,Gasto de prueba 2541
2026-12-18,142.41,Restaurantes,Gasto de prueba 2542
2026-12-19,143.42,Transporte,Gasto de prueba 2543
2026-12-20,144.43,Vivienda,Gasto de prueba 2544
2026-12-21,145.44,Ocio,Gasto de prueba 2545
2026-12-22,146.45,Supermercado,Gasto de prueba 2546
2026-12-23,147.46,Restaurantes,Gasto de prueba 2547
2026-12-24,148.47,Transporte,Gasto de prueba 2548
2026-12-25,149.48,Vivienda,Gasto de prueba 2549
2026-12-26,150.49,Ocio,Gasto de prueba 2550
2026-12-27,151.50,Supermercado,Gasto de prueba 2551
2026-12-28,152.51,Restaurantes,Gasto de prueba 2552
2026-12-29,153.52,Transporte,Gasto de prueba 2553
2026-12-30,154.53,Vivienda,Gasto de prueba 2554
2026-12-31,155.54,Ocio,Gasto de prueba 2555
2026-01-01,156.55,Supermercado,Gasto de prueba 2556
2026-01-02,157.56,Restaurantes,Gasto de prueba 2557
2026-01-03,158.57,Transporte,Gasto de prueba 2558
2026-01-04,159.58,Vivienda,Gasto de prueba 2559
2026-01-05,160.59,Ocio,Gasto de prueba 2560
2026-01-06,161.60,Supermercado,Gasto de prueba 2561
2026-01-07,162.61,Restaurantes,Gasto de prueba 2562
2026-01-08,163.62,Transporte,Gasto de prueba 2563
2026-01-09,164.63,Vivienda,Gasto de prueba 2564
2026-01-10,165.64,Ocio,Gasto de prueba 2565
2026-01-11,166.65,Supermercado,Gasto de prueba 2566
2026-01-12,167.66,Restaurantes,Gasto de prueba 2567
2026-01-13,168.67,Transporte,Gasto de prueba 2568
2026-01-14,169.68,Vivienda,Gasto de prueba 2569
2026-01-15,170.69,Ocio,Gasto de prueba 2570
2026-01-16,171.70,Supermercado,Gasto de prueba 2571
2026-01-17,172.71,Restaurantes,Gasto de prueba 2572
2026-01-18,173.72,Transporte,Gasto de prueba 2573
2026-01-19,174.73,Vivienda,Gasto de prueba 2574
2026-01-20,175.74,Ocio,Gasto de prueba 2575
2026-01-21,176.75,Supermercado,Gasto de prueba 2576
2026-01-22,177.76,Restaurantes,Gasto de prueba 2577
2026-01-23,178.77,Transporte,Gasto de prueba 2578
2026-01-24,179.78,Vivienda,Gasto de prueba 2579
2026-01-25,180.79,Ocio,Gasto de prueba 2580
2026-01-26,181.80,Supermercado,Gasto de prueba 2581
2026-01-27,182.81,Restaurantes,Gasto de prueba 2582
2026-01-28,183.82,Transporte,Gasto de prueba 2583
2026-01-29,184.83,Vivienda,Gasto de prueba 2584
2026-01-30,185.84,Ocio,Gasto de prueba 2585
2026-01-31,186.85,Supermercado,Gasto de prueba 2586
2026-02-01,187.86,Restaurantes,Gasto de prueba 2587
2026-02-02,188.87,Transporte,Gasto de prueba 2588
2026-02-03,189.88,Vivienda,Gasto de prueba 2589
2026-02-04,190.89,Ocio,Gasto de prueba 2590
2026-02-05,191.90,Supermercado,Gasto de prueba 2591
2026-02-06,192.91,Restaurantes,Gasto de prueba 2592
2026-02-07,193.92,Transporte,Gasto de prueba 2593
2026-02-08,194.93,Vivienda,Gasto de prueba 2594
2026-02-09,195.94,Ocio,Gasto de prueba 2595
2026-02-10,196.95,Supermercado,Gasto de prueba 2596
2026-02-11,197.96,Restaurantes,Gasto de prueba 2597
2026-02-12,198.97,Transporte,Gasto de prueba 2598
2026-02-13,199.98,Vivienda,Gasto de prueba 2599
2026-02-14,200.99,Ocio,Gasto de prueba 2600
2026-02-15,1.00,Supermercado,Gasto de prueba 2601
2026-02-16,2.01,Restaurantes,Gasto de prueba 2602
2026-02-17,3.02,Transporte,Gasto de prueba 2603
2026-02-18,4.03,Vivienda,Gasto de prueba 2604
2026-02-19,5.04,Ocio,Gasto de prueba 2605
2026-02-20,6.05,Supermercado,Gasto de prueba 2606
2026-02-21,7.06,Restaurantes,Gasto de prueba 2607
2026-02-22,8.07,Transporte,Gasto de prueba 2608
2026-02-23,9.08,Vivienda,Gasto de prueba 2609
2026-02-24,10.09,Ocio,Gasto de prueba 2610
2026-02-25,11.10,Supermercado,Gasto de prueba 2611
2026-02-26,12.11,Restaurantes,Gasto de prueba 2612
2026-02-27,13.12,Transporte,Gasto de prueba 2613
2026-02-28,14.13,Vivienda,Gasto de prueba 2614
2026-03-01,15.14,Ocio,Gasto de prueba 2615
2026-03-02,16.15,Supermercado,Gasto de prueba 2616
2026-03-03,17.16,Restaurantes,Gasto de prueba 2617
2026-03-04,18.17,Transporte,Gasto de prueba 2618
2026-03-05,19.18,Vivienda,Gasto de prueba 2619
2026-03-06,20.19,Ocio,Gasto de prueba 2620
2026-03-07,21.20,Supermercado,Gasto de prueba 2621
2026-03-08,22.21,Restaurantes,Gasto de prueba 2622
2026-03-09,23.22,Transporte,Gasto de prueba 2623
2026-03-10,24.23,Vivienda,Gasto de prueba 2624
2026-03-11,25.24,Ocio,Gasto de prueba 2625
2026-03-12,26.25,Supermercado,Gasto de prueba 2626
2026-03-13,27.26,Restaurantes,Gasto de prueba 2627
2026-03-14,28.27,Transporte,Gasto de prueba 2628
2026-03-15,29.28,Vivienda,Gasto de prueba 2629
2026-03-16,30.29,Ocio,Gasto de prueba 2630
2026-03-17,31.30,Supermercado,Gasto de prueba 2631
2026-03-18,32.31,Restaurantes,Gasto de prueba 2632
2026-03-19,33.32,Transporte,Gasto de prueba 2633
2026-03-20,34.33,Vivienda,Gasto de prueba 2634
2026-03-21,35.34,Ocio,Gasto de prueba 2635
2026-03-22,36.35,Supermercado,Gasto de prueba 2636
2026-03-23,37.36,Restaurantes,Gasto de prueba 2637
2026-03-24,38.37,Transporte,Gasto de prueba 2638
2026-03-25,39.38,Vivienda,Gasto de prueba 2639
2026-03-26,40.39,Ocio,Gasto de prueba 2640
2026-03-27,41.40,Supermercado,Gasto de prueba 2641
2026-03-28,42.41,Restaurantes,Gasto de prueba 2642
2026-03-29,43.42,Transporte,Gasto de prueba 2643
2026-03-30,44.43,Vivienda,Gasto de prueba 2644
2026-03-31,45.44,Ocio,Gasto de prueba 2645
2026-04-01,46.45,Supermercado,Gasto de prueba 2646
2026-04-02,47.46,Restaurantes,Gasto de prueba 2647
2026-04-03,48.47,Transporte,Gasto de prueba 2648
2026-04-04,49.48,Vivienda,Gasto de prueba 2649
2026-04-05,50.49,Ocio,Gasto de prueba 2650
2026-04-06,51.50,Supermercado,Gasto de prueba 2651
2026-04-07,52.51,Restaurantes,Gasto de prueba 2652
2026-04-08,53.52,Transporte,Gasto de prueba 2653
2026-04-09,54.53,Vivienda,Gasto de prueba 2654
2026-04-10,55.54,Ocio,Gasto de prueba 2655
2026-04-11,56.55,Supermercado,Gasto de prueba 2656
2026-04-12,57.56,Restaurantes,Gasto de prueba 2657
2026-04-13,58.57,Transporte,Gasto de prueba 2658
2026-04-14,59.58,Vivienda,Gasto de prueba 2659
2026-04-15,60.59,Ocio,Gasto de prueba 2660
2026-04-16,61.60,Supermercado,Gasto de prueba 2661
2026-04-17,62.61,Restaurantes,Gasto de prueba 2662
2026-04-18,63.62,Transporte,Gasto de prueba 2663
2026-04-19,64.63,Vivienda,Gasto de prueba 2664
2026-04-20,65.64,Ocio,Gasto de prueba 2665
2026-04-21,66.65,Supermercado,Gasto de prueba 2666
2026-04-22,67.66,Restaurantes,Gasto de prueba 2667
2026-04-23,68.67,Transporte,Gasto de prueba 2668
2026-04-24,69.68,Vivienda,Gasto de prueba 2669
2026-04-25,70.69,Ocio,Gasto de prueba 2670
2026-04-26,71.70,Supermercado,Gasto de prueba 2671
2026-04-27,72.71,Restaurantes,Gasto de prueba 2672
2026-04-28,73.72,Transporte,Gasto de prueba 2673
2026-04-29,74.73,Vivienda,Gasto de prueba 2674
2026-04-30,75.74,Ocio,Gasto de prueba 2675
2026-05-01,76.75,Supermercado,Gasto de prueba 2676
2026-05-02,77.76,Restaurantes,Gasto de prueba 2677
2026-05-03,78.77,Transporte,Gasto de prueba 2678
2026-05-04,79.78,Vivienda,Gasto de prueba 2679
2026-05-05,80.79,Ocio,Gasto de prueba 2680
2026-05-06,81.80,Supermercado,Gasto de prueba 2681
2026-05-07,82.81,Restaurantes,Gasto de prueba 2682
2026-05-08,83.82,Transporte,Gasto de prueba 2683
2026-05-09,84.83,Vivienda,Gasto de prueba 2684
2026-05-10,85.84,Ocio,Gasto de prueba 2685
2026-05-11,86.85,Supermercado,Gasto de prueba 2686
2026-05-12,87.86,Restaurantes,Gasto de prueba 2687
2026-05-13,88.87,Transporte,Gasto de prueba 2688
2026-05-14,89.88,Vivienda,Gasto de prueba 2689
2026-05-15,90.89,Ocio,Gasto de prueba 2690
2026-05-16,91.90,Supermercado,Gasto de prueba 2691
2026-05-17,92.91,Restaurantes,Gasto de prueba 2692
2026-05-18,93.92,Transporte,Gasto de prueba 2693
2026-05-19,94.93,Vivienda,Gasto de prueba 2694
2026-05-20,95.94,Ocio,Gasto de prueba 2695
2026-05-21,96.95,Supermercado,Gasto de prueba 2696
2026-05-22,97.96,Restaurantes,Gasto de prueba 2697
2026-05-23,98.97,Transporte,Gasto de prueba 2698
2026-05-24,99.98,Vivienda,Gasto de prueba 2699
2026-05-25,100.99,Ocio,Gasto de prueba 2700
2026-05-26,101.00,Supermercado,Gasto de prueba 2701
2026-05-27,102.01,Restaurantes,Gasto de prueba 2702
2026-05-28,103.02,Transporte,Gasto de prueba 2703
2026-05-29,104.03,Vivienda,Gasto de prueba 2704
2026-05-30,105.04,Ocio,Gasto de prueba 2705
2026-05-31,106.05,Supermercado,Gasto de prueba 2706
2026-06-01,107.06,Restaurantes,Gasto de prueba 2707
2026-06-02,108.07,Transporte,Gasto de prueba 2708
2026-06-03,109.08,Vivienda,Gasto de prueba 2709
2026-06-04,110.09,Ocio,Gasto de prueba 2710
2026-06-05,111.10,Supermercado,Gasto de prueba 2711
2026-06-06,112.11,Restaurantes,Gasto de prueba 2712
2026-06-07,113.12,Transporte,Gasto de prueba 2713
2026-06-08,114.13,Vivienda,Gasto de prueba 2714
2026-06-09,115.14,Ocio,Gasto de prueba 2715
2026-06-10,116.15,Supermercado,Gasto de prueba 2716
2026-06-11,117.16,Restaurantes,Gasto de prueba 2717
2026-06-12,118.17,Transporte,Gasto de prueba 2718
2026-06-13,119.18,Vivienda,Gasto de prueba 2719
2026-06-14,120.19,Ocio,Gasto de prueba 2720
2026-06-15,121.20,Supermercado,Gasto de prueba 2721
2026-06-16,122.21,Restaurantes,Gasto de prueba 2722
2026-06-17,123.22,Transporte,Gasto de prueba 2723
2026-06-18,124.23,Vivienda,Gasto de prueba 2724
2026-06-19,125.24,Ocio,Gasto de prueba 2725
2026-06-20,126.25,Supermercado,Gasto de prueba 2726
2026-06-21,127.26,Restaurantes,Gasto de prueba 2727
2026-06-22,128.27,Transporte,Gasto de prueba 2728
2026-06-23,129.28,Vivienda,Gasto de prueba 2729
2026-06-24,130.29,Ocio,Gasto de prueba 2730
2026-06-25,131.30,Supermercado,Gasto de prueba 2731
2026-06-26,132.31,Restaurantes,Gasto de prueba 2732
2026-06-27,133.32,Transporte,Gasto de prueba 2733
2026-06-28,134.33,Vivienda,Gasto de prueba 2734
2026-06-29,135.34,Ocio,Gasto de prueba 2735
2026-06-30,136.35,Supermercado,Gasto de prueba 2736
2026-07-01,137.36,Restaurantes,Gasto de prueba 2737
2026-07-02,138.37,Transporte,Gasto de prueba 2738
2026-07-03,139.38,Vivienda,Gasto de prueba 2739
2026-07-04,140.39,Ocio,Gasto de prueba 2740
2026-07-05,141.40,Supermercado,Gasto de prueba 2741
2026-07-06,142.41,Restaurantes,Gasto de prueba 2742
2026-07-07,143.42,Transporte,Gasto de prueba 2743
2026-07-08,144.43,Vivienda,Gasto de prueba 2744
2026-07-09,145.44,Ocio,Gasto de prueba 2745
2026-07-10,146.45,Supermercado,Gasto de prueba 2746
2026-07-11,147.46,Restaurantes,Gasto de prueba 2747
2026-07-12,148.47,Transporte,Gasto de prueba 2748
2026-07-13,149.48,Vivienda,Gasto de prueba 2749
2026-07-14,150.49,Ocio,Gasto de prueba 2750
2026-07-15,151.50,Supermercado,Gasto de prueba 2751
2026-07-16,152.51,Restaurantes,Gasto de prueba 2752
2026-07-17,153.52,Transporte,Gasto de prueba 2753
2026-07-18,154.53,Vivienda,Gasto de prueba 2754
2026-07-19,155.54,Ocio,Gasto de prueba 2755
2026-07-20,156.55,Supermercado,Gasto de prueba 2756
2026-07-21,157.56,Restaurantes,Gasto de prueba 2757
2026-07-22,158.57,Transporte,Gasto de prueba 2758
2026-07-23,159.58,Vivienda,Gasto de prueba 2759
2026-07-24,160.59,Ocio,Gasto de prueba 2760
2026-07-25,161.60,Supermercado,Gasto de prueba 2761
2026-07-26,162.61,Restaurantes,Gasto de prueba 2762
2026-07-27,163.62,Transporte,Gasto de prueba 2763
2026-07-28,164.63,Vivienda,Gasto de prueba 2764
2026-07-29,165.64,Ocio,Gasto de prueba 2765
2026-07-30,166.65,Supermercado,Gasto de prueba 2766
2026-07-31,167.66,Restaurantes,Gasto de prueba 2767
2026-08-01,168.67,Transporte,Gasto de prueba 2768
2026-08-02,169.68,Vivienda,Gasto de prueba 2769
2026-08-03,170.69,Ocio,Gasto de prueba 2770
2026-08-04,171.70,Supermercado,Gasto de prueba 2771
2026-08-05,172.71,Restaurantes,Gasto de prueba 2772
2026-08-06,173.72,Transporte,Gasto de prueba 2773
2026-08-07,174.73,Vivienda,Gasto de prueba 2774
2026-08-08,175.74,Ocio,Gasto de prueba 2775
2026-08-09,176.75,Supermercado,Gasto de prueba 2776
2026-08-10,177.76,Restaurantes,Gasto de prueba 2777
2026-08-11,178.77,Transporte,Gasto de prueba 2778
2026-08-12,179.78,Vivienda,Gasto de prueba 2779
2026-08-13,180.79,Ocio,Gasto de prueba 2780
2026-08-14,181.80,Supermercado,Gasto de prueba 2781
2026-08-15,182.81,Restaurantes,Gasto de prueba 2782
2026-08-16,183.82,Transporte,Gasto de prueba 2783
2026-08-17,184.83,Vivienda,Gasto de prueba 2784
2026-08-18,185.84,Ocio,Gasto de prueba 2785
2026-08-19,186.85,Supermercado,Gasto de prueba 2786
2026-08-20,187.86,Restaurantes,Gasto de prueba 2787
2026-08-21,188.87,Transporte,Gasto de prueba 2788
2026-08-22,189.88,Vivienda,Gasto de prueba 2789
2026-08-23,190.89,Ocio,Gasto de prueba 2790
2026-08-24,191.90,Supermercado,Gasto de prueba 2791
2026-08-25,192.91,Restaurantes,Gasto de prueba 2792
2026-08-26,193.92,Transporte,Gasto de prueba 2793
2026-08-27,194.93,Vivienda,Gasto de prueba 2794
2026-08-28,195.94,Ocio,Gasto de prueba 2795
2026-08-29,196.95,Supermercado,Gasto de prueba 2796
2026-08-30,197.96,Restaurantes,Gasto de prueba 2797
2026-08-31,198.97,Transporte,Gasto de prueba 2798
2026-09-01,199.98,Vivienda,Gasto de prueba 2799
2026-09-02,200.99,Ocio,Gasto de prueba 2800
2026-09-03,1.00,Supermercado,Gasto de prueba 2801
2026-09-04,2.01,Restaurantes,Gasto de prueba 2802
2026-09-05,3.02,Transporte,Gasto de prueba 2803
2026-09-06,4.03,Vivienda,Gasto de prueba 2804
2026-09-07,5.04,Ocio,Gasto de prueba 2805
2026-09-08,6.05,Supermercado,Gasto de prueba 2806
2026-09-09,7.06,Restaurantes,Gasto de prueba 2807
2026-09-10,8.07,Transporte,Gasto de prueba 2808
2026-09-11,9.08,Vivienda,Gasto de prueba 2809
2026-09-12,10.09,Ocio,Gasto de prueba 2810
2026-09-13,11.10,Supermercado,Gasto de prueba 2811
2026-09-14,12.11,Restaurantes,Gasto de prueba 2812
2026-09-15,13.12,Transporte,Gasto de prueba 2813
2026-09-16,14.13,Vivienda,Gasto de prueba 2814
2026-09-17,15.14,Ocio,Gasto de prueba 2815
2026-09-18,16.15,Supermercado,Gasto de prueba 2816
2026-09-19,17.16,Restaurantes,Gasto de prueba 2817
2026-09-20,18.17,Transporte,Gasto de prueba 2818
2026-09-21,19.18,Vivienda,Gasto de prueba 2819
2026-09-22,20.19,Ocio,Gasto de prueba 2820
2026-09-23,21.20,Supermercado,Gasto de prueba 2821
2026-09-24,22.21,Restaurantes,Gasto de prueba 2822
2026-09-25,23.22,Transporte,Gasto de prueba 2823
2026-09-26,24.23,Vivienda,Gasto de prueba 2824
2026-09-27,25.24,Ocio,Gasto de prueba 2825
2026-09-28,26.25,Supermercado,Gasto de prueba 2826
2026-09-29,27.26,Restaurantes,Gasto de prueba 2827
2026-09-30,28.27,Transporte,Gasto de prueba 2828
2026-10-01,29.28,Vivienda,Gasto de prueba 2829
2026-10-02,30.29,Ocio,Gasto de prueba 2830
2026-10-03,31.30,Supermercado,Gasto de prueba 2831
2026-10-04,32.31,Restaurantes,Gasto de prueba 2832
2026-10-05,33.32,Transporte,Gasto de prueba 2833
2026-10-06,34.33,Vivienda,Gasto de prueba 2834
2026-10-07,35.34,Ocio,Gasto de prueba 2835
2026-10-08,36.35,Supermercado,Gasto de prueba 2836
2026-10-09,37.36,Restaurantes,Gasto de prueba 2837
2026-10-10,38.37,Transporte,Gasto de prueba 2838
2026-10-11,39.38,Vivienda,Gasto de prueba 2839
2026-10-12,40.39,Ocio,Gasto de prueba 2840
2026-10-13,41.40,Supermercado,Gasto de prueba 2841
2026-10-14,42.41,Restaurantes,Gasto de prueba 2842
2026-10-15,43.42,Transporte,Gasto de prueba 2843
2026-10-16,44.43,Vivienda,Gasto de prueba 2844
2026-10-17,45.44,Ocio,Gasto de prueba 2845
2026-10-18,46.45,Supermercado,Gasto de prueba 2846
2026-10-19,47.46,Restaurantes,Gasto de prueba 2847
2026-10-20,48.47,Transporte,Gasto de prueba 2848
2026-10-21,49.48,Vivienda,Gasto de prueba 2849
2026-10-22,50.49,Ocio,Gasto de prueba 2850
2026-10-23,51.50,Supermercado,Gasto de prueba 2851
2026-10-24,52.51,Restaurantes,Gasto de prueba 2852
2026-10-25,53.52,Transporte,Gasto de prueba 2853
2026-10-26,54.53,Vivienda,Gasto de prueba 2854
2026-10-27,55.54,Ocio,Gasto de prueba 2855
2026-10-28,56.55,Supermercado,Gasto de prueba 2856
2026-10-29,57.56,Restaurantes,Gasto de prueba 2857
2026-10-30,58.57,Transporte,Gasto de prueba 2858
2026-10-31,59.58,Vivienda,Gasto de prueba 2859
2026-11-01,60.59,Ocio,Gasto de prueba 2860
2026-11-02,61.60,Supermercado,Gasto de prueba 2861
2026-11-03,62.61,Restaurantes,Gasto de prueba 2862
2026-11-04,63.62,Transporte,Gasto de prueba 2863
2026-11-05,64.63,Vivienda,Gasto de prueba 2864
2026-11-06,65.64,Ocio,Gasto de prueba 2865
2026-11-07,66.65,Supermercado,Gasto de prueba 2866
2026-11-08,67.66,Restaurantes,Gasto de prueba 2867
2026-11-09,68.67,Transporte,Gasto de prueba 2868
2026-11-10,69.68,Vivienda,Gasto de prueba 2869
2026-11-11,70.69,Ocio,Gasto de prueba 2870
2026-11-12,71.70,Supermercado,Gasto de prueba 2871
2026-11-13,72.71,Restaurantes,Gasto de prueba 2872
2026-11-14,73.72,Transporte,Gasto de prueba 2873
2026-11-15,74.73,Vivienda,Gasto de prueba 2874
2026-11-16,75.74,Ocio,Gasto de prueba 2875
2026-11-17,76.75,Supermercado,Gasto de prueba 2876
2026-11-18,77.76,Restaurantes,Gasto de prueba 2877
2026-11-19,78.77,Transporte,Gasto de prueba 2878
2026-11-20,79.78,Vivienda,Gasto de prueba 2879
2026-11-21,80.79,Ocio,Gasto de prueba 2880
2026-11-22,81.80,Supermercado,Gasto de prueba 2881
2026-11-23,82.81,Restaurantes,Gasto de prueba 2882
2026-11-24,83.82,Transporte,Gasto de prueba 2883
2026-11-25,84.83,Vivienda,Gasto de prueba 2884
2026-11-26,85.84,Ocio,Gasto de prueba 2885
2026-11-27,86.85,Supermercado,Gasto de prueba 2886
2026-11-28,87.86,Restaurantes,Gasto de prueba 2887
2026-11-29,88.87,Transporte,Gasto de prueba 2888
2026-11-30,89.88,Vivienda,Gasto de prueba 2889
2026-12-01,90.89,Ocio,Gasto de prueba 2890
2026-12-02,91.90,Supermercado,Gasto de prueba 2891
2026-12-03,92.91,Restaurantes,Gasto de prueba 2892
2026-12-04,93.92,Transporte,Gasto de prueba 2893
2026-12-05,94.93,Vivienda,Gasto de prueba 2894
2026-12-06,95.94,Ocio,Gasto de prueba 2895
2026-12-07,96.95,Supermercado,Gasto de prueba 2896
2026-12-08,97.96,Restaurantes,Gasto de prueba 2897
2026-12-09,98.97,Transporte,Gasto de prueba 2898
2026-12-10,99.98,Vivienda,Gasto de prueba 2899
2026-12-11,100.99,Ocio,Gasto de prueba 2900
2026-12-12,101.00,Supermercado,Gasto de prueba 2901
2026-12-13,102.01,Restaurantes,Gasto de prueba 2902
2026-12-14,103.02,Transporte,Gasto de prueba 2903
2026-12-15,104.03,Vivienda,Gasto de prueba 2904
2026-12-16,105.04,Ocio,Gasto de prueba 2905
2026-12-17,106.05,Supermercado,Gasto de prueba 2906
2026-12-18,107.06,Restaurantes,Gasto de prueba 2907
2026-12-19,108.07,Transporte,Gasto de prueba 2908
2026-12-20,109.08,Vivienda,Gasto de prueba 2909
2026-12-21,110.09,Ocio,Gasto de prueba 2910
2026-12-22,111.10,Supermercado,Gasto de prueba 2911
2026-12-23,112.11,Restaurantes,Gasto de prueba 2912
2026-12-24,113.12,Transporte,Gasto de prueba 2913
2026-12-25,114.13,Vivienda,Gasto de prueba 2914
2026-12-26,115.14,Ocio,Gasto de prueba 2915
2026-12-27,116.15,Supermercado,Gasto de prueba 2916
2026-12-28,117.16,Restaurantes,Gasto de prueba 2917
2026-12-29,118.17,Transporte,Gasto de prueba 2918
2026-12-30,119.18,Vivienda,Gasto de prueba 2919
2026-12-31,120.19,Ocio,Gasto de prueba 2920
2026-01-01,121.20,Supermercado,Gasto de prueba 2921
2026-01-02,122.21,Restaurantes,Gasto de prueba 2922
2026-01-03,123.22,Transporte,Gasto de prueba 2923
2026-01-04,124.23,Vivienda,Gasto de prueba 2924
2026-01-05,125.24,Ocio,Gasto de prueba 2925
2026-01-06,126.25,Supermercado,Gasto de prueba 2926
2026-01-07,127.26,Restaurantes,Gasto de prueba 2927
2026-01-08,128.27,Transporte,Gasto de prueba 2928
2026-01-09,129.28,Vivienda,Gasto de prueba 2929
2026-01-10,130.29,Ocio,Gasto de prueba 2930
2026-01-11,131.30,Supermercado,Gasto de prueba 2931
2026-01-12,132.31,Restaurantes,Gasto de prueba 2932
2026-01-13,133.32,Transporte,Gasto de prueba 2933
2026-01-14,134.33,Vivienda,Gasto de prueba 2934
2026-01-15,135.34,Ocio,Gasto de prueba 2935
2026-01-16,136.35,Supermercado,Gasto de prueba 2936
2026-01-17,137.36,Restaurantes,Gasto de prueba 2937
2026-01-18,138.37,Transporte,Gasto de prueba 2938
2026-01-19,139.38,Vivienda,Gasto de prueba 2939
2026-01-20,140.39,Ocio,Gasto de prueba 2940
2026-01-21,141.40,Supermercado,Gasto de prueba 2941
2026-01-22,142.41,Restaurantes,Gasto de prueba 2942
2026-01-23,143.42,Transporte,Gasto de prueba 2943
2026-01-24,144.43,Vivienda,Gasto de prueba 2944
2026-01-25,145.44,Ocio,Gasto de prueba 2945
2026-01-26,146.45,Supermercado,Gasto de prueba 2946
2026-01-27,147.46,Restaurantes,Gasto de prueba 2947
2026-01-28,148.47,Transporte,Gasto de prueba 2948
2026-01-29,149.48,Vivienda,Gasto de prueba 2949
2026-01-30,150.49,Ocio,Gasto de prueba 2950
2026-01-31,151.50,Supermercado,Gasto de prueba 2951
2026-02-01,152.51,Restaurantes,Gasto de prueba 2952
2026-02-02,153.52,Transporte,Gasto de prueba 2953
2026-02-03,154.53,Vivienda,Gasto de prueba 2954
2026-02-04,155.54,Ocio,Gasto de prueba 2955
2026-02-05,156.55,Supermercado,Gasto de prueba 2956
2026-02-06,157.56,Restaurantes,Gasto de prueba 2957
2026-02-07,158.57,Transporte,Gasto de prueba 2958
2026-02-08,159.58,Vivienda,Gasto de prueba 2959
2026-02-09,160.59,Ocio,Gasto de prueba 2960
2026-02-10,161.60,Supermercado,Gasto de prueba 2961
2026-02-11,162.61,Restaurantes,Gasto de prueba 2962
2026-02-12,163.62,Transporte,Gasto de prueba 2963
2026-02-13,164.63,Vivienda,Gasto de prueba 2964
2026-02-14,165.64,Ocio,Gasto de prueba 2965
2026-02-15,166.65,Supermercado,Gasto de prueba 2966
2026-02-16,167.66,Restaurantes,Gasto de prueba 2967
2026-02-17,168.67,Transporte,Gasto de prueba 2968
2026-02-18,169.68,Vivienda,Gasto de prueba 2969
2026-02-19,170.69,Ocio,Gasto de prueba 2970
2026-02-20,171.70,Supermercado,Gasto de prueba 2971
2026-02-21,172.71,Restaurantes,Gasto de prueba 2972
2026-02-22,173.72,Transporte,Gasto de prueba 2973
2026-02-23,174.73,Vivienda,Gasto de prueba 2974
2026-02-24,175.74,Ocio,Gasto de prueba 2975
2026-02-25,176.75,Supermercado,Gasto de prueba 2976
2026-02-26,177.76,Restaurantes,Gasto de prueba 2977
2026-02-27,178.77,Transporte,Gasto de prueba 2978
2026-02-28,179.78,Vivienda,Gasto de prueba 2979
2026-03-01,180.79,Ocio,Gasto de prueba 2980
2026-03-02,181.80,Supermercado,Gasto de prueba 2981
2026-03-03,182.81,Restaurantes,Gasto de prueba 2982
2026-03-04,183.82,Transporte,Gasto de prueba 2983
2026-03-05,184.83,Vivienda,Gasto de prueba 2984
2026-03-06,185.84,Ocio,Gasto de prueba 2985
2026-03-07,186.85,Supermercado,Gasto de prueba 2986
2026-03-08,187.86,Restaurantes,Gasto de prueba 2987
2026-03-09,188.87,Transporte,Gasto de prueba 2988
2026-03-10,189.88,Vivienda,Gasto de prueba 2989
2026-03-11,190.89,Ocio,Gasto de prueba 2990
2026-03-12,191.90,Supermercado,Gasto de prueba 2991
2026-03-13,192.91,Restaurantes,Gasto de prueba 2992
2026-03-14,193.92,Transporte,Gasto de prueba 2993
2026-03-15,194.93,Vivienda,Gasto de prueba 2994
2026-03-16,195.94,Ocio,Gasto de prueba 2995
2026-03-17,196.95,Supermercado,Gasto de prueba 2996
2026-03-18,197.96,Restaurantes,Gasto de prueba 2997
2026-03-19,198.97,Transporte,Gasto de prueba 2998
2026-03-20,199.98,Vivienda,Gasto de prueba 2999
2026-03-21,200.99,Ocio,Gasto de prueba 3000
2026-03-22,1.00,Supermercado,Gasto de prueba 3001
2026-03-23,2.01,Restaurantes,Gasto de prueba 3002
2026-03-24,3.02,Transporte,Gasto de prueba 3003
2026-03-25,4.03,Vivienda,Gasto de prueba 3004
2026-03-26,5.04,Ocio,Gasto de prueba 3005
2026-03-27,6.05,Supermercado,Gasto de prueba 3006
2026-03-28,7.06,Restaurantes,Gasto de prueba 3007
2026-03-29,8.07,Transporte,Gasto de prueba 3008
2026-03-30,9.08,Vivienda,Gasto de prueba 3009
2026-03-31,10.09,Ocio,Gasto de prueba 3010
2026-04-01,11.10,Supermercado,Gasto de prueba 3011
2026-04-02,12.11,Restaurantes,Gasto de prueba 3012
2026-04-03,13.12,Transporte,Gasto de prueba 3013
2026-04-04,14.13,Vivienda,Gasto de prueba 3014
2026-04-05,15.14,Ocio,Gasto de prueba 3015
2026-04-06,16.15,Supermercado,Gasto de prueba 3016
2026-04-07,17.16,Restaurantes,Gasto de prueba 3017
2026-04-08,18.17,Transporte,Gasto de prueba 3018
2026-04-09,19.18,Vivienda,Gasto de prueba 3019
2026-04-10,20.19,Ocio,Gasto de prueba 3020
2026-04-11,21.20,Supermercado,Gasto de prueba 3021
2026-04-12,22.21,Restaurantes,Gasto de prueba 3022
2026-04-13,23.22,Transporte,Gasto de prueba 3023
2026-04-14,24.23,Vivienda,Gasto de prueba 3024
2026-04-15,25.24,Ocio,Gasto de prueba 3025
2026-04-16,26.25,Supermercado,Gasto de prueba 3026
2026-04-17,27.26,Restaurantes,Gasto de prueba 3027
2026-04-18,28.27,Transporte,Gasto de prueba 3028
2026-04-19,29.28,Vivienda,Gasto de prueba 3029
2026-04-20,30.29,Ocio,Gasto de prueba 3030
2026-04-21,31.30,Supermercado,Gasto de prueba 3031
2026-04-22,32.31,Restaurantes,Gasto de prueba 3032
2026-04-23,33.32,Transporte,Gasto de prueba 3033
2026-04-24,34.33,Vivienda,Gasto de prueba 3034
2026-04-25,35.34,Ocio,Gasto de prueba 3035
2026-04-26,36.35,Supermercado,Gasto de prueba 3036
2026-04-27,37.36,Restaurantes,Gasto de prueba 3037
2026-04-28,38.37,Transporte,Gasto de prueba 3038
2026-04-29,39.38,Vivienda,Gasto de prueba 3039
2026-04-30,40.39,Ocio,Gasto de prueba 3040
2026-05-01,41.40,Supermercado,Gasto de prueba 3041
2026-05-02,42.41,Restaurantes,Gasto de prueba 3042
2026-05-03,43.42,Transporte,Gasto de prueba 3043
2026-05-04,44.43,Vivienda,Gasto de prueba 3044
2026-05-05,45.44,Ocio,Gasto de prueba 3045
2026-05-06,46.45,Supermercado,Gasto de prueba 3046
2026-05-07,47.46,Restaurantes,Gasto de prueba 3047
2026-05-08,48.47,Transporte,Gasto de prueba 3048
2026-05-09,49.48,Vivienda,Gasto de prueba 3049
2026-05-10,50.49,Ocio,Gasto de prueba 3050
2026-05-11,51.50,Supermercado,Gasto de prueba 3051
2026-05-12,52.51,Restaurantes,Gasto de prueba 3052
2026-05-13,53.52,Transporte,Gasto de prueba 3053
2026-05-14,54.53,Vivienda,Gasto de prueba 3054
2026-05-15,55.54,Ocio,Gasto de prueba 3055
2026-05-16,56.55,Supermercado,Gasto de prueba 3056
2026-05-17,57.56,Restaurantes,Gasto de prueba 3057
2026-05-18,58.57,Transporte,Gasto de prueba 3058
2026-05-19,59.58,Vivienda,Gasto de prueba 3059
2026-05-20,60.59,Ocio,Gasto de prueba 3060
2026-05-21,61.60,Supermercado,Gasto de prueba 3061
2026-05-22,62.61,Restaurantes,Gasto de prueba 3062
2026-05-23,63.62,Transporte,Gasto de prueba 3063
2026-05-24,64.63,Vivienda,Gasto de prueba 3064
2026-05-25,65.64,Ocio,Gasto de prueba 3065
2026-05-26,66.65,Supermercado,Gasto de prueba 3066
2026-05-27,67.66,Restaurantes,Gasto de prueba 3067
2026-05-28,68.67,Transporte,Gasto de prueba 3068
2026-05-29,69.68,Vivienda,Gasto de prueba 3069
2026-05-30,70.69,Ocio,Gasto de prueba 3070
2026-05-31,71.70,Supermercado,Gasto de prueba 3071
2026-06-01,72.71,Restaurantes,Gasto de prueba 3072
2026-06-02,73.72,Transporte,Gasto de prueba 3073
2026-06-03,74.73,Vivienda,Gasto de prueba 3074
2026-06-04,75.74,Ocio,Gasto de prueba 3075
2026-06-05,76.75,Supermercado,Gasto de prueba 3076
2026-06-06,77.76,Restaurantes,Gasto de prueba 3077
2026-06-07,78.77,Transporte,Gasto de prueba 3078
2026-06-08,79.78,Vivienda,Gasto de prueba 3079
2026-06-09,80.79,Ocio,Gasto de prueba 3080
2026-06-10,81.80,Supermercado,Gasto de prueba 3081
2026-06-11,82.81,Restaurantes,Gasto de prueba 3082
2026-06-12,83.82,Transporte,Gasto de prueba 3083
2026-06-13,84.83,Vivienda,Gasto de prueba 3084
2026-06-14,85.84,Ocio,Gasto de prueba 3085
2026-06-15,86.85,Supermercado,Gasto de prueba 3086
2026-06-16,87.86,Restaurantes,Gasto de prueba 3087
2026-06-17,88.87,Transporte,Gasto de prueba 3088
2026-06-18,89.88,Vivienda,Gasto de prueba 3089
2026-06-19,90.89,Ocio,Gasto de prueba 3090
2026-06-20,91.90,Supermercado,Gasto de prueba 3091
2026-06-21,92.91,Restaurantes,Gasto de prueba 3092
2026-06-22,93.92,Transporte,Gasto de prueba 3093
2026-06-23,94.93,Vivienda,Gasto de prueba 3094
2026-06-24,95.94,Ocio,Gasto de prueba 3095
2026-06-25,96.95,Supermercado,Gasto de prueba 3096
2026-06-26,97.96,Restaurantes,Gasto de prueba 3097
2026-06-27,98.97,Transporte,Gasto de prueba 3098
2026-06-28,99.98,Vivienda,Gasto de prueba 3099
2026-06-29,100.99,Ocio,Gasto de prueba 3100
2026-06-30,101.00,Supermercado,Gasto de prueba 3101
2026-07-01,102.01,Restaurantes,Gasto de prueba 3102
2026-07-02,103.02,Transporte,Gasto de prueba 3103
2026-07-03,104.03,Vivienda,Gasto de prueba 3104
2026-07-04,105.04,Ocio,Gasto de prueba 3105
2026-07-05,106.05,Supermercado,Gasto de prueba 3106
2026-07-06,107.06,Restaurantes,Gasto de prueba 3107
2026-07-07,108.07,Transporte,Gasto de prueba 3108
2026-07-08,109.08,Vivienda,Gasto de prueba 3109
2026-07-09,110.09,Ocio,Gasto de prueba 3110
2026-07-10,111.10,Supermercado,Gasto de prueba 3111
2026-07-11,112.11,Restaurantes,Gasto de prueba 3112
2026-07-12,113.12,Transporte,Gasto de prueba 3113
2026-07-13,114.13,Vivienda,Gasto de prueba 3114
2026-07-14,115.14,Ocio,Gasto de prueba 3115
2026-07-15,116.15,Supermercado,Gasto de prueba 3116
2026-07-16,117.16,Restaurantes,Gasto de prueba 3117
2026-07-17,118.17,Transporte,Gasto de prueba 3118
2026-07-18,119.18,Vivienda,Gasto de prueba 3119
2026-07-19,120.19,Ocio,Gasto de prueba 3120
2026-07-20,121.20,Supermercado,Gasto de prueba 3121
2026-07-21,122.21,Restaurantes,Gasto de prueba 3122
2026-07-22,123.22,Transporte,Gasto de prueba 3123
2026-07-23,124.23,Vivienda,Gasto de prueba 3124
2026-07-24,125.24,Ocio,Gasto de prueba 3125
2026-07-25,126.25,Supermercado,Gasto de prueba 3126
2026-07-26,127.26,Restaurantes,Gasto de prueba 3127
2026-07-27,128.27,Transporte,Gasto de prueba 3128
2026-07-28,129.28,Vivienda,Gasto de prueba 3129
2026-07-29,130.29,Ocio,Gasto de prueba 3130
2026-07-30,131.30,Supermercado,Gasto de prueba 3131
2026-07-31,132.31,Restaurantes,Gasto de prueba 3132
2026-08-01,133.32,Transporte,Gasto de prueba 3133
2026-08-02,134.33,Vivienda,Gasto de prueba 3134
2026-08-03,135.34,Ocio,Gasto de prueba 3135
2026-08-04,136.35,Supermercado,Gasto de prueba 3136
2026-08-05,137.36,Restaurantes,Gasto de prueba 3137
2026-08-06,138.37,Transporte,Gasto de prueba 3138
2026-08-07,139.38,Vivienda,Gasto de prueba 3139
2026-08-08,140.39,Ocio,Gasto de prueba 3140
2026-08-09,141.40,Supermercado,Gasto de prueba 3141
2026-08-10,142.41,Restaurantes,Gasto de prueba 3142
2026-08-11,143.42,Transporte,Gasto de prueba 3143
2026-08-12,144.43,Vivienda,Gasto de prueba 3144
2026-08-13,145.44,Ocio,Gasto de prueba 3145
2026-08-14,146.45,Supermercado,Gasto de prueba 3146
2026-08-15,147.46,Restaurantes,Gasto de prueba 3147
2026-08-16,148.47,Transporte,Gasto de prueba 3148
2026-08-17,149.48,Vivienda,Gasto de prueba 3149
2026-08-18,150.49,Ocio,Gasto de prueba 3150
2026-08-19,151.50,Supermercado,Gasto de prueba 3151
2026-08-20,152.51,Restaurantes,Gasto de prueba 3152
2026-08-21,153.52,Transporte,Gasto de prueba 3153
2026-08-22,154.53,Vivienda,Gasto de prueba 3154
2026-08-23,155.54,Ocio,Gasto de prueba 3155
2026-08-24,156.55,Supermercado,Gasto de prueba 3156
2026-08-25,157.56,Restaurantes,Gasto de prueba 3157
2026-08-26,158.57,Transporte,Gasto de prueba 3158
2026-08-27,159.58,Vivienda,Gasto de prueba 3159
2026-08-28,160.59,Ocio,Gasto de prueba 3160
2026-08-29,161.60,Supermercado,Gasto de prueba 3161
2026-08-30,162.61,Restaurantes,Gasto de prueba 3162
2026-08-31,163.62,Transporte,Gasto de prueba 3163
2026-09-01,164.63,Vivienda,Gasto de prueba 3164
2026-09-02,165.64,Ocio,Gasto de prueba 3165
2026-09-03,166.65,Supermercado,Gasto de prueba 3166
2026-09-04,167.66,Restaurantes,Gasto de prueba 3167
2026-09-05,168.67,Transporte,Gasto de prueba 3168
2026-09-06,169.68,Vivienda,Gasto de prueba 3169
2026-09-07,170.69,Ocio,Gasto de prueba 3170
2026-09-08,171.70,Supermercado,Gasto de prueba 3171
2026-09-09,172.71,Restaurantes,Gasto de prueba 3172
2026-09-10,173.72,Transporte,Gasto de prueba 3173
2026-09-11,174.73,Vivienda,Gasto de prueba 3174
2026-09-12,175.74,Ocio,Gasto de prueba 3175
2026-09-13,176.75,Supermercado,Gasto de prueba 3176
2026-09-14,177.76,Restaurantes,Gasto de prueba 3177
2026-09-15,178.77,Transporte,Gasto de prueba 3178
2026-09-16,179.78,Vivienda,Gasto de prueba 3179
2026-09-17,180.79,Ocio,Gasto de prueba 3180
2026-09-18,181.80,Supermercado,Gasto de prueba 3181
2026-09-19,182.81,Restaurantes,Gasto de prueba 3182
2026-09-20,183.82,Transporte,Gasto de prueba 3183
2026-09-21,184.83,Vivienda,Gasto de prueba 3184
2026-09-22,185.84,Ocio,Gasto de prueba 3185
2026-09-23,186.85,Supermercado,Gasto de prueba 3186
2026-09-24,187.86,Restaurantes,Gasto de prueba 3187
2026-09-25,188.87,Transporte,Gasto de prueba 3188
2026-09-26,189.88,Vivienda,Gasto de prueba 3189
2026-09-27,190.89,Ocio,Gasto de prueba 3190
2026-09-28,191.90,Supermercado,Gasto de prueba 3191
2026-09-29,192.91,Restaurantes,Gasto de prueba 3192
2026-09-30,193.92,Transporte,Gasto de prueba 3193
2026-10-01,194.93,Vivienda,Gasto de prueba 3194
2026-10-02,195.94,Ocio,Gasto de prueba 3195
2026-10-03,196.95,Supermercado,Gasto de prueba 3196
2026-10-04,197.96,Restaurantes,Gasto de prueba 3197
2026-10-05,198.97,Transporte,Gasto de prueba 3198
2026-10-06,199.98,Vivienda,Gasto de prueba 3199
2026-10-07,200.99,Ocio,Gasto de prueba 3200
2026-10-08,1.00,Supermercado,Gasto de prueba 3201
2026-10-09,2.01,Restaurantes,Gasto de prueba 3202
2026-10-10,3.02,Transporte,Gasto de prueba 3203
2026-10-11,4.03,Vivienda,Gasto de prueba 3204
2026-10-12,5.04,Ocio,Gasto de prueba 3205
2026-10-13,6.05,Supermercado,Gasto de prueba 3206
2026-10-14,7.06,Restaurantes,Gasto de prueba 3207
2026-10-15,8.07,Transporte,Gasto de prueba 3208
2026-10-16,9.08,Vivienda,Gasto de prueba 3209
2026-10-17,10.09,Ocio,Gasto de prueba 3210
2026-10-18,11.10,Supermercado,Gasto de prueba 3211
2026-10-19,12.11,Restaurantes,Gasto de prueba 3212
2026-10-20,13.12,Transporte,Gasto de prueba 3213
2026-10-21,14.13,Vivienda,Gasto de prueba 3214
2026-10-22,15.14,Ocio,Gasto de prueba 3215
2026-10-23,16.15,Supermercado,Gasto de prueba 3216
2026-10-24,17.16,Restaurantes,Gasto de prueba 3217
2026-10-25,18.17,Transporte,Gasto de prueba 3218
2026-10-26,19.18,Vivienda,Gasto de prueba 3219
2026-10-27,20.19,Ocio,Gasto de prueba 3220
2026-10-28,21.20,Supermercado,Gasto de prueba 3221
2026-10-29,22.21,Restaurantes,Gasto de prueba 3222
2026-10-30,23.22,Transporte,Gasto de prueba 3223
2026-10-31,24.23,Vivienda,Gasto de prueba 3224
2026-11-01,25.24,Ocio,Gasto de prueba 3225
2026-11-02,26.25,Supermercado,Gasto de prueba 3226
2026-11-03,27.26,Restaurantes,Gasto de prueba 3227
2026-11-04,28.27,Transporte,Gasto de prueba 3228
2026-11-05,29.28,Vivienda,Gasto de prueba 3229
2026-11-06,30.29,Ocio,Gasto de prueba 3230
2026-11-07,31.30,Supermercado,Gasto de prueba 3231
2026-11-08,32.31,Restaurantes,Gasto de prueba 3232
2026-11-09,33.32,Transporte,Gasto de prueba 3233
2026-11-10,34.33,Vivienda,Gasto de prueba 3234
2026-11-11,35.34,Ocio,Gasto de prueba 3235
2026-11-12,36.35,Supermercado,Gasto de prueba 3236
2026-11-13,37.36,Restaurantes,Gasto de prueba 3237
2026-11-14,38.37,Transporte,Gasto de prueba 3238
2026-11-15,39.38,Vivienda,Gasto de prueba 3239
2026-11-16,40.39,Ocio,Gasto de prueba 3240
2026-11-17,41.40,Supermercado,Gasto de prueba 3241
2026-11-18,42.41,Restaurantes,Gasto de prueba 3242
2026-11-19,43.42,Transporte,Gasto de prueba 3243
2026-11-20,44.43,Vivienda,Gasto de prueba 3244
2026-11-21,45.44,Ocio,Gasto de prueba 3245
2026-11-22,46.45,Supermercado,Gasto de prueba 3246
2026-11-23,47.46,Restaurantes,Gasto de prueba 3247
2026-11-24,48.47,Transporte,Gasto de prueba 3248
2026-11-25,49.48,Vivienda,Gasto de prueba 3249
2026-11-26,50.49,Ocio,Gasto de prueba 3250
2026-11-27,51.50,Supermercado,Gasto de prueba 3251
2026-11-28,52.51,Restaurantes,Gasto de prueba 3252
2026-11-29,53.52,Transporte,Gasto de prueba 3253
2026-11-30,54.53,Vivienda,Gasto de prueba 3254
2026-12-01,55.54,Ocio,Gasto de prueba 3255
2026-12-02,56.55,Supermercado,Gasto de prueba 3256
2026-12-03,57.56,Restaurantes,Gasto de prueba 3257
2026-12-04,58.57,Transporte,Gasto de prueba 3258
2026-12-05,59.58,Vivienda,Gasto de prueba 3259
2026-12-06,60.59,Ocio,Gasto de prueba 3260
2026-12-07,61.60,Supermercado,Gasto de prueba 3261
2026-12-08,62.61,Restaurantes,Gasto de prueba 3262
2026-12-09,63.62,Transporte,Gasto de prueba 3263
2026-12-10,64.63,Vivienda,Gasto de prueba 3264
2026-12-11,65.64,Ocio,Gasto de prueba 3265
2026-12-12,66.65,Supermercado,Gasto de prueba 3266
2026-12-13,67.66,Restaurantes,Gasto de prueba 3267
2026-12-14,68.67,Transporte,Gasto de prueba 3268
2026-12-15,69.68,Vivienda,Gasto de prueba 3269
2026-12-16,70.69,Ocio,Gasto de prueba 3270
2026-12-17,71.70,Supermercado,Gasto de prueba 3271
2026-12-18,72.71,Restaurantes,Gasto de prueba 3272
2026-12-19,73.72,Transporte,Gasto de prueba 3273
2026-12-20,74.73,Vivienda,Gasto de prueba 3274
2026-12-21,75.74,Ocio,Gasto de prueba 3275
2026-12-22,76.75,Supermercado,Gasto de prueba 3276
2026-12-23,77.76,Restaurantes,Gasto de prueba 3277
2026-12-24,78.77,Transporte,Gasto de prueba 3278
2026-12-25,79.78,Vivienda,Gasto de prueba 3279
2026-12-26,80.79,Ocio,Gasto de prueba 3280
2026-12-27,81.80,Supermercado,Gasto de prueba 3281
2026-12-28,82.81,Restaurantes,Gasto de prueba 3282
2026-12-29,83.82,Transporte,Gasto de prueba 3283
2026-12-30,84.83,Vivienda,Gasto de prueba 3284
2026-12-31,85.84,Ocio,Gasto de prueba 3285
2026-01-01,86.85,Supermercado,Gasto de prueba 3286
2026-01-02,87.86,Restaurantes,Gasto de prueba 3287
2026-01-03,88.87,Transporte,Gasto de prueba 3288
2026-01-04,89.88,Vivienda,Gasto de prueba 3289
2026-01-05,90.89,Ocio,Gasto de prueba 3290
2026-01-06,91.90,Supermercado,Gasto de prueba 3291
2026-01-07,92.91,Restaurantes,Gasto de prueba 3292
2026-01-08,93.92,Transporte,Gasto de prueba 3293
2026-01-09,94.93,Vivienda,Gasto de prueba 3294
2026-01-10,95.94,Ocio,Gasto de prueba 3295
2026-01-11,96.95,Supermercado,Gasto de prueba 3296
2026-01-12,97.96,Restaurantes,Gasto de prueba 3297
2026-01-13,98.97,Transporte,Gasto de prueba 3298
2026-01-14,99.98,Vivienda,Gasto de prueba 3299
2026-01-15,100.99,Ocio,Gasto de prueba 3300
2026-01-16,101.00,Supermercado,Gasto de prueba 3301
2026-01-17,102.01,Restaurantes,Gasto de prueba 3302
2026-01-18,103.02,Transporte,Gasto de prueba 3303
2026-01-19,104.03,Vivienda,Gasto de prueba 3304
2026-01-20,105.04,Ocio,Gasto de prueba 3305
2026-01-21,106.05,Supermercado,Gasto de prueba 3306
2026-01-22,107.06,Restaurantes,Gasto de prueba 3307
2026-01-23,108.07,Transporte,Gasto de prueba 3308
2026-01-24,109.08,Vivienda,Gasto de prueba 3309
2026-01-25,110.09,Ocio,Gasto de prueba 3310
2026-01-26,111.10,Supermercado,Gasto de prueba 3311
2026-01-27,112.11,Restaurantes,Gasto de prueba 3312
2026-01-28,113.12,Transporte,Gasto de prueba 3313
2026-01-29,114.13,Vivienda,Gasto de prueba 3314
2026-01-30,115.14,Ocio,Gasto de prueba 3315
2026-01-31,116.15,Supermercado,Gasto de prueba 3316
2026-02-01,117.16,Restaurantes,Gasto de prueba 3317
2026-02-02,118.17,Transporte,Gasto de prueba 3318
2026-02-03,119.18,Vivienda,Gasto de prueba 3319
2026-02-04,120.19,Ocio,Gasto de prueba 3320
2026-02-05,121.20,Supermercado,Gasto de prueba 3321
2026-02-06,122.21,Restaurantes,Gasto de prueba 3322
2026-02-07,123.22,Transporte,Gasto de prueba 3323
2026-02-08,124.23,Vivienda,Gasto de prueba 3324
2026-02-09,125.24,Ocio,Gasto de prueba 3325
2026-02-10,126.25,Supermercado,Gasto de prueba 3326
2026-02-11,127.26,Restaurantes,Gasto de prueba 3327
2026-02-12,128.27,Transporte,Gasto de prueba 3328
2026-02-13,129.28,Vivienda,Gasto de prueba 3329
2026-02-14,130.29,Ocio,Gasto de prueba 3330
2026-02-15,131.30,Supermercado,Gasto de prueba 3331
2026-02-16,132.31,Restaurantes,Gasto de prueba 3332
2026-02-17,133.32,Transporte,Gasto de prueba 3333
2026-02-18,134.33,Vivienda,Gasto de prueba 3334
2026-02-19,135.34,Ocio,Gasto de prueba 3335
2026-02-20,136.35,Supermercado,Gasto de prueba 3336
2026-02-21,137.36,Restaurantes,Gasto de prueba 3337
2026-02-22,138.37,Transporte,Gasto de prueba 3338
2026-02-23,139.38,Vivienda,Gasto de prueba 3339
2026-02-24,140.39,Ocio,Gasto de prueba 3340
2026-02-25,141.40,Supermercado,Gasto de prueba 3341
2026-02-26,142.41,Restaurantes,Gasto de prueba 3342
2026-02-27,143.42,Transporte,Gasto de prueba 3343
2026-02-28,144.43,Vivienda,Gasto de prueba 3344
2026-03-01,145.44,Ocio,Gasto de prueba 3345
2026-03-02,146.45,Supermercado,Gasto de prueba 3346
2026-03-03,147.46,Restaurantes,Gasto de prueba 3347
2026-03-04,148.47,Transporte,Gasto de prueba 3348
2026-03-05,149.48,Vivienda,Gasto de prueba 3349
2026-03-06,150.49,Ocio,Gasto de prueba 3350
2026-03-07,151.50,Supermercado,Gasto de prueba 3351
2026-03-08,152.51,Restaurantes,Gasto de prueba 3352
2026-03-09,153.52,Transporte,Gasto de prueba 3353
2026-03-10,154.53,Vivienda,Gasto de prueba 3354
2026-03-11,155.54,Ocio,Gasto de prueba 3355
2026-03-12,156.55,Supermercado,Gasto de prueba 3356
2026-03-13,157.56,Restaurantes,Gasto de prueba 3357
2026-03-14,158.57,Transporte,Gasto de prueba 3358
2026-03-15,159.58,Vivienda,Gasto de prueba 3359
2026-03-16,160.59,Ocio,Gasto de prueba 3360
2026-03-17,161.60,Supermercado,Gasto de prueba 3361
2026-03-18,162.61,Restaurantes,Gasto de prueba 3362
2026-03-19,163.62,Transporte,Gasto de prueba 3363
2026-03-20,164.63,Vivienda,Gasto de prueba 3364
2026-03-21,165.64,Ocio,Gasto de prueba 3365
2026-03-22,166.65,Supermercado,Gasto de prueba 3366
2026-03-23,167.66,Restaurantes,Gasto de prueba 3367
2026-03-24,168.67,Transporte,Gasto de prueba 3368
2026-03-25,169.68,Vivienda,Gasto de prueba 3369
2026-03-26,170.69,Ocio,Gasto de prueba 3370
2026-03-27,171.70,Supermercado,Gasto de prueba 3371
2026-03-28,172.71,Restaurantes,Gasto de prueba 3372
2026-03-29,173.72,Transporte,Gasto de prueba 3373
2026-03-30,174.73,Vivienda,Gasto de prueba 3374
2026-03-31,175.74,Ocio,Gasto de prueba 3375
2026-04-01,176.75,Supermercado,Gasto de prueba 3376
2026-04-02,177.76,Restaurantes,Gasto de prueba 3377
2026-04-03,178.77,Transporte,Gasto de prueba 3378
2026-04-04,179.78,Vivienda,Gasto de prueba 3379
2026-04-05,180.79,Ocio,Gasto de prueba 3380
2026-04-06,181.80,Supermercado,Gasto de prueba 3381
2026-04-07,182.81,Restaurantes,Gasto de prueba 3382
2026-04-08,183.82,Transporte,Gasto de prueba 3383
2026-04-09,184.83,Vivienda,Gasto de prueba 3384
2026-04-10,185.84,Ocio,Gasto de prueba 3385
2026-04-11,186.85,Supermercado,Gasto de prueba 3386
2026-04-12,187.86,Restaurantes,Gasto de prueba 3387
2026-04-13,188.87,Transporte,Gasto de prueba 3388
2026-04-14,189.88,Vivienda,Gasto de prueba 3389
2026-04-15,190.89,Ocio,Gasto de prueba 3390
2026-04-16,191.90,Supermercado,Gasto de prueba 3391
2026-04-17,192.91,Restaurantes,Gasto de prueba 3392
2026-04-18,193.92,Transporte,Gasto de prueba 3393
2026-04-19,194.93,Vivienda,Gasto de prueba 3394
2026-04-20,195.94,Ocio,Gasto de prueba 3395
2026-04-21,196.95,Supermercado,Gasto de prueba 3396
2026-04-22,197.96,Restaurantes,Gasto de prueba 3397
2026-04-23,198.97,Transporte,Gasto de prueba 3398
2026-04-24,199.98,Vivienda,Gasto de prueba 3399
2026-04-25,200.99,Ocio,Gasto de prueba 3400
2026-04-26,1.00,Supermercado,Gasto de prueba 3401
2026-04-27,2.01,Restaurantes,Gasto de prueba 3402
2026-04-28,3.02,Transporte,Gasto de prueba 3403
2026-04-29,4.03,Vivienda,Gasto de prueba 3404
2026-04-30,5.04,Ocio,Gasto de prueba 3405
2026-05-01,6.05,Supermercado,Gasto de prueba 3406
2026-05-02,7.06,Restaurantes,Gasto de prueba 3407
2026-05-03,8.07,Transporte,Gasto de prueba 3408
2026-05-04,9.08,Vivienda,Gasto de prueba 3409
2026-05-05,10.09,Ocio,Gasto de prueba 3410
2026-05-06,11.10,Supermercado,Gasto de prueba 3411
2026-05-07,12.11,Restaurantes,Gasto de prueba 3412
2026-05-08,13.12,Transporte,Gasto de prueba 3413
2026-05-09,14.13,Vivienda,Gasto de prueba 3414
2026-05-10,15.14,Ocio,Gasto de prueba 3415
2026-05-11,16.15,Supermercado,Gasto de prueba 3416
2026-05-12,17.16,Restaurantes,Gasto de prueba 3417
2026-05-13,18.17,Transporte,Gasto de prueba 3418
2026-05-14,19.18,Vivienda,Gasto de prueba 3419
2026-05-15,20.19,Ocio,Gasto de prueba 3420
2026-05-16,21.20,Supermercado,Gasto de prueba 3421
2026-05-17,22.21,Restaurantes,Gasto de prueba 3422
2026-05-18,23.22,Transporte,Gasto de prueba 3423
2026-05-19,24.23,Vivienda,Gasto de prueba 3424
2026-05-20,25.24,Ocio,Gasto de prueba 3425
2026-05-21,26.25,Supermercado,Gasto de prueba 3426
2026-05-22,27.26,Restaurantes,Gasto de prueba 3427
2026-05-23,28.27,Transporte,Gasto de prueba 3428
2026-05-24,29.28,Vivienda,Gasto de prueba 3429
2026-05-25,30.29,Ocio,Gasto de prueba 3430
2026-05-26,31.30,Supermercado,Gasto de prueba 3431
2026-05-27,32.31,Restaurantes,Gasto de prueba 3432
2026-05-28,33.32,Transporte,Gasto de prueba 3433
2026-05-29,34.33,Vivienda,Gasto de prueba 3434
2026-05-30,35.34,Ocio,Gasto de prueba 3435
2026-05-31,36.35,Supermercado,Gasto de prueba 3436
2026-06-01,37.36,Restaurantes,Gasto de prueba 3437
2026-06-02,38.37,Transporte,Gasto de prueba 3438
2026-06-03,39.38,Vivienda,Gasto de prueba 3439
2026-06-04,40.39,Ocio,Gasto de prueba 3440
2026-06-05,41.40,Supermercado,Gasto de prueba 3441
2026-06-06,42.41,Restaurantes,Gasto de prueba 3442
2026-06-07,43.42,Transporte,Gasto de prueba 3443
2026-06-08,44.43,Vivienda,Gasto de prueba 3444
2026-06-09,45.44,Ocio,Gasto de prueba 3445
2026-06-10,46.45,Supermercado,Gasto de prueba 3446
2026-06-11,47.46,Restaurantes,Gasto de prueba 3447
2026-06-12,48.47,Transporte,Gasto de prueba 3448
2026-06-13,49.48,Vivienda,Gasto de prueba 3449
2026-06-14,50.49,Ocio,Gasto de prueba 3450
2026-06-15,51.50,Supermercado,Gasto de prueba 3451
2026-06-16,52.51,Restaurantes,Gasto de prueba 3452
2026-06-17,53.52,Transporte,Gasto de prueba 3453
2026-06-18,54.53,Vivienda,Gasto de prueba 3454
2026-06-19,55.54,Ocio,Gasto de prueba 3455
2026-06-20,56.55,Supermercado,Gasto de prueba 3456
2026-06-21,57.56,Restaurantes,Gasto de prueba 3457
2026-06-22,58.57,Transporte,Gasto de prueba 3458
2026-06-23,59.58,Vivienda,Gasto de prueba 3459
2026-06-24,60.59,Ocio,Gasto de prueba 3460
2026-06-25,61.60,Supermercado,Gasto de prueba 3461
2026-06-26,62.61,Restaurantes,Gasto de prueba 3462
2026-06-27,63.62,Transporte,Gasto de prueba 3463
2026-06-28,64.63,Vivienda,Gasto de prueba 3464
2026-06-29,65.64,Ocio,Gasto de prueba 3465
2026-06-30,66.65,Supermercado,Gasto de prueba 3466
2026-07-01,67.66,Restaurantes,Gasto de prueba 3467
2026-07-02,68.67,Transporte,Gasto de prueba 3468
2026-07-03,69.68,Vivienda,Gasto de prueba 3469
2026-07-04,70.69,Ocio,Gasto de prueba 3470
2026-07-05,71.70,Supermercado,Gasto de prueba 3471
2026-07-06,72.71,Restaurantes,Gasto de prueba 3472
2026-07-07,73.72,Transporte,Gasto de prueba 3473
2026-07-08,74.73,Vivienda,Gasto de prueba 3474
2026-07-09,75.74,Ocio,Gasto de prueba 3475
2026-07-10,76.75,Supermercado,Gasto de prueba 3476
2026-07-11,77.76,Restaurantes,Gasto de prueba 3477
2026-07-12,78.77,Transporte,Gasto de prueba 3478
2026-07-13,79.78,Vivienda,Gasto de prueba 3479
2026-07-14,80.79,Ocio,Gasto de prueba 3480
2026-07-15,81.80,Supermercado,Gasto de prueba 3481
2026-07-16,82.81,Restaurantes,Gasto de prueba 3482
2026-07-17,83.82,Transporte,Gasto de prueba 3483
2026-07-18,84.83,Vivienda,Gasto de prueba 3484
2026-07-19,85.84,Ocio,Gasto de prueba 3485
2026-07-20,86.85,Supermercado,Gasto de prueba 3486
2026-07-21,87.86,Restaurantes,Gasto de prueba 3487
2026-07-22,88.87,Transporte,Gasto de prueba 3488
2026-07-23,89.88,Vivienda,Gasto de prueba 3489
2026-07-24,90.89,Ocio,Gasto de prueba 3490
2026-07-25,91.90,Supermercado,Gasto de prueba 3491
2026-07-26,92.91,Restaurantes,Gasto de prueba 3492
2026-07-27,93.92,Transporte,Gasto de prueba 3493
2026-07-28,94.93,Vivienda,Gasto de prueba 3494
2026-07-29,95.94,Ocio,Gasto de prueba 3495
2026-07-30,96.95,Supermercado,Gasto de prueba 3496
2026-07-31,97.96,Restaurantes,Gasto de prueba 3497
2026-08-01,98.97,Transporte,Gasto de prueba 3498
2026-08-02,99.98,Vivienda,Gasto de prueba 3499
2026-08-03,100.99,Ocio,Gasto de prueba 3500
2026-08-04,101.00,Supermercado,Gasto de prueba 3501
2026-08-05,102.01,Restaurantes,Gasto de prueba 3502
2026-08-06,103.02,Transporte,Gasto de prueba 3503
2026-08-07,104.03,Vivienda,Gasto de prueba 3504
2026-08-08,105.04,Ocio,Gasto de prueba 3505
2026-08-09,106.05,Supermercado,Gasto de prueba 3506
2026-08-10,107.06,Restaurantes,Gasto de prueba 3507
2026-08-11,108.07,Transporte,Gasto de prueba 3508
2026-08-12,109.08,Vivienda,Gasto de prueba 3509
2026-08-13,110.09,Ocio,Gasto de prueba 3510
2026-08-14,111.10,Supermercado,Gasto de prueba 3511
2026-08-15,112.11,Restaurantes,Gasto de prueba 3512
2026-08-16,113.12,Transporte,Gasto de prueba 3513
2026-08-17,114.13,Vivienda,Gasto de prueba 3514
2026-08-18,115.14,Ocio,Gasto de prueba 3515
2026-08-19,116.15,Supermercado,Gasto de prueba 3516
2026-08-20,117.16,Restaurantes,Gasto de prueba 3517
2026-08-21,118.17,Transporte,Gasto de prueba 3518
2026-08-22,119.18,Vivienda,Gasto de prueba 3519
2026-08-23,120.19,Ocio,Gasto de prueba 3520
2026-08-24,121.20,Supermercado,Gasto de prueba 3521
2026-08-25,122.21,Restaurantes,Gasto de prueba 3522
2026-08-26,123.22,Transporte,Gasto de prueba 3523
2026-08-27,124.23,Vivienda,Gasto de prueba 3524
2026-08-28,125.24,Ocio,Gasto de prueba 3525
2026-08-29,126.25,Supermercado,Gasto de prueba 3526
2026-08-30,127.26,Restaurantes,Gasto de prueba 3527
2026-08-31,128.27,Transporte,Gasto de prueba 3528
2026-09-01,129.28,Vivienda,Gasto de prueba 3529
2026-09-02,130.29,Ocio,Gasto de prueba 3530
2026-09-03,131.30,Supermercado,Gasto de prueba 3531
2026-09-04,132.31,Restaurantes,Gasto de prueba 3532
2026-09-05,133.32,Transporte,Gasto de prueba 3533
2026-09-06,134.33,Vivienda,Gasto de prueba 3534
2026-09-07,135.34,Ocio,Gasto de prueba 3535
2026-09-08,136.35,Supermercado,Gasto de prueba 3536
2026-09-09,137.36,Restaurantes,Gasto de prueba 3537
2026-09-10,138.37,Transporte,Gasto de prueba 3538
2026-09-11,139.38,Vivienda,Gasto de prueba 3539
2026-09-12,140.39,Ocio,Gasto de prueba 3540
2026-09-13,141.40,Supermercado,Gasto de prueba 3541
2026-09-14,142.41,Restaurantes,Gasto de prueba 3542
2026-09-15,143.42,Transporte,Gasto de prueba 3543
2026-09-16,144.43,Vivienda,Gasto de prueba 3544
2026-09-17,145.44,Ocio,Gasto de prueba 3545
2026-09-18,146.45,Supermercado,Gasto de prueba 3546
2026-09-19,147.46,Restaurantes,Gasto de prueba 3547
2026-09-20,148.47,Transporte,Gasto de prueba 3548
2026-09-21,149.48,Vivienda,Gasto de prueba 3549
2026-09-22,150.49,Ocio,Gasto de prueba 3550
2026-09-23,151.50,Supermercado,Gasto de prueba 3551
2026-09-24,152.51,Restaurantes,Gasto de prueba 3552
2026-09-25,153.52,Transporte,Gasto de prueba 3553
2026-09-26,154.53,Vivienda,Gasto de prueba 3554
2026-09-27,155.54,Ocio,Gasto de prueba 3555
2026-09-28,156.55,Supermercado,Gasto de prueba 3556
2026-09-29,157.56,Restaurantes,Gasto de prueba 3557
2026-09-30,158.57,Transporte,Gasto de prueba 3558
2026-10-01,159.58,Vivienda,Gasto de prueba 3559
2026-10-02,160.59,Ocio,Gasto de prueba 3560
2026-10-03,161.60,Supermercado,Gasto de prueba 3561
2026-10-04,162.61,Restaurantes,Gasto de prueba 3562
2026-10-05,163.62,Transporte,Gasto de prueba 3563
2026-10-06,164.63,Vivienda,Gasto de prueba 3564
2026-10-07,165.64,Ocio,Gasto de prueba 3565
2026-10-08,166.65,Supermercado,Gasto de prueba 3566
2026-10-09,167.66,Restaurantes,Gasto de prueba 3567
2026-10-10,168.67,Transporte,Gasto de prueba 3568
2026-10-11,169.68,Vivienda,Gasto de prueba 3569
2026-10-12,170.69,Ocio,Gasto de prueba 3570
2026-10-13,171.70,Supermercado,Gasto de prueba 3571
2026-10-14,172.71,Restaurantes,Gasto de prueba 3572
2026-10-15,173.72,Transporte,Gasto de prueba 3573
2026-10-16,174.73,Vivienda,Gasto de prueba 3574
2026-10-17,175.74,Ocio,Gasto de prueba 3575
2026-10-18,176.75,Supermercado,Gasto de prueba 3576
2026-10-19,177.76,Restaurantes,Gasto de prueba 3577
2026-10-20,178.77,Transporte,Gasto de prueba 3578
2026-10-21,179.78,Vivienda,Gasto de prueba 3579
2026-10-22,180.79,Ocio,Gasto de prueba 3580
2026-10-23,181.80,Supermercado,Gasto de prueba 3581
2026-10-24,182.81,Restaurantes,Gasto de prueba 3582
2026-10-25,183.82,Transporte,Gasto de prueba 3583
2026-10-26,184.83,Vivienda,Gasto de prueba 3584
2026-10-27,185.84,Ocio,Gasto de prueba 3585
2026-10-28,186.85,Supermercado,Gasto de prueba 3586
2026-10-29,187.86,Restaurantes,Gasto de prueba 3587
2026-10-30,188.87,Transporte,Gasto de prueba 3588
2026-10-31,189.88,Vivienda,Gasto de prueba 3589
2026-11-01,190.89,Ocio,Gasto de prueba 3590
2026-11-02,191.90,Supermercado,Gasto de prueba 3591
2026-11-03,192.91,Restaurantes,Gasto de prueba 3592
2026-11-04,193.92,Transporte,Gasto de prueba 3593
2026-11-05,194.93,Vivienda,Gasto de prueba 3594
2026-11-06,195.94,Ocio,Gasto de prueba 3595
2026-11-07,196.95,Supermercado,Gasto de prueba 3596
2026-11-08,197.96,Restaurantes,Gasto de prueba 3597
2026-11-09,198.97,Transporte,Gasto de prueba 3598
2026-11-10,199.98,Vivienda,Gasto de prueba 3599
2026-11-11,200.99,Ocio,Gasto de prueba 3600
2026-11-12,1.00,Supermercado,Gasto de prueba 3601
2026-11-13,2.01,Restaurantes,Gasto de prueba 3602
2026-11-14,3.02,Transporte,Gasto de prueba 3603
2026-11-15,4.03,Vivienda,Gasto de prueba 3604
2026-11-16,5.04,Ocio,Gasto de prueba 3605
2026-11-17,6.05,Supermercado,Gasto de prueba 3606
2026-11-18,7.06,Restaurantes,Gasto de prueba 3607
2026-11-19,8.07,Transporte,Gasto de prueba 3608
2026-11-20,9.08,Vivienda,Gasto de prueba 3609
2026-11-21,10.09,Ocio,Gasto de prueba 3610
2026-11-22,11.10,Supermercado,Gasto de prueba 3611
2026-11-23,12.11,Restaurantes,Gasto de prueba 3612
2026-11-24,13.12,Transporte,Gasto de prueba 3613
2026-11-25,14.13,Vivienda,Gasto de prueba 3614
2026-11-26,15.14,Ocio,Gasto de prueba 3615
2026-11-27,16.15,Supermercado,Gasto de prueba 3616
2026-11-28,17.16,Restaurantes,Gasto de prueba 3617
2026-11-29,18.17,Transporte,Gasto de prueba 3618
2026-11-30,19.18,Vivienda,Gasto de prueba 3619
2026-12-01,20.19,Ocio,Gasto de prueba 3620
2026-12-02,21.20,Supermercado,Gasto de prueba 3621
2026-12-03,22.21,Restaurantes,Gasto de prueba 3622
2026-12-04,23.22,Transporte,Gasto de prueba 3623
2026-12-05,24.23,Vivienda,Gasto de prueba 3624
2026-12-06,25.24,Ocio,Gasto de prueba 3625
2026-12-07,26.25,Supermercado,Gasto de prueba 3626
2026-12-08,27.26,Restaurantes,Gasto de prueba 3627
2026-12-09,28.27,Transporte,Gasto de prueba 3628
2026-12-10,29.28,Vivienda,Gasto de prueba 3629
2026-12-11,30.29,Ocio,Gasto de prueba 3630
2026-12-12,31.30,Supermercado,Gasto de prueba 3631
2026-12-13,32.31,Restaurantes,Gasto de prueba 3632
2026-12-14,33.32,Transporte,Gasto de prueba 3633
2026-12-15,34.33,Vivienda,Gasto de prueba 3634
2026-12-16,35.34,Ocio,Gasto de prueba 3635
2026-12-17,36.35,Supermercado,Gasto de prueba 3636
2026-12-18,37.36,Restaurantes,Gasto de prueba 3637
2026-12-19,38.37,Transporte,Gasto de prueba 3638
2026-12-20,39.38,Vivienda,Gasto de prueba 3639
2026-12-21,40.39,Ocio,Gasto de prueba 3640
2026-12-22,41.40,Supermercado,Gasto de prueba 3641
2026-12-23,42.41,Restaurantes,Gasto de prueba 3642
2026-12-24,43.42,Transporte,Gasto de prueba 3643
2026-12-25,44.43,Vivienda,Gasto de prueba 3644
2026-12-26,45.44,Ocio,Gasto de prueba 3645
2026-12-27,46.45,Supermercado,Gasto de prueba 3646
2026-12-28,47.46,Restaurantes,Gasto de prueba 3647
2026-12-29,48.47,Transporte,Gasto de prueba 3648
2026-12-30,49.48,Vivienda,Gasto de prueba 3649
2026-12-31,50.49,Ocio,Gasto de prueba 3650
2026-01-01,51.50,Supermercado,Gasto de prueba 3651
2026-01-02,52.51,Restaurantes,Gasto de prueba 3652
2026-01-03,53.52,Transporte,Gasto de prueba 3653
2026-01-04,54.53,Vivienda,Gasto de prueba 3654
2026-01-05,55.54,Ocio,Gasto de prueba 3655
2026-01-06,56.55,Supermercado,Gasto de prueba 3656
2026-01-07,57.56,Restaurantes,Gasto de prueba 3657
2026-01-08,58.57,Transporte,Gasto de prueba 3658
2026-01-09,59.58,Vivienda,Gasto de prueba 3659
2026-01-10,60.59,Ocio,Gasto de prueba 3660
2026-01-11,61.60,Supermercado,Gasto de prueba 3661
2026-01-12,62.61,Restaurantes,Gasto de prueba 3662
2026-01-13,63.62,Transporte,Gasto de prueba 3663
2026-01-14,64.63,Vivienda,Gasto de prueba 3664
2026-01-15,65.64,Ocio,Gasto de prueba 3665
2026-01-16,66.65,Supermercado,Gasto de prueba 3666
2026-01-17,67.66,Restaurantes,Gasto de prueba 3667
2026-01-18,68.67,Transporte,Gasto de prueba 3668
2026-01-19,69.68,Vivienda,Gasto de prueba 3669
2026-01-20,70.69,Ocio,Gasto de prueba 3670
2026-01-21,71.70,Supermercado,Gasto de prueba 3671
2026-01-22,72.71,Restaurantes,Gasto de prueba 3672
2026-01-23,73.72,Transporte,Gasto de prueba 3673
2026-01-24,74.73,Vivienda,Gasto de prueba 3674
2026-01-25,75.74,Ocio,Gasto de prueba 3675
2026-01-26,76.75,Supermercado,Gasto de prueba 3676
2026-01-27,77.76,Restaurantes,Gasto de prueba 3677
2026-01-28,78.77,Transporte,Gasto de prueba 3678
2026-01-29,79.78,Vivienda,Gasto de prueba 3679
2026-01-30,80.79,Ocio,Gasto de prueba 3680
2026-01-31,81.80,Supermercado,Gasto de prueba 3681
2026-02-01,82.81,Restaurantes,Gasto de prueba 3682
2026-02-02,83.82,Transporte,Gasto de prueba 3683
2026-02-03,84.83,Vivienda,Gasto de prueba 3684
2026-02-04,85.84,Ocio,Gasto de prueba 3685
2026-02-05,86.85,Supermercado,Gasto de prueba 3686
2026-02-06,87.86,Restaurantes,Gasto de prueba 3687
2026-02-07,88.87,Transporte,Gasto de prueba 3688
2026-02-08,89.88,Vivienda,Gasto de prueba 3689
2026-02-09,90.89,Ocio,Gasto de prueba 3690
2026-02-10,91.90,Supermercado,Gasto de prueba 3691
2026-02-11,92.91,Restaurantes,Gasto de prueba 3692
2026-02-12,93.92,Transporte,Gasto de prueba 3693
2026-02-13,94.93,Vivienda,Gasto de prueba 3694
2026-02-14,95.94,Ocio,Gasto de prueba 3695
2026-02-15,96.95,Supermercado,Gasto de prueba 3696
2026-02-16,97.96,Restaurantes,Gasto de prueba 3697
2026-02-17,98.97,Transporte,Gasto de prueba 3698
2026-02-18,99.98,Vivienda,Gasto de prueba 3699
2026-02-19,100.99,Ocio,Gasto de prueba 3700
2026-02-20,101.00,Supermercado,Gasto de prueba 3701
2026-02-21,102.01,Restaurantes,Gasto de prueba 3702
2026-02-22,103.02,Transporte,Gasto de prueba 3703
2026-02-23,104.03,Vivienda,Gasto de prueba 3704
2026-02-24,105.04,Ocio,Gasto de prueba 3705
2026-02-25,106.05,Supermercado,Gasto de prueba 3706
2026-02-26,107.06,Restaurantes,Gasto de prueba 3707
2026-02-27,108.07,Transporte,Gasto de prueba 3708
2026-02-28,109.08,Vivienda,Gasto de prueba 3709
2026-03-01,110.09,Ocio,Gasto de prueba 3710
2026-03-02,111.10,Supermercado,Gasto de prueba 3711
2026-03-03,112.11,Restaurantes,Gasto de prueba 3712
2026-03-04,113.12,Transporte,Gasto de prueba 3713
2026-03-05,114.13,Vivienda,Gasto de prueba 3714
2026-03-06,115.14,Ocio,Gasto de prueba 3715
2026-03-07,116.15,Supermercado,Gasto de prueba 3716
2026-03-08,117.16,Restaurantes,Gasto de prueba 3717
2026-03-09,118.17,Transporte,Gasto de prueba 3718
2026-03-10,119.18,Vivienda,Gasto de prueba 3719
2026-03-11,120.19,Ocio,Gasto de prueba 3720
2026-03-12,121.20,Supermercado,Gasto de prueba 3721
2026-03-13,122.21,Restaurantes,Gasto de prueba 3722
2026-03-14,123.22,Transporte,Gasto de prueba 3723
2026-03-15,124.23,Vivienda,Gasto de prueba 3724
2026-03-16,125.24,Ocio,Gasto de prueba 3725
2026-03-17,126.25,Supermercado,Gasto de prueba 3726
2026-03-18,127.26,Restaurantes,Gasto de prueba 3727
2026-03-19,128.27,Transporte,Gasto de prueba 3728
2026-03-20,129.28,Vivienda,Gasto de prueba 3729
2026-03-21,130.29,Ocio,Gasto de prueba 3730
2026-03-22,131.30,Supermercado,Gasto de prueba 3731
2026-03-23,132.31,Restaurantes,Gasto de prueba 3732
2026-03-24,133.32,Transporte,Gasto de prueba 3733
2026-03-25,134.33,Vivienda,Gasto de prueba 3734
2026-03-26,135.34,Ocio,Gasto de prueba 3735
2026-03-27,136.35,Supermercado,Gasto de prueba 3736
2026-03-28,137.36,Restaurantes,Gasto de prueba 3737
2026-03-29,138.37,Transporte,Gasto de prueba 3738
2026-03-30,139.38,Vivienda,Gasto de prueba 3739
2026-03-31,140.39,Ocio,Gasto de prueba 3740
2026-04-01,141.40,Supermercado,Gasto de prueba 3741
2026-04-02,142.41,Restaurantes,Gasto de prueba 3742
2026-04-03,143.42,Transporte,Gasto de prueba 3743
2026-04-04,144.43,Vivienda,Gasto de prueba 3744
2026-04-05,145.44,Ocio,Gasto de prueba 3745
2026-04-06,146.45,Supermercado,Gasto de prueba 3746
2026-04-07,147.46,Restaurantes,Gasto de prueba 3747
2026-04-08,148.47,Transporte,Gasto de prueba 3748
2026-04-09,149.48,Vivienda,Gasto de prueba 3749
2026-04-10,150.49,Ocio,Gasto de prueba 3750
2026-04-11,151.50,Supermercado,Gasto de prueba 3751
2026-04-12,152.51,Restaurantes,Gasto de prueba 3752
2026-04-13,153.52,Transporte,Gasto de prueba 3753
2026-04-14,154.53,Vivienda,Gasto de prueba 3754
2026-04-15,155.54,Ocio,Gasto de prueba 3755
2026-04-16,156.55,Supermercado,Gasto de prueba 3756
2026-04-17,157.56,Restaurantes,Gasto de prueba 3757
2026-04-18,158.57,Transporte,Gasto de prueba 3758
2026-04-19,159.58,Vivienda,Gasto de prueba 3759
2026-04-20,160.59,Ocio,Gasto de prueba 3760
2026-04-21,161.60,Supermercado,Gasto de prueba 3761
2026-04-22,162.61,Restaurantes,Gasto de prueba 3762
2026-04-23,163.62,Transporte,Gasto de prueba 3763
2026-04-24,164.63,Vivienda,Gasto de prueba 3764
2026-04-25,165.64,Ocio,Gasto de prueba 3765
2026-04-26,166.65,Supermercado,Gasto de prueba 3766
2026-04-27,167.66,Restaurantes,Gasto de prueba 3767
2026-04-28,168.67,Transporte,Gasto de prueba 3768
2026-04-29,169.68,Vivienda,Gasto de prueba 3769
2026-04-30,170.69,Ocio,Gasto de prueba 3770
2026-05-01,171.70,Supermercado,Gasto de prueba 3771
2026-05-02,172.71,Restaurantes,Gasto de prueba 3772
2026-05-03,173.72,Transporte,Gasto de prueba 3773
2026-05-04,174.73,Vivienda,Gasto de prueba 3774
2026-05-05,175.74,Ocio,Gasto de prueba 3775
2026-05-06,176.75,Supermercado,Gasto de prueba 3776
2026-05-07,177.76,Restaurantes,Gasto de prueba 3777
2026-05-08,178.77,Transporte,Gasto de prueba 3778
2026-05-09,179.78,Vivienda,Gasto de prueba 3779
2026-05-10,180.79,Ocio,Gasto de prueba 3780
2026-05-11,181.80,Supermercado,Gasto de prueba 3781
2026-05-12,182.81,Restaurantes,Gasto de prueba 3782
2026-05-13,183.82,Transporte,Gasto de prueba 3783
2026-05-14,184.83,Vivienda,Gasto de prueba 3784
2026-05-15,185.84,Ocio,Gasto de prueba 3785
2026-05-16,186.85,Supermercado,Gasto de prueba 3786
2026-05-17,187.86,Restaurantes,Gasto de prueba 3787
2026-05-18,188.87,Transporte,Gasto de prueba 3788
2026-05-19,189.88,Vivienda,Gasto de prueba 3789
2026-05-20,190.89,Ocio,Gasto de prueba 3790
2026-05-21,191.90,Supermercado,Gasto de prueba 3791
2026-05-22,192.91,Restaurantes,Gasto de prueba 3792
2026-05-23,193.92,Transporte,Gasto de prueba 3793
2026-05-24,194.93,Vivienda,Gasto de prueba 3794
2026-05-25,195.94,Ocio,Gasto de prueba 3795
2026-05-26,196.95,Supermercado,Gasto de prueba 3796
2026-05-27,197.96,Restaurantes,Gasto de prueba 3797
2026-05-28,198.97,Transporte,Gasto de prueba 3798
2026-05-29,199.98,Vivienda,Gasto de prueba 3799
2026-05-30,200.99,Ocio,Gasto de prueba 3800
2026-05-31,1.00,Supermercado,Gasto de prueba 3801
2026-06-01,2.01,Restaurantes,Gasto de prueba 3802
2026-06-02,3.02,Transporte,Gasto de prueba 3803
2026-06-03,4.03,Vivienda,Gasto de prueba 3804
2026-06-04,5.04,Ocio,Gasto de prueba 3805
2026-06-05,6.05,Supermercado,Gasto de prueba 3806
2026-06-06,7.06,Restaurantes,Gasto de prueba 3807
2026-06-07,8.07,Transporte,Gasto de prueba 3808
2026-06-08,9.08,Vivienda,Gasto de prueba 3809
2026-06-09,10.09,Ocio,Gasto de prueba 3810
2026-06-10,11.10,Supermercado,Gasto de prueba 3811
2026-06-11,12.11,Restaurantes,Gasto de prueba 3812
2026-06-12,13.12,Transporte,Gasto de prueba 3813
2026-06-13,14.13,Vivienda,Gasto de prueba 3814
2026-06-14,15.14,Ocio,Gasto de prueba 3815
2026-06-15,16.15,Supermercado,Gasto de prueba 3816
2026-06-16,17.16,Restaurantes,Gasto de prueba 3817
2026-06-17,18.17,Transporte,Gasto de prueba 3818
2026-06-18,19.18,Vivienda,Gasto de prueba 3819
2026-06-19,20.19,Ocio,Gasto de prueba 3820
2026-06-20,21.20,Supermercado,Gasto de prueba 3821
2026-06-21,22.21,Restaurantes,Gasto de prueba 3822
2026-06-22,23.22,Transporte,Gasto de prueba 3823
2026-06-23,24.23,Vivienda,Gasto de prueba 3824
2026-06-24,25.24,Ocio,Gasto de prueba 3825
2026-06-25,26.25,Supermercado,Gasto de prueba 3826
2026-06-26,27.26,Restaurantes,Gasto de prueba 3827
2026-06-27,28.27,Transporte,Gasto de prueba 3828
2026-06-28,29.28,Vivienda,Gasto de prueba 3829
2026-06-29,30.29,Ocio,Gasto de prueba 3830
2026-06-30,31.30,Supermercado,Gasto de prueba 3831
2026-07-01,32.31,Restaurantes,Gasto de prueba 3832
2026-07-02,33.32,Transporte,Gasto de prueba 3833
2026-07-03,34.33,Vivienda,Gasto de prueba 3834
2026-07-04,35.34,Ocio,Gasto de prueba 3835
2026-07-05,36.35,Supermercado,Gasto de prueba 3836
2026-07-06,37.36,Restaurantes,Gasto de prueba 3837
2026-07-07,38.37,Transporte,Gasto de prueba 3838
2026-07-08,39.38,Vivienda,Gasto de prueba 3839
2026-07-09,40.39,Ocio,Gasto de prueba 3840
2026-07-10,41.40,Supermercado,Gasto de prueba 3841
2026-07-11,42.41,Restaurantes,Gasto de prueba 3842
2026-07-12,43.42,Transporte,Gasto de prueba 3843
2026-07-13,44.43,Vivienda,Gasto de prueba 3844
2026-07-14,45.44,Ocio,Gasto de prueba 3845
2026-07-15,46.45,Supermercado,Gasto de prueba 3846
2026-07-16,47.46,Restaurantes,Gasto de prueba 3847
2026-07-17,48.47,Transporte,Gasto de prueba 3848
2026-07-18,49.48,Vivienda,Gasto de prueba 3849
2026-07-19,50.49,Ocio,Gasto de prueba 3850
2026-07-20,51.50,Supermercado,Gasto de prueba 3851
2026-07-21,52.51,Restaurantes,Gasto de prueba 3852
2026-07-22,53.52,Transporte,Gasto de prueba 3853
2026-07-23,54.53,Vivienda,Gasto de prueba 3854
2026-07-24,55.54,Ocio,Gasto de prueba 3855
2026-07-25,56.55,Supermercado,Gasto de prueba 3856
2026-07-26,57.56,Restaurantes,Gasto de prueba 3857
2026-07-27,58.57,Transporte,Gasto de prueba 3858
2026-07-28,59.58,Vivienda,Gasto de prueba 3859
2026-07-29,60.59,Ocio,Gasto de prueba 3860
2026-07-30,61.60,Supermercado,Gasto de prueba 3861
2026-07-31,62.61,Restaurantes,Gasto de prueba 3862
2026-08-01,63.62,Transporte,Gasto de prueba 3863
2026-08-02,64.63,Vivienda,Gasto de prueba 3864
2026-08-03,65.64,Ocio,Gasto de prueba 3865
2026-08-04,66.65,Supermercado,Gasto de prueba 3866
2026-08-05,67.66,Restaurantes,Gasto de prueba 3867
2026-08-06,68.67,Transporte,Gasto de prueba 3868
2026-08-07,69.68,Vivienda,Gasto de prueba 3869
2026-08-08,70.69,Ocio,Gasto de prueba 3870
2026-08-09,71.70,Supermercado,Gasto de prueba 3871
2026-08-10,72.71,Restaurantes,Gasto de prueba 3872
2026-08-11,73.72,Transporte,Gasto de prueba 3873
2026-08-12,74.73,Vivienda,Gasto de prueba 3874
2026-08-13,75.74,Ocio,Gasto de prueba 3875
2026-08-14,76.75,Supermercado,Gasto de prueba 3876
2026-08-15,77.76,Restaurantes,Gasto de prueba 3877
2026-08-16,78.77,Transporte,Gasto de prueba 3878
2026-08-17,79.78,Vivienda,Gasto de prueba 3879
2026-08-18,80.79,Ocio,Gasto de prueba 3880
2026-08-19,81.80,Supermercado,Gasto de prueba 3881
2026-08-20,82.81,Restaurantes,Gasto de prueba 3882
2026-08-21,83.82,Transporte,Gasto de prueba 3883
2026-08-22,84.83,Vivienda,Gasto de prueba 3884
2026-08-23,85.84,Ocio,Gasto de prueba 3885
2026-08-24,86.85,Supermercado,Gasto de prueba 3886
2026-08-25,87.86,Restaurantes,Gasto de prueba 3887
2026-08-26,88.87,Transporte,Gasto de prueba 3888
2026-08-27,89.88,Vivienda,Gasto de prueba 3889
2026-08-28,90.89,Ocio,Gasto de prueba 3890
2026-08-29,91.90,Supermercado,Gasto de prueba 3891
2026-08-30,92.91,Restaurantes,Gasto de prueba 3892
2026-08-31,93.92,Transporte,Gasto de prueba 3893
2026-09-01,94.93,Vivienda,Gasto de prueba 3894
2026-09-02,95.94,Ocio,Gasto de prueba 3895
2026-09-03,96.95,Supermercado,Gasto de prueba 3896
2026-09-04,97.96,Restaurantes,Gasto de prueba 3897
2026-09-05,98.97,Transporte,Gasto de prueba 3898
2026-09-06,99.98,Vivienda,Gasto de prueba 3899
2026-09-07,100.99,Ocio,Gasto de prueba 3900
2026-09-08,101.00,Supermercado,Gasto de prueba 3901
2026-09-09,102.01,Restaurantes,Gasto de prueba 3902
2026-09-10,103.02,Transporte,Gasto de prueba 3903
2026-09-11,104.03,Vivienda,Gasto de prueba 3904
2026-09-12,105.04,Ocio,Gasto de prueba 3905
2026-09-13,106.05,Supermercado,Gasto de prueba 3906
2026-09-14,107.06,Restaurantes,Gasto de prueba 3907
2026-09-15,108.07,Transporte,Gasto de prueba 3908
2026-09-16,109.08,Vivienda,Gasto de prueba 3909
2026-09-17,110.09,Ocio,Gasto de prueba 3910
2026-09-18,111.10,Supermercado,Gasto de prueba 3911
2026-09-19,112.11,Restaurantes,Gasto de prueba 3912
2026-09-20,113.12,Transporte,Gasto de prueba 3913
2026-09-21,114.13,Vivienda,Gasto de prueba 3914
2026-09-22,115.14,Ocio,Gasto de prueba 3915
2026-09-23,116.15,Supermercado,Gasto de prueba 3916
2026-09-24,117.16,Restaurantes,Gasto de prueba 3917
2026-09-25,118.17,Transporte,Gasto de prueba 3918
2026-09-26,119.18,Vivienda,Gasto de prueba 3919
2026-09-27,120.19,Ocio,Gasto de prueba 3920
2026-09-28,121.20,Supermercado,Gasto de prueba 3921
2026-09-29,122.21,Restaurantes,Gasto de prueba 3922
2026-09-30,123.22,Transporte,Gasto de prueba 3923
2026-10-01,124.23,Vivienda,Gasto de prueba 3924
2026-10-02,125.24,Ocio,Gasto de prueba 3925
2026-10-03,126.25,Supermercado,Gasto de prueba 3926
2026-10-04,127.26,Restaurantes,Gasto de prueba 3927
2026-10-05,128.27,Transporte,Gasto de prueba 3928
2026-10-06,129.28,Vivienda,Gasto de prueba 3929
2026-10-07,130.29,Ocio,Gasto de prueba 3930
2026-10-08,131.30,Supermercado,Gasto de prueba 3931
2026-10-09,132.31,Restaurantes,Gasto de prueba 3932
2026-10-10,133.32,Transporte,Gasto de prueba 3933
2026-10-11,134.33,Vivienda,Gasto de prueba 3934
2026-10-12,135.34,Ocio,Gasto de prueba 3935
2026-10-13,136.35,Supermercado,Gasto de prueba 3936
2026-10-14,137.36,Restaurantes,Gasto de prueba 3937
2026-10-15,138.37,Transporte,Gasto de prueba 3938
2026-10-16,139.38,Vivienda,Gasto de prueba 3939
2026-10-17,140.39,Ocio,Gasto de prueba 3940
2026-10-18,141.40,Supermercado,Gasto de prueba 3941
2026-10-19,142.41,Restaurantes,Gasto de prueba 3942
2026-10-20,143.42,Transporte,Gasto de prueba 3943
2026-10-21,144.43,Vivienda,Gasto de prueba 3944
2026-10-22,145.44,Ocio,Gasto de prueba 3945
2026-10-23,146.45,Supermercado,Gasto de prueba 3946
2026-10-24,147.46,Restaurantes,Gasto de prueba 3947
2026-10-25,148.47,Transporte,Gasto de prueba 3948
2026-10-26,149.48,Vivienda,Gasto de prueba 3949
2026-10-27,150.49,Ocio,Gasto de prueba 3950
2026-10-28,151.50,Supermercado,Gasto de prueba 3951
2026-10-29,152.51,Restaurantes,Gasto de prueba 3952
2026-10-30,153.52,Transporte,Gasto de prueba 3953
2026-10-31,154.53,Vivienda,Gasto de prueba 3954
2026-11-01,155.54,Ocio,Gasto de prueba 3955
2026-11-02,156.55,Supermercado,Gasto de prueba 3956
2026-11-03,157.56,Restaurantes,Gasto de prueba 3957
2026-11-04,158.57,Transporte,Gasto de prueba 3958
2026-11-05,159.58,Vivienda,Gasto de prueba 3959
2026-11-06,160.59,Ocio,Gasto de prueba 3960
2026-11-07,161.60,Supermercado,Gasto de prueba 3961
2026-11-08,162.61,Restaurantes,Gasto de prueba 3962
2026-11-09,163.62,Transporte,Gasto de prueba 3963
2026-11-10,164.63,Vivienda,Gasto de prueba 3964
2026-11-11,165.64,Ocio,Gasto de prueba 3965
2026-11-12,166.65,Supermercado,Gasto de prueba 3966
2026-11-13,167.66,Restaurantes,Gasto de prueba 3967
2026-11-14,168.67,Transporte,Gasto de prueba 3968
2026-11-15,169.68,Vivienda,Gasto de prueba 3969
2026-11-16,170.69,Ocio,Gasto de prueba 3970
2026-11-17,171.70,Supermercado,Gasto de prueba 3971
2026-11-18,172.71,Restaurantes,Gasto de prueba 3972
2026-11-19,173.72,Transporte,Gasto de prueba 3973
2026-11-20,174.73,Vivienda,Gasto de prueba 3974
2026-11-21,175.74,Ocio,Gasto de prueba 3975
2026-11-22,176.75,Supermercado,Gasto de prueba 3976
2026-11-23,177.76,Restaurantes,Gasto de prueba 3977
2026-11-24,178.77,Transporte,Gasto de prueba 3978
2026-11-25,179.78,Vivienda,Gasto de prueba 3979
2026-11-26,180.79,Ocio,Gasto de prueba 3980
2026-11-27,181.80,Supermercado,Gasto de prueba 3981
2026-11-28,182.81,Restaurantes,Gasto de prueba 3982
2026-11-29,183.82,Transporte,Gasto de prueba 3983
2026-11-30,184.83,Vivienda,Gasto de prueba 3984
2026-12-01,185.84,Ocio,Gasto de prueba 3985
2026-12-02,186.85,Supermercado,Gasto de prueba 3986
2026-12-03,187.86,Restaurantes,Gasto de prueba 3987
2026-12-04,188.87,Transporte,Gasto de prueba 3988
2026-12-05,189.88,Vivienda,Gasto de prueba 3989
2026-12-06,190.89,Ocio,Gasto de prueba 3990
2026-12-07,191.90,Supermercado,Gasto de prueba 3991
2026-12-08,192.91,Restaurantes,Gasto de prueba 3992
2026-12-09,193.92,Transporte,Gasto de prueba 3993
2026-12-10,194.93,Vivienda,Gasto de prueba 3994
2026-12-11,195.94,Ocio,Gasto de prueba 3995
2026-12-12,196.95,Supermercado,Gasto de prueba 3996
2026-12-13,197.96,Restaurantes,Gasto de prueba 3997
2026-12-14,198.97,Transporte,Gasto de prueba 3998
2026-12-15,199.98,Vivienda,Gasto de prueba 3999
2026-12-16,200.99,Ocio,Gasto de prueba 4000
2026-12-17,1.00,Supermercado,Gasto de prueba 4001
2026-12-18,2.01,Restaurantes,Gasto de prueba 4002
2026-12-19,3.02,Transporte,Gasto de prueba 4003
2026-12-20,4.03,Vivienda,Gasto de prueba 4004
2026-12-21,5.04,Ocio,Gasto de prueba 4005
2026-12-22,6.05,Supermercado,Gasto de prueba 4006
2026-12-23,7.06,Restaurantes,Gasto de prueba 4007
2026-12-24,8.07,Transporte,Gasto de prueba 4008
2026-12-25,9.08,Vivienda,Gasto de prueba 4009
2026-12-26,10.09,Ocio,Gasto de prueba 4010
2026-12-27,11.10,Supermercado,Gasto de prueba 4011
2026-12-28,12.11,Restaurantes,Gasto de prueba 4012
2026-12-29,13.12,Transporte,Gasto de prueba 4013
2026-12-30,14.13,Vivienda,Gasto de prueba 4014
2026-12-31,15.14,Ocio,Gasto de prueba 4015
2026-01-01,16.15,Supermercado,Gasto de prueba 4016
2026-01-02,17.16,Restaurantes,Gasto de prueba 4017
2026-01-03,18.17,Transporte,Gasto de prueba 4018
2026-01-04,19.18,Vivienda,Gasto de prueba 4019
2026-01-05,20.19,Ocio,Gasto de prueba 4020
2026-01-06,21.20,Supermercado,Gasto de prueba 4021
2026-01-07,22.21,Restaurantes,Gasto de prueba 4022
2026-01-08,23.22,Transporte,Gasto de prueba 4023
2026-01-09,24.23,Vivienda,Gasto de prueba 4024
2026-01-10,25.24,Ocio,Gasto de prueba 4025
2026-01-11,26.25,Supermercado,Gasto de prueba 4026
2026-01-12,27.26,Restaurantes,Gasto de prueba 4027
2026-01-13,28.27,Transporte,Gasto de prueba 4028
2026-01-14,29.28,Vivienda,Gasto de prueba 4029
2026-01-15,30.29,Ocio,Gasto de prueba 4030
2026-01-16,31.30,Supermercado,Gasto de prueba 4031
2026-01-17,32.31,Restaurantes,Gasto de prueba 4032
2026-01-18,33.32,Transporte,Gasto de prueba 4033
2026-01-19,34.33,Vivienda,Gasto de prueba 4034
2026-01-20,35.34,Ocio,Gasto de prueba 4035
2026-01-21,36.35,Supermercado,Gasto de prueba 4036
2026-01-22,37.36,Restaurantes,Gasto de prueba 4037
2026-01-23,38.37,Transporte,Gasto de prueba 4038
2026-01-24,39.38,Vivienda,Gasto de prueba 4039
2026-01-25,40.39,Ocio,Gasto de prueba 4040
2026-01-26,41.40,Supermercado,Gasto de prueba 4041
2026-01-27,42.41,Restaurantes,Gasto de prueba 4042
2026-01-28,43.42,Transporte,Gasto de prueba 4043
2026-01-29,44.43,Vivienda,Gasto de prueba 4044
2026-01-30,45.44,Ocio,Gasto de prueba 4045
2026-01-31,46.45,Supermercado,Gasto de prueba 4046
2026-02-01,47.46,Restaurantes,Gasto de prueba 4047
2026-02-02,48.47,Transporte,Gasto de prueba 4048
2026-02-03,49.48,Vivienda,Gasto de prueba 4049
2026-02-04,50.49,Ocio,Gasto de prueba 4050
2026-02-05,51.50,Supermercado,Gasto de prueba 4051
2026-02-06,52.51,Restaurantes,Gasto de prueba 4052
2026-02-07,53.52,Transporte,Gasto de prueba 4053
2026-02-08,54.53,Vivienda,Gasto de prueba 4054
2026-02-09,55.54,Ocio,Gasto de prueba 4055
2026-02-10,56.55,Supermercado,Gasto de prueba 4056
2026-02-11,57.56,Restaurantes,Gasto de prueba 4057
2026-02-12,58.57,Transporte,Gasto de prueba 4058
2026-02-13,59.58,Vivienda,Gasto de prueba 4059
2026-02-14,60.59,Ocio,Gasto de prueba 4060
2026-02-15,61.60,Supermercado,Gasto de prueba 4061
2026-02-16,62.61,Restaurantes,Gasto de prueba 4062
2026-02-17,63.62,Transporte,Gasto de prueba 4063
2026-02-18,64.63,Vivienda,Gasto de prueba 4064
2026-02-19,65.64,Ocio,Gasto de prueba 4065
2026-02-20,66.65,Supermercado,Gasto de prueba 4066
2026-02-21,67.66,Restaurantes,Gasto de prueba 4067
2026-02-22,68.67,Transporte,Gasto de prueba 4068
2026-02-23,69.68,Vivienda,Gasto de prueba 4069
2026-02-24,70.69,Ocio,Gasto de prueba 4070
2026-02-25,71.70,Supermercado,Gasto de prueba 4071
2026-02-26,72.71,Restaurantes,Gasto de prueba 4072
2026-02-27,73.72,Transporte,Gasto de prueba 4073
2026-02-28,74.73,Vivienda,Gasto de prueba 4074
2026-03-01,75.74,Ocio,Gasto de prueba 4075
2026-03-02,76.75,Supermercado,Gasto de prueba 4076
2026-03-03,77.76,Restaurantes,Gasto de prueba 4077
2026-03-04,78.77,Transporte,Gasto de prueba 4078
2026-03-05,79.78,Vivienda,Gasto de prueba 4079
2026-03-06,80.79,Ocio,Gasto de prueba 4080
2026-03-07,81.80,Supermercado,Gasto de prueba 4081
2026-03-08,82.81,Restaurantes,Gasto de prueba 4082
2026-03-09,83.82,Transporte,Gasto de prueba 4083
2026-03-10,84.83,Vivienda,Gasto de prueba 4084
2026-03-11,85.84,Ocio,Gasto de prueba 4085
2026-03-12,86.85,Supermercado,Gasto de prueba 4086
2026-03-13,87.86,Restaurantes,Gasto de prueba 4087
2026-03-14,88.87,Transporte,Gasto de prueba 4088
2026-03-15,89.88,Vivienda,Gasto de prueba 4089
2026-03-16,90.89,Ocio,Gasto de prueba 4090
2026-03-17,91.90,Supermercado,Gasto de prueba 4091
2026-03-18,92.91,Restaurantes,Gasto de prueba 4092
2026-03-19,93.92,Transporte,Gasto de prueba 4093
2026-03-20,94.93,Vivienda,Gasto de prueba 4094
2026-03-21,95.94,Ocio,Gasto de prueba 4095
2026-03-22,96.95,Supermercado,Gasto de prueba 4096
2026-03-23,97.96,Restaurantes,Gasto de prueba 4097
2026-03-24,98.97,Transporte,Gasto de prueba 4098
2026-03-25,99.98,Vivienda,Gasto de prueba 4099
2026-03-26,100.99,Ocio,Gasto de prueba 4100
2026-03-27,101.00,Supermercado,Gasto de prueba 4101
2026-03-28,102.01,Restaurantes,Gasto de prueba 4102
2026-03-29,103.02,Transporte,Gasto de prueba 4103
2026-03-30,104.03,Vivienda,Gasto de prueba 4104
2026-03-31,105.04,Ocio,Gasto de prueba 4105
2026-04-01,106.05,Supermercado,Gasto de prueba 4106
2026-04-02,107.06,Restaurantes,Gasto de prueba 4107
2026-04-03,108.07,Transporte,Gasto de prueba 4108
2026-04-04,109.08,Vivienda,Gasto de prueba 4109
2026-04-05,110.09,Ocio,Gasto de prueba 4110
2026-04-06,111.10,Supermercado,Gasto de prueba 4111
2026-04-07,112.11,Restaurantes,Gasto de prueba 4112
2026-04-08,113.12,Transporte,Gasto de prueba 4113
2026-04-09,114.13,Vivienda,Gasto de prueba 4114
2026-04-10,115.14,Ocio,Gasto de prueba 4115
2026-04-11,116.15,Supermercado,Gasto de prueba 4116
2026-04-12,117.16,Restaurantes,Gasto de prueba 4117
2026-04-13,118.17,Transporte,Gasto de prueba 4118
2026-04-14,119.18,Vivienda,Gasto de prueba 4119
2026-04-15,120.19,Ocio,Gasto de prueba 4120
2026-04-16,121.20,Supermercado,Gasto de prueba 4121
2026-04-17,122.21,Restaurantes,Gasto de prueba 4122
2026-04-18,123.22,Transporte,Gasto de prueba 4123
2026-04-19,124.23,Vivienda,Gasto de prueba 4124
2026-04-20,125.24,Ocio,Gasto de prueba 4125
2026-04-21,126.25,Supermercado,Gasto de prueba 4126
2026-04-22,127.26,Restaurantes,Gasto de prueba 4127
2026-04-23,128.27,Transporte,Gasto de prueba 4128
2026-04-24,129.28,Vivienda,Gasto de prueba 4129
2026-04-25,130.29,Ocio,Gasto de prueba 4130
2026-04-26,131.30,Supermercado,Gasto de prueba 4131
2026-04-27,132.31,Restaurantes,Gasto de prueba 4132
2026-04-28,133.32,Transporte,Gasto de prueba 4133
2026-04-29,134.33,Vivienda,Gasto de prueba 4134
2026-04-30,135.34,Ocio,Gasto de prueba 4135
2026-05-01,136.35,Supermercado,Gasto de prueba 4136
2026-05-02,137.36,Restaurantes,Gasto de prueba 4137
2026-05-03,138.37,Transporte,Gasto de prueba 4138
2026-05-04,139.38,Vivienda,Gasto de prueba 4139
2026-05-05,140.39,Ocio,Gasto de prueba 4140
2026-05-06,141.40,Supermercado,Gasto de prueba 4141
2026-05-07,142.41,Restaurantes,Gasto de prueba 4142
2026-05-08,143.42,Transporte,Gasto de prueba 4143
2026-05-09,144.43,Vivienda,Gasto de prueba 4144
2026-05-10,145.44,Ocio,Gasto de prueba 4145
2026-05-11,146.45,Supermercado,Gasto de prueba 4146
2026-05-12,147.46,Restaurantes,Gasto de prueba 4147
2026-05-13,148.47,Transporte,Gasto de prueba 4148
2026-05-14,149.48,Vivienda,Gasto de prueba 4149
2026-05-15,150.49,Ocio,Gasto de prueba 4150
2026-05-16,151.50,Supermercado,Gasto de prueba 4151
2026-05-17,152.51,Restaurantes,Gasto de prueba 4152
2026-05-18,153.52,Transporte,Gasto de prueba 4153
2026-05-19,154.53,Vivienda,Gasto de prueba 4154
2026-05-20,155.54,Ocio,Gasto de prueba 4155
2026-05-21,156.55,Supermercado,Gasto de prueba 4156
2026-05-22,157.56,Restaurantes,Gasto de prueba 4157
2026-05-23,158.57,Transporte,Gasto de prueba 4158
2026-05-24,159.58,Vivienda,Gasto de prueba 4159
2026-05-25,160.59,Ocio,Gasto de prueba 4160
2026-05-26,161.60,Supermercado,Gasto de prueba 4161
2026-05-27,162.61,Restaurantes,Gasto de prueba 4162
2026-05-28,163.62,Transporte,Gasto de prueba 4163
2026-05-29,164.63,Vivienda,Gasto de prueba 4164
2026-05-30,165.64,Ocio,Gasto de prueba 4165
2026-05-31,166.65,Supermercado,Gasto de prueba 4166
2026-06-01,167.66,Restaurantes,Gasto de prueba 4167
2026-06-02,168.67,Transporte,Gasto de prueba 4168
2026-06-03,169.68,Vivienda,Gasto de prueba 4169
2026-06-04,170.69,Ocio,Gasto de prueba 4170
2026-06-05,171.70,Supermercado,Gasto de prueba 4171
2026-06-06,172.71,Restaurantes,Gasto de prueba 4172
2026-06-07,173.72,Transporte,Gasto de prueba 4173
2026-06-08,174.73,Vivienda,Gasto de prueba 4174
2026-06-09,175.74,Ocio,Gasto de prueba 4175
2026-06-10,176.75,Supermercado,Gasto de prueba 4176
2026-06-11,177.76,Restaurantes,Gasto de prueba 4177
2026-06-12,178.77,Transporte,Gasto de prueba 4178
2026-06-13,179.78,Vivienda,Gasto de prueba 4179
2026-06-14,180.79,Ocio,Gasto de prueba 4180
2026-06-15,181.80,Supermercado,Gasto de prueba 4181
2026-06-16,182.81,Restaurantes,Gasto de prueba 4182
2026-06-17,183.82,Transporte,Gasto de prueba 4183
2026-06-18,184.83,Vivienda,Gasto de prueba 4184
2026-06-19,185.84,Ocio,Gasto de prueba 4185
2026-06-20,186.85,Supermercado,Gasto de prueba 4186
2026-06-21,187.86,Restaurantes,Gasto de prueba 4187
2026-06-22,188.87,Transporte,Gasto de prueba 4188
2026-06-23,189.88,Vivienda,Gasto de prueba 4189
2026-06-24,190.89,Ocio,Gasto de prueba 4190
2026-06-25,191.90,Supermercado,Gasto de prueba 4191
2026-06-26,192.91,Restaurantes,Gasto de prueba 4192
2026-06-27,193.92,Transporte,Gasto de prueba 4193
2026-06-28,194.93,Vivienda,Gasto de prueba 4194
2026-06-29,195.94,Ocio,Gasto de prueba 4195
2026-06-30,196.95,Supermercado,Gasto de prueba 4196
2026-07-01,197.96,Restaurantes,Gasto de prueba 4197
2026-07-02,198.97,Transporte,Gasto de prueba 4198
2026-07-03,199.98,Vivienda,Gasto de prueba 4199
2026-07-04,200.99,Ocio,Gasto de prueba 4200
2026-07-05,1.00,Supermercado,Gasto de prueba 4201
2026-07-06,2.01,Restaurantes,Gasto de prueba 4202
2026-07-07,3.02,Transporte,Gasto de prueba 4203
2026-07-08,4.03,Vivienda,Gasto de prueba 4204
2026-07-09,5.04,Ocio,Gasto de prueba 4205
2026-07-10,6.05,Supermercado,Gasto de prueba 4206
2026-07-11,7.06,Restaurantes,Gasto de prueba 4207
2026-07-12,8.07,Transporte,Gasto de prueba 4208
2026-07-13,9.08,Vivienda,Gasto de prueba 4209
2026-07-14,10.09,Ocio,Gasto de prueba 4210
2026-07-15,11.10,Supermercado,Gasto de prueba 4211
2026-07-16,12.11,Restaurantes,Gasto de prueba 4212
2026-07-17,13.12,Transporte,Gasto de prueba 4213
2026-07-18,14.13,Vivienda,Gasto de prueba 4214
2026-07-19,15.14,Ocio,Gasto de prueba 4215
2026-07-20,16.15,Supermercado,Gasto de prueba 4216
2026-07-21,17.16,Restaurantes,Gasto de prueba 4217
2026-07-22,18.17,Transporte,Gasto de prueba 4218
2026-07-23,19.18,Vivienda,Gasto de prueba 4219
2026-07-24,20.19,Ocio,Gasto de prueba 4220
2026-07-25,21.20,Supermercado,Gasto de prueba 4221
2026-07-26,22.21,Restaurantes,Gasto de prueba 4222
2026-07-27,23.22,Transporte,Gasto de prueba 4223
2026-07-28,24.23,Vivienda,Gasto de prueba 4224
2026-07-29,25.24,Ocio,Gasto de prueba 4225
2026-07-30,26.25,Supermercado,Gasto de prueba 4226
2026-07-31,27.26,Restaurantes,Gasto de prueba 4227
2026-08-01,28.27,Transporte,Gasto de prueba 4228
2026-08-02,29.28,Vivienda,Gasto de prueba 4229
2026-08-03,30.29,Ocio,Gasto de prueba 4230
2026-08-04,31.30,Supermercado,Gasto de prueba 4231
2026-08-05,32.31,Restaurantes,Gasto de prueba 4232
2026-08-06,33.32,Transporte,Gasto de prueba 4233
2026-08-07,34.33,Vivienda,Gasto de prueba 4234
2026-08-08,35.34,Ocio,Gasto de prueba 4235
2026-08-09,36.35,Supermercado,Gasto de prueba 4236
2026-08-10,37.36,Restaurantes,Gasto de prueba 4237
2026-08-11,38.37,Transporte,Gasto de prueba 4238
2026-08-12,39.38,Vivienda,Gasto de prueba 4239
2026-08-13,40.39,Ocio,Gasto de prueba 4240
2026-08-14,41.40,Supermercado,Gasto de prueba 4241
2026-08-15,42.41,Restaurantes,Gasto de prueba 4242
2026-08-16,43.42,Transporte,Gasto de prueba 4243
2026-08-17,44.43,Vivienda,Gasto de prueba 4244
2026-08-18,45.44,Ocio,Gasto de prueba 4245
2026-08-19,46.45,Supermercado,Gasto de prueba 4246
2026-08-20,47.46,Restaurantes,Gasto de prueba 4247
2026-08-21,48.47,Transporte,Gasto de prueba 4248
2026-08-22,49.48,Vivienda,Gasto de prueba 4249
2026-08-23,50.49,Ocio,Gasto de prueba 4250
2026-08-24,51.50,Supermercado,Gasto de prueba 4251
2026-08-25,52.51,Restaurantes,Gasto de prueba 4252
2026-08-26,53.52,Transporte,Gasto de prueba 4253
2026-08-27,54.53,Vivienda,Gasto de prueba 4254
2026-08-28,55.54,Ocio,Gasto de prueba 4255
2026-08-29,56.55,Supermercado,Gasto de prueba 4256
2026-08-30,57.56,Restaurantes,Gasto de prueba 4257
2026-08-31,58.57,Transporte,Gasto de prueba 4258
2026-09-01,59.58,Vivienda,Gasto de prueba 4259
2026-09-02,60.59,Ocio,Gasto de prueba 4260
2026-09-03,61.60,Supermercado,Gasto de prueba 4261
2026-09-04,62.61,Restaurantes,Gasto de prueba 4262
2026-09-05,63.62,Transporte,Gasto de prueba 4263
2026-09-06,64.63,Vivienda,Gasto de prueba 4264
2026-09-07,65.64,Ocio,Gasto de prueba 4265
2026-09-08,66.65,Supermercado,Gasto de prueba 4266
2026-09-09,67.66,Restaurantes,Gasto de prueba 4267
2026-09-10,68.67,Transporte,Gasto de prueba 4268
2026-09-11,69.68,Vivienda,Gasto de prueba 4269
2026-09-12,70.69,Ocio,Gasto de prueba 4270
2026-09-13,71.70,Supermercado,Gasto de prueba 4271
2026-09-14,72.71,Restaurantes,Gasto de prueba 4272
2026-09-15,73.72,Transporte,Gasto de prueba 4273
2026-09-16,74.73,Vivienda,Gasto de prueba 4274
2026-09-17,75.74,Ocio,Gasto de prueba 4275
2026-09-18,76.75,Supermercado,Gasto de prueba 4276
2026-09-19,77.76,Restaurantes,Gasto de prueba 4277
2026-09-20,78.77,Transporte,Gasto de prueba 4278
2026-09-21,79.78,Vivienda,Gasto de prueba 4279
2026-09-22,80.79,Ocio,Gasto de prueba 4280
2026-09-23,81.80,Supermercado,Gasto de prueba 4281
2026-09-24,82.81,Restaurantes,Gasto de prueba 4282
2026-09-25,83.82,Transporte,Gasto de prueba 4283
2026-09-26,84.83,Vivienda,Gasto de prueba 4284
2026-09-27,85.84,Ocio,Gasto de prueba 4285
2026-09-28,86.85,Supermercado,Gasto de prueba 4286
2026-09-29,87.86,Restaurantes,Gasto de prueba 4287
2026-09-30,88.87,Transporte,Gasto de prueba 4288
2026-10-01,89.88,Vivienda,Gasto de prueba 4289
2026-10-02,90.89,Ocio,Gasto de prueba 4290
2026-10-03,91.90,Supermercado,Gasto de prueba 4291
2026-10-04,92.91,Restaurantes,Gasto de prueba 4292
2026-10-05,93.92,Transporte,Gasto de prueba 4293
2026-10-06,94.93,Vivienda,Gasto de prueba 4294
2026-10-07,95.94,Ocio,Gasto de prueba 4295
2026-10-08,96.95,Supermercado,Gasto de prueba 4296
2026-10-09,97.96,Restaurantes,Gasto de prueba 4297
2026-10-10,98.97,Transporte,Gasto de prueba 4298
2026-10-11,99.98,Vivienda,Gasto de prueba 4299
2026-10-12,100.99,Ocio,Gasto de prueba 4300
2026-10-13,101.00,Supermercado,Gasto de prueba 4301
2026-10-14,102.01,Restaurantes,Gasto de prueba 4302
2026-10-15,103.02,Transporte,Gasto de prueba 4303
2026-10-16,104.03,Vivienda,Gasto de prueba 4304
2026-10-17,105.04,Ocio,Gasto de prueba 4305
2026-10-18,106.05,Supermercado,Gasto de prueba 4306
2026-10-19,107.06,Restaurantes,Gasto de prueba 4307
2026-10-20,108.07,Transporte,Gasto de prueba 4308
2026-10-21,109.08,Vivienda,Gasto de prueba 4309
2026-10-22,110.09,Ocio,Gasto de prueba 4310
2026-10-23,111.10,Supermercado,Gasto de prueba 4311
2026-10-24,112.11,Restaurantes,Gasto de prueba 4312
2026-10-25,113.12,Transporte,Gasto de prueba 4313
2026-10-26,114.13,Vivienda,Gasto de prueba 4314
2026-10-27,115.14,Ocio,Gasto de prueba 4315
2026-10-28,116.15,Supermercado,Gasto de prueba 4316
2026-10-29,117.16,Restaurantes,Gasto de prueba 4317
2026-10-30,118.17,Transporte,Gasto de prueba 4318
2026-10-31,119.18,Vivienda,Gasto de prueba 4319
2026-11-01,120.19,Ocio,Gasto de prueba 4320
2026-11-02,121.20,Supermercado,Gasto de prueba 4321
2026-11-03,122.21,Restaurantes,Gasto de prueba 4322
2026-11-04,123.22,Transporte,Gasto de prueba 4323
2026-11-05,124.23,Vivienda,Gasto de prueba 4324
2026-11-06,125.24,Ocio,Gasto de prueba 4325
2026-11-07,126.25,Supermercado,Gasto de prueba 4326
2026-11-08,127.26,Restaurantes,Gasto de prueba 4327
2026-11-09,128.27,Transporte,Gasto de prueba 4328
2026-11-10,129.28,Vivienda,Gasto de prueba 4329
2026-11-11,130.29,Ocio,Gasto de prueba 4330
2026-11-12,131.30,Supermercado,Gasto de prueba 4331
2026-11-13,132.31,Restaurantes,Gasto de prueba 4332
2026-11-14,133.32,Transporte,Gasto de prueba 4333
2026-11-15,134.33,Vivienda,Gasto de prueba 4334
2026-11-16,135.34,Ocio,Gasto de prueba 4335
2026-11-17,136.35,Supermercado,Gasto de prueba 4336
2026-11-18,137.36,Restaurantes,Gasto de prueba 4337
2026-11-19,138.37,Transporte,Gasto de prueba 4338
2026-11-20,139.38,Vivienda,Gasto de prueba 4339
2026-11-21,140.39,Ocio,Gasto de prueba 4340
2026-11-22,141.40,Supermercado,Gasto de prueba 4341
2026-11-23,142.41,Restaurantes,Gasto de prueba 4342
2026-11-24,143.42,Transporte,Gasto de prueba 4343
2026-11-25,144.43,Vivienda,Gasto de prueba 4344
2026-11-26,145.44,Ocio,Gasto de prueba 4345
2026-11-27,146.45,Supermercado,Gasto de prueba 4346
2026-11-28,147.46,Restaurantes,Gasto de prueba 4347
2026-11-29,148.47,Transporte,Gasto de prueba 4348
2026-11-30,149.48,Vivienda,Gasto de prueba 4349
2026-12-01,150.49,Ocio,Gasto de prueba 4350
2026-12-02,151.50,Supermercado,Gasto de prueba 4351
2026-12-03,152.51,Restaurantes,Gasto de prueba 4352
2026-12-04,153.52,Transporte,Gasto de prueba 4353
2026-12-05,154.53,Vivienda,Gasto de prueba 4354
2026-12-06,155.54,Ocio,Gasto de prueba 4355
2026-12-07,156.55,Supermercado,Gasto de prueba 4356
2026-12-08,157.56,Restaurantes,Gasto de prueba 4357
2026-12-09,158.57,Transporte,Gasto de prueba 4358
2026-12-10,159.58,Vivienda,Gasto de prueba 4359
2026-12-11,160.59,Ocio,Gasto de prueba 4360
2026-12-12,161.60,Supermercado,Gasto de prueba 4361
2026-12-13,162.61,Restaurantes,Gasto de prueba 4362
2026-12-14,163.62,Transporte,Gasto de prueba 4363
2026-12-15,164.63,Vivienda,Gasto de prueba 4364
2026-12-16,165.64,Ocio,Gasto de prueba 4365
2026-12-17,166.65,Supermercado,Gasto de prueba 4366
2026-12-18,167.66,Restaurantes,Gasto de prueba 4367
2026-12-19,168.67,Transporte,Gasto de prueba 4368
2026-12-20,169.68,Vivienda,Gasto de prueba 4369
2026-12-21,170.69,Ocio,Gasto de prueba 4370
2026-12-22,171.70,Supermercado,Gasto de prueba 4371
2026-12-23,172.71,Restaurantes,Gasto de prueba 4372
2026-12-24,173.72,Transporte,Gasto de prueba 4373
2026-12-25,174.73,Vivienda,Gasto de prueba 4374
2026-12-26,175.74,Ocio,Gasto de prueba 4375
2026-12-27,176.75,Supermercado,Gasto de prueba 4376
2026-12-28,177.76,Restaurantes,Gasto de prueba 4377
2026-12-29,178.77,Transporte,Gasto de prueba 4378
2026-12-30,179.78,Vivienda,Gasto de prueba 4379
2026-12-31,180.79,Ocio,Gasto de prueba 4380
2026-01-01,181.80,Supermercado,Gasto de prueba 4381
2026-01-02,182.81,Restaurantes,Gasto de prueba 4382
2026-01-03,183.82,Transporte,Gasto de prueba 4383
2026-01-04,184.83,Vivienda,Gasto de prueba 4384
2026-01-05,185.84,Ocio,Gasto de prueba 4385
2026-01-06,186.85,Supermercado,Gasto de prueba 4386
2026-01-07,187.86,Restaurantes,Gasto de prueba 4387
2026-01-08,188.87,Transporte,Gasto de prueba 4388
2026-01-09,189.88,Vivienda,Gasto de prueba 4389
2026-01-10,190.89,Ocio,Gasto de prueba 4390
2026-01-11,191.90,Supermercado,Gasto de prueba 4391
2026-01-12,192.91,Restaurantes,Gasto de prueba 4392
2026-01-13,193.92,Transporte,Gasto de prueba 4393
2026-01-14,194.93,Vivienda,Gasto de prueba 4394
2026-01-15,195.94,Ocio,Gasto de prueba 4395
2026-01-16,196.95,Supermercado,Gasto de prueba 4396
2026-01-17,197.96,Restaurantes,Gasto de prueba 4397
2026-01-18,198.97,Transporte,Gasto de prueba 4398
2026-01-19,199.98,Vivienda,Gasto de prueba 4399
2026-01-20,200.99,Ocio,Gasto de prueba 4400
2026-01-21,1.00,Supermercado,Gasto de prueba 4401
2026-01-22,2.01,Restaurantes,Gasto de prueba 4402
2026-01-23,3.02,Transporte,Gasto de prueba 4403
2026-01-24,4.03,Vivienda,Gasto de prueba 4404
2026-01-25,5.04,Ocio,Gasto de prueba 4405
2026-01-26,6.05,Supermercado,Gasto de prueba 4406
2026-01-27,7.06,Restaurantes,Gasto de prueba 4407
2026-01-28,8.07,Transporte,Gasto de prueba 4408
2026-01-29,9.08,Vivienda,Gasto de prueba 4409
2026-01-30,10.09,Ocio,Gasto de prueba 4410
2026-01-31,11.10,Supermercado,Gasto de prueba 4411
2026-02-01,12.11,Restaurantes,Gasto de prueba 4412
2026-02-02,13.12,Transporte,Gasto de prueba 4413
2026-02-03,14.13,Vivienda,Gasto de prueba 4414
2026-02-04,15.14,Ocio,Gasto de prueba 4415
2026-02-05,16.15,Supermercado,Gasto de prueba 4416
2026-02-06,17.16,Restaurantes,Gasto de prueba 4417
2026-02-07,18.17,Transporte,Gasto de prueba 4418
2026-02-08,19.18,Vivienda,Gasto de prueba 4419
2026-02-09,20.19,Ocio,Gasto de prueba 4420
2026-02-10,21.20,Supermercado,Gasto de prueba 4421
2026-02-11,22.21,Restaurantes,Gasto de prueba 4422
2026-02-12,23.22,Transporte,Gasto de prueba 4423
2026-02-13,24.23,Vivienda,Gasto de prueba 4424
2026-02-14,25.24,Ocio,Gasto de prueba 4425
2026-02-15,26.25,Supermercado,Gasto de prueba 4426
2026-02-16,27.26,Restaurantes,Gasto de prueba 4427
2026-02-17,28.27,Transporte,Gasto de prueba 4428
2026-02-18,29.28,Vivienda,Gasto de prueba 4429
2026-02-19,30.29,Ocio,Gasto de prueba 4430
2026-02-20,31.30,Supermercado,Gasto de prueba 4431
2026-02-21,32.31,Restaurantes,Gasto de prueba 4432
2026-02-22,33.32,Transporte,Gasto de prueba 4433
2026-02-23,34.33,Vivienda,Gasto de prueba 4434
2026-02-24,35.34,Ocio,Gasto de prueba 4435
2026-02-25,36.35,Supermercado,Gasto de prueba 4436
2026-02-26,37.36,Restaurantes,Gasto de prueba 4437
2026-02-27,38.37,Transporte,Gasto de prueba 4438
2026-02-28,39.38,Vivienda,Gasto de prueba 4439
2026-03-01,40.39,Ocio,Gasto de prueba 4440
2026-03-02,41.40,Supermercado,Gasto de prueba 4441
2026-03-03,42.41,Restaurantes,Gasto de prueba 4442
2026-03-04,43.42,Transporte,Gasto de prueba 4443
2026-03-05,44.43,Vivienda,Gasto de prueba 4444
2026-03-06,45.44,Ocio,Gasto de prueba 4445
2026-03-07,46.45,Supermercado,Gasto de prueba 4446
2026-03-08,47.46,Restaurantes,Gasto de prueba 4447
2026-03-09,48.47,Transporte,Gasto de prueba 4448
2026-03-10,49.48,Vivienda,Gasto de prueba 4449
2026-03-11,50.49,Ocio,Gasto de prueba 4450
2026-03-12,51.50,Supermercado,Gasto de prueba 4451
2026-03-13,52.51,Restaurantes,Gasto de prueba 4452
2026-03-14,53.52,Transporte,Gasto de prueba 4453
2026-03-15,54.53,Vivienda,Gasto de prueba 4454
2026-03-16,55.54,Ocio,Gasto de prueba 4455
2026-03-17,56.55,Supermercado,Gasto de prueba 4456
2026-03-18,57.56,Restaurantes,Gasto de prueba 4457
2026-03-19,58.57,Transporte,Gasto de prueba 4458
2026-03-20,59.58,Vivienda,Gasto de prueba 4459
2026-03-21,60.59,Ocio,Gasto de prueba 4460
2026-03-22,61.60,Supermercado,Gasto de prueba 4461
2026-03-23,62.61,Restaurantes,Gasto de prueba 4462
2026-03-24,63.62,Transporte,Gasto de prueba 4463
2026-03-25,64.63,Vivienda,Gasto de prueba 4464
2026-03-26,65.64,Ocio,Gasto de prueba 4465
2026-03-27,66.65,Supermercado,Gasto de prueba 4466
2026-03-28,67.66,Restaurantes,Gasto de prueba 4467
2026-03-29,68.67,Transporte,Gasto de prueba 4468
2026-03-30,69.68,Vivienda,Gasto de prueba 4469
2026-03-31,70.69,Ocio,Gasto de prueba 4470
2026-04-01,71.70,Supermercado,Gasto de prueba 4471
2026-04-02,72.71,Restaurantes,Gasto de prueba 4472
2026-04-03,73.72,Transporte,Gasto de prueba 4473
2026-04-04,74.73,Vivienda,Gasto de prueba 4474
2026-04-05,75.74,Ocio,Gasto de prueba 4475
2026-04-06,76.75,Supermercado,Gasto de prueba 4476
2026-04-07,77.76,Restaurantes,Gasto de prueba 4477
2026-04-08,78.77,Transporte,Gasto de prueba 4478
2026-04-09,79.78,Vivienda,Gasto de prueba 4479
2026-04-10,80.79,Ocio,Gasto de prueba 4480
2026-04-11,81.80,Supermercado,Gasto de prueba 4481
2026-04-12,82.81,Restaurantes,Gasto de prueba 4482
2026-04-13,83.82,Transporte,Gasto de prueba 4483
2026-04-14,84.83,Vivienda,Gasto de prueba 4484
2026-04-15,85.84,Ocio,Gasto de prueba 4485
2026-04-16,86.85,Supermercado,Gasto de prueba 4486
2026-04-17,87.86,Restaurantes,Gasto de prueba 4487
2026-04-18,88.87,Transporte,Gasto de prueba 4488
2026-04-19,89.88,Vivienda,Gasto de prueba 4489
2026-04-20,90.89,Ocio,Gasto de prueba 4490
2026-04-21,91.90,Supermercado,Gasto de prueba 4491
2026-04-22,92.91,Restaurantes,Gasto de prueba 4492
2026-04-23,93.92,Transporte,Gasto de prueba 4493
2026-04-24,94.93,Vivienda,Gasto de prueba 4494
2026-04-25,95.94,Ocio,Gasto de prueba 4495
2026-04-26,96.95,Supermercado,Gasto de prueba 4496
2026-04-27,97.96,Restaurantes,Gasto de prueba 4497
2026-04-28,98.97,Transporte,Gasto de prueba 4498
2026-04-29,99.98,Vivienda,Gasto de prueba 4499
2026-04-30,100.99,Ocio,Gasto de prueba 4500
2026-05-01,101.00,Supermercado,Gasto de prueba 4501
2026-05-02,102.01,Restaurantes,Gasto de prueba 4502
2026-05-03,103.02,Transporte,Gasto de prueba 4503
2026-05-04,104.03,Vivienda,Gasto de prueba 4504
2026-05-05,105.04,Ocio,Gasto de prueba 4505
2026-05-06,106.05,Supermercado,Gasto de prueba 4506
2026-05-07,107.06,Restaurantes,Gasto de prueba 4507
2026-05-08,108.07,Transporte,Gasto de prueba 4508
2026-05-09,109.08,Vivienda,Gasto de prueba 4509
2026-05-10,110.09,Ocio,Gasto de prueba 4510
2026-05-11,111.10,Supermercado,Gasto de prueba 4511
2026-05-12,112.11,Restaurantes,Gasto de prueba 4512
2026-05-13,113.12,Transporte,Gasto de prueba 4513
2026-05-14,114.13,Vivienda,Gasto de prueba 4514
2026-05-15,115.14,Ocio,Gasto de prueba 4515
2026-05-16,116.15,Supermercado,Gasto de prueba 4516
2026-05-17,117.16,Restaurantes,Gasto de prueba 4517
2026-05-18,118.17,Transporte,Gasto de prueba 4518
2026-05-19,119.18,Vivienda,Gasto de prueba 4519
2026-05-20,120.19,Ocio,Gasto de prueba 4520
2026-05-21,121.20,Supermercado,Gasto de prueba 4521
2026-05-22,122.21,Restaurantes,Gasto de prueba 4522
2026-05-23,123.22,Transporte,Gasto de prueba 4523
2026-05-24,124.23,Vivienda,Gasto de prueba 4524
2026-05-25,125.24,Ocio,Gasto de prueba 4525
2026-05-26,126.25,Supermercado,Gasto de prueba 4526
2026-05-27,127.26,Restaurantes,Gasto de prueba 4527
2026-05-28,128.27,Transporte,Gasto de prueba 4528
2026-05-29,129.28,Vivienda,Gasto de prueba 4529
2026-05-30,130.29,Ocio,Gasto de prueba 4530
2026-05-31,131.30,Supermercado,Gasto de prueba 4531
2026-06-01,132.31,Restaurantes,Gasto de prueba 4532
2026-06-02,133.32,Transporte,Gasto de prueba 4533
2026-06-03,134.33,Vivienda,Gasto de prueba 4534
2026-06-04,135.34,Ocio,Gasto de prueba 4535
2026-06-05,136.35,Supermercado,Gasto de prueba 4536
2026-06-06,137.36,Restaurantes,Gasto de prueba 4537
2026-06-07,138.37,Transporte,Gasto de prueba 4538
2026-06-08,139.38,Vivienda,Gasto de prueba 4539
2026-06-09,140.39,Ocio,Gasto de prueba 4540
2026-06-10,141.40,Supermercado,Gasto de prueba 4541
2026-06-11,142.41,Restaurantes,Gasto de prueba 4542
2026-06-12,143.42,Transporte,Gasto de prueba 4543
2026-06-13,144.43,Vivienda,Gasto de prueba 4544
2026-06-14,145.44,Ocio,Gasto de prueba 4545
2026-06-15,146.45,Supermercado,Gasto de prueba 4546
2026-06-16,147.46,Restaurantes,Gasto de prueba 4547
2026-06-17,148.47,Transporte,Gasto de prueba 4548
2026-06-18,149.48,Vivienda,Gasto de prueba 4549
2026-06-19,150.49,Ocio,Gasto de prueba 4550
2026-06-20,151.50,Supermercado,Gasto de prueba 4551
2026-06-21,152.51,Restaurantes,Gasto de prueba 4552
2026-06-22,153.52,Transporte,Gasto de prueba 4553
2026-06-23,154.53,Vivienda,Gasto de prueba 4554
2026-06-24,155.54,Ocio,Gasto de prueba 4555
2026-06-25,156.55,Supermercado,Gasto de prueba 4556
2026-06-26,157.56,Restaurantes,Gasto de prueba 4557
2026-06-27,158.57,Transporte,Gasto de prueba 4558
2026-06-28,159.58,Vivienda,Gasto de prueba 4559
2026-06-29,160.59,Ocio,Gasto de prueba 4560
2026-06-30,161.60,Supermercado,Gasto de prueba 4561
2026-07-01,162.61,Restaurantes,Gasto de prueba 4562
2026-07-02,163.62,Transporte,Gasto de prueba 4563
2026-07-03,164.63,Vivienda,Gasto de prueba 4564
2026-07-04,165.64,Ocio,Gasto de prueba 4565
2026-07-05,166.65,Supermercado,Gasto de prueba 4566
2026-07-06,167.66,Restaurantes,Gasto de prueba 4567
2026-07-07,168.67,Transporte,Gasto de prueba 4568
2026-07-08,169.68,Vivienda,Gasto de prueba 4569
2026-07-09,170.69,Ocio,Gasto de prueba 4570
2026-07-10,171.70,Supermercado,Gasto de prueba 4571
2026-07-11,172.71,Restaurantes,Gasto de prueba 4572
2026-07-12,173.72,Transporte,Gasto de prueba 4573
2026-07-13,174.73,Vivienda,Gasto de prueba 4574
2026-07-14,175.74,Ocio,Gasto de prueba 4575
2026-07-15,176.75,Supermercado,Gasto de prueba 4576
2026-07-16,177.76,Restaurantes,Gasto de prueba 4577
2026-07-17,178.77,Transporte,Gasto de prueba 4578
2026-07-18,179.78,Vivienda,Gasto de prueba 4579
2026-07-19,180.79,Ocio,Gasto de prueba 4580
2026-07-20,181.80,Supermercado,Gasto de prueba 4581
2026-07-21,182.81,Restaurantes,Gasto de prueba 4582
2026-07-22,183.82,Transporte,Gasto de prueba 4583
2026-07-23,184.83,Vivienda,Gasto de prueba 4584
2026-07-24,185.84,Ocio,Gasto de prueba 4585
2026-07-25,186.85,Supermercado,Gasto de prueba 4586
2026-07-26,187.86,Restaurantes,Gasto de prueba 4587
2026-07-27,188.87,Transporte,Gasto de prueba 4588
2026-07-28,189.88,Vivienda,Gasto de prueba 4589
2026-07-29,190.89,Ocio,Gasto de prueba 4590
2026-07-30,191.90,Supermercado,Gasto de prueba 4591
2026-07-31,192.91,Restaurantes,Gasto de prueba 4592
2026-08-01,193.92,Transporte,Gasto de prueba 4593
2026-08-02,194.93,Vivienda,Gasto de prueba 4594
2026-08-03,195.94,Ocio,Gasto de prueba 4595
2026-08-04,196.95,Supermercado,Gasto de prueba 4596
2026-08-05,197.96,Restaurantes,Gasto de prueba 4597
2026-08-06,198.97,Transporte,Gasto de prueba 4598
2026-08-07,199.98,Vivienda,Gasto de prueba 4599
2026-08-08,200.99,Ocio,Gasto de prueba 4600
2026-08-09,1.00,Supermercado,Gasto de prueba 4601
2026-08-10,2.01,Restaurantes,Gasto de prueba 4602
2026-08-11,3.02,Transporte,Gasto de prueba 4603
2026-08-12,4.03,Vivienda,Gasto de prueba 4604
2026-08-13,5.04,Ocio,Gasto de prueba 4605
2026-08-14,6.05,Supermercado,Gasto de prueba 4606
2026-08-15,7.06,Restaurantes,Gasto de prueba 4607
2026-08-16,8.07,Transporte,Gasto de prueba 4608
2026-08-17,9.08,Vivienda,Gasto de prueba 4609
2026-08-18,10.09,Ocio,Gasto de prueba 4610
2026-08-19,11.10,Supermercado,Gasto de prueba 4611
2026-08-20,12.11,Restaurantes,Gasto de prueba 4612
2026-08-21,13.12,Transporte,Gasto de prueba 4613
2026-08-22,14.13,Vivienda,Gasto de prueba 4614
2026-08-23,15.14,Ocio,Gasto de prueba 4615
2026-08-24,16.15,Supermercado,Gasto de prueba 4616
2026-08-25,17.16,Restaurantes,Gasto de prueba 4617
2026-08-26,18.17,Transporte,Gasto de prueba 4618
2026-08-27,19.18,Vivienda,Gasto de prueba 4619
2026-08-28,20.19,Ocio,Gasto de prueba 4620
2026-08-29,21.20,Supermercado,Gasto de prueba 4621
2026-08-30,22.21,Restaurantes,Gasto de prueba 4622
2026-08-31,23.22,Transporte,Gasto de prueba 4623
2026-09-01,24.23,Vivienda,Gasto de prueba 4624
2026-09-02,25.24,Ocio,Gasto de prueba 4625
2026-09-03,26.25,Supermercado,Gasto de prueba 4626
2026-09-04,27.26,Restaurantes,Gasto de prueba 4627
2026-09-05,28.27,Transporte,Gasto de prueba 4628
2026-09-06,29.28,Vivienda,Gasto de prueba 4629
2026-09-07,30.29,Ocio,Gasto de prueba 4630
2026-09-08,31.30,Supermercado,Gasto de prueba 4631
2026-09-09,32.31,Restaurantes,Gasto de prueba 4632
2026-09-10,33.32,Transporte,Gasto de prueba 4633
2026-09-11,34.33,Vivienda,Gasto de prueba 4634
2026-09-12,35.34,Ocio,Gasto de prueba 4635
2026-09-13,36.35,Supermercado,Gasto de prueba 4636
2026-09-14,37.36,Restaurantes,Gasto de prueba 4637
2026-09-15,38.37,Transporte,Gasto de prueba 4638
2026-09-16,39.38,Vivienda,Gasto de prueba 4639
2026-09-17,40.39,Ocio,Gasto de prueba 4640
2026-09-18,41.40,Supermercado,Gasto de prueba 4641
2026-09-19,42.41,Restaurantes,Gasto de prueba 4642
2026-09-20,43.42,Transporte,Gasto de prueba 4643
2026-09-21,44.43,Vivienda,Gasto de prueba 4644
2026-09-22,45.44,Ocio,Gasto de prueba 4645
2026-09-23,46.45,Supermercado,Gasto de prueba 4646
2026-09-24,47.46,Restaurantes,Gasto de prueba 4647
2026-09-25,48.47,Transporte,Gasto de prueba 4648
2026-09-26,49.48,Vivienda,Gasto de prueba 4649
2026-09-27,50.49,Ocio,Gasto de prueba 4650
2026-09-28,51.50,Supermercado,Gasto de prueba 4651
2026-09-29,52.51,Restaurantes,Gasto de prueba 4652
2026-09-30,53.52,Transporte,Gasto de prueba 4653
2026-10-01,54.53,Vivienda,Gasto de prueba 4654
2026-10-02,55.54,Ocio,Gasto de prueba 4655
2026-10-03,56.55,Supermercado,Gasto de prueba 4656
2026-10-04,57.56,Restaurantes,Gasto de prueba 4657
2026-10-05,58.57,Transporte,Gasto de prueba 4658
2026-10-06,59.58,Vivienda,Gasto de prueba 4659
2026-10-07,60.59,Ocio,Gasto de prueba 4660
2026-10-08,61.60,Supermercado,Gasto de prueba 4661
2026-10-09,62.61,Restaurantes,Gasto de prueba 4662
2026-10-10,63.62,Transporte,Gasto de prueba 4663
2026-10-11,64.63,Vivienda,Gasto de prueba 4664
2026-10-12,65.64,Ocio,Gasto de prueba 4665
2026-10-13,66.65,Supermercado,Gasto de prueba 4666
2026-10-14,67.66,Restaurantes,Gasto de prueba 4667
2026-10-15,68.67,Transporte,Gasto de prueba 4668
2026-10-16,69.68,Vivienda,Gasto de prueba 4669
2026-10-17,70.69,Ocio,Gasto de prueba 4670
2026-10-18,71.70,Supermercado,Gasto de prueba 4671
2026-10-19,72.71,Restaurantes,Gasto de prueba 4672
2026-10-20,73.72,Transporte,Gasto de prueba 4673
2026-10-21,74.73,Vivienda,Gasto de prueba 4674
2026-10-22,75.74,Ocio,Gasto de prueba 4675
2026-10-23,76.75,Supermercado,Gasto de prueba 4676
2026-10-24,77.76,Restaurantes,Gasto de prueba 4677
2026-10-25,78.77,Transporte,Gasto de prueba 4678
2026-10-26,79.78,Vivienda,Gasto de prueba 4679
2026-10-27,80.79,Ocio,Gasto de prueba 4680
2026-10-28,81.80,Supermercado,Gasto de prueba 4681
2026-10-29,82.81,Restaurantes,Gasto de prueba 4682
2026-10-30,83.82,Transporte,Gasto de prueba 4683
2026-10-31,84.83,Vivienda,Gasto de prueba 4684
2026-11-01,85.84,Ocio,Gasto de prueba 4685
2026-11-02,86.85,Supermercado,Gasto de prueba 4686
2026-11-03,87.86,Restaurantes,Gasto de prueba 4687
2026-11-04,88.87,Transporte,Gasto de prueba 4688
2026-11-05,89.88,Vivienda,Gasto de prueba 4689
2026-11-06,90.89,Ocio,Gasto de prueba 4690
2026-11-07,91.90,Supermercado,Gasto de prueba 4691
2026-11-08,92.91,Restaurantes,Gasto de prueba 4692
2026-11-09,93.92,Transporte,Gasto de prueba 4693
2026-11-10,94.93,Vivienda,Gasto de prueba 4694
2026-11-11,95.94,Ocio,Gasto de prueba 4695
2026-11-12,96.95,Supermercado,Gasto de prueba 4696
2026-11-13,97.96,Restaurantes,Gasto de prueba 4697
2026-11-14,98.97,Transporte,Gasto de prueba 4698
2026-11-15,99.98,Vivienda,Gasto de prueba 4699
2026-11-16,100.99,Ocio,Gasto de prueba 4700
2026-11-17,101.00,Supermercado,Gasto de prueba 4701
2026-11-18,102.01,Restaurantes,Gasto de prueba 4702
2026-11-19,103.02,Transporte,Gasto de prueba 4703
2026-11-20,104.03,Vivienda,Gasto de prueba 4704
2026-11-21,105.04,Ocio,Gasto de prueba 4705
2026-11-22,106.05,Supermercado,Gasto de prueba 4706
2026-11-23,107.06,Restaurantes,Gasto de prueba 4707
2026-11-24,108.07,Transporte,Gasto de prueba 4708
2026-11-25,109.08,Vivienda,Gasto de prueba 4709
2026-11-26,110.09,Ocio,Gasto de prueba 4710
2026-11-27,111.10,Supermercado,Gasto de prueba 4711
2026-11-28,112.11,Restaurantes,Gasto de prueba 4712
2026-11-29,113.12,Transporte,Gasto de prueba 4713
2026-11-30,114.13,Vivienda,Gasto de prueba 4714
2026-12-01,115.14,Ocio,Gasto de prueba 4715
2026-12-02,116.15,Supermercado,Gasto de prueba 4716
2026-12-03,117.16,Restaurantes,Gasto de prueba 4717
2026-12-04,118.17,Transporte,Gasto de prueba 4718
2026-12-05,119.18,Vivienda,Gasto de prueba 4719
2026-12-06,120.19,Ocio,Gasto de prueba 4720
2026-12-07,121.20,Supermercado,Gasto de prueba 4721
2026-12-08,122.21,Restaurantes,Gasto de prueba 4722
2026-12-09,123.22,Transporte,Gasto de prueba 4723
2026-12-10,124.23,Vivienda,Gasto de prueba 4724
2026-12-11,125.24,Ocio,Gasto de prueba 4725
2026-12-12,126.25,Supermercado,Gasto de prueba 4726
2026-12-13,127.26,Restaurantes,Gasto de prueba 4727
2026-12-14,128.27,Transporte,Gasto de prueba 4728
2026-12-15,129.28,Vivienda,Gasto de prueba 4729
2026-12-16,130.29,Ocio,Gasto de prueba 4730
2026-12-17,131.30,Supermercado,Gasto de prueba 4731
2026-12-18,132.31,Restaurantes,Gasto de prueba 4732
2026-12-19,133.32,Transporte,Gasto de prueba 4733
2026-12-20,134.33,Vivienda,Gasto de prueba 4734
2026-12-21,135.34,Ocio,Gasto de prueba 4735
2026-12-22,136.35,Supermercado,Gasto de prueba 4736
2026-12-23,137.36,Restaurantes,Gasto de prueba 4737
2026-12-24,138.37,Transporte,Gasto de prueba 4738
2026-12-25,139.38,Vivienda,Gasto de prueba 4739
2026-12-26,140.39,Ocio,Gasto de prueba 4740
2026-12-27,141.40,Supermercado,Gasto de prueba 4741
2026-12-28,142.41,Restaurantes,Gasto de prueba 4742
2026-12-29,143.42,Transporte,Gasto de prueba 4743
2026-12-30,144.43,Vivienda,Gasto de prueba 4744
2026-12-31,145.44,Ocio,Gasto de prueba 4745
2026-01-01,146.45,Supermercado,Gasto de prueba 4746
2026-01-02,147.46,Restaurantes,Gasto de prueba 4747
2026-01-03,148.47,Transporte,Gasto de prueba 4748
2026-01-04,149.48,Vivienda,Gasto de prueba 4749
2026-01-05,150.49,Ocio,Gasto de prueba 4750
2026-01-06,151.50,Supermercado,Gasto de prueba 4751
2026-01-07,152.51,Restaurantes,Gasto de prueba 4752
2026-01-08,153.52,Transporte,Gasto de prueba 4753
2026-01-09,154.53,Vivienda,Gasto de prueba 4754
2026-01-10,155.54,Ocio,Gasto de prueba 4755
2026-01-11,156.55,Supermercado,Gasto de prueba 4756
2026-01-12,157.56,Restaurantes,Gasto de prueba 4757
2026-01-13,158.57,Transporte,Gasto de prueba 4758
2026-01-14,159.58,Vivienda,Gasto de prueba 4759
2026-01-15,160.59,Ocio,Gasto de prueba 4760
2026-01-16,161.60,Supermercado,Gasto de prueba 4761
2026-01-17,162.61,Restaurantes,Gasto de prueba 4762
2026-01-18,163.62,Transporte,Gasto de prueba 4763
2026-01-19,164.63,Vivienda,Gasto de prueba 4764
2026-01-20,165.64,Ocio,Gasto de prueba 4765
2026-01-21,166.65,Supermercado,Gasto de prueba 4766
2026-01-22,167.66,Restaurantes,Gasto de prueba 4767
2026-01-23,168.67,Transporte,Gasto de prueba 4768
2026-01-24,169.68,Vivienda,Gasto de prueba 4769
2026-01-25,170.69,Ocio,Gasto de prueba 4770
2026-01-26,171.70,Supermercado,Gasto de prueba 4771
2026-01-27,172.71,Restaurantes,Gasto de prueba 4772
2026-01-28,173.72,Transporte,Gasto de prueba 4773
2026-01-29,174.73,Vivienda,Gasto de prueba 4774
2026-01-30,175.74,Ocio,Gasto de prueba 4775
2026-01-31,176.75,Supermercado,Gasto de prueba 4776
2026-02-01,177.76,Restaurantes,Gasto de prueba 4777
2026-02-02,178.77,Transporte,Gasto de prueba 4778
2026-02-03,179.78,Vivienda,Gasto de prueba 4779
2026-02-04,180.79,Ocio,Gasto de prueba 4780
2026-02-05,181.80,Supermercado,Gasto de prueba 4781
2026-02-06,182.81,Restaurantes,Gasto de prueba 4782
2026-02-07,183.82,Transporte,Gasto de prueba 4783
2026-02-08,184.83,Vivienda,Gasto de prueba 4784
2026-02-09,185.84,Ocio,Gasto de prueba 4785
2026-02-10,186.85,Supermercado,Gasto de prueba 4786
2026-02-11,187.86,Restaurantes,Gasto de prueba 4787
2026-02-12,188.87,Transporte,Gasto de prueba 4788
2026-02-13,189.88,Vivienda,Gasto de prueba 4789
2026-02-14,190.89,Ocio,Gasto de prueba 4790
2026-02-15,191.90,Supermercado,Gasto de prueba 4791
2026-02-16,192.91,Restaurantes,Gasto de prueba 4792
2026-02-17,193.92,Transporte,Gasto de prueba 4793
2026-02-18,194.93,Vivienda,Gasto de prueba 4794
2026-02-19,195.94,Ocio,Gasto de prueba 4795
2026-02-20,196.95,Supermercado,Gasto de prueba 4796
2026-02-21,197.96,Restaurantes,Gasto de prueba 4797
2026-02-22,198.97,Transporte,Gasto de prueba 4798
2026-02-23,199.98,Vivienda,Gasto de prueba 4799
2026-02-24,200.99,Ocio,Gasto de prueba 4800
2026-02-25,1.00,Supermercado,Gasto de prueba 4801
2026-02-26,2.01,Restaurantes,Gasto de prueba 4802
2026-02-27,3.02,Transporte,Gasto de prueba 4803
2026-02-28,4.03,Vivienda,Gasto de prueba 4804
2026-03-01,5.04,Ocio,Gasto de prueba 4805
2026-03-02,6.05,Supermercado,Gasto de prueba 4806
2026-03-03,7.06,Restaurantes,Gasto de prueba 4807
2026-03-04,8.07,Transporte,Gasto de prueba 4808
2026-03-05,9.08,Vivienda,Gasto de prueba 4809
2026-03-06,10.09,Ocio,Gasto de prueba 4810
2026-03-07,11.10,Supermercado,Gasto de prueba 4811
2026-03-08,12.11,Restaurantes,Gasto de prueba 4812
2026-03-09,13.12,Transporte,Gasto de prueba 4813
2026-03-10,14.13,Vivienda,Gasto de prueba 4814
2026-03-11,15.14,Ocio,Gasto de prueba 4815
2026-03-12,16.15,Supermercado,Gasto de prueba 4816
2026-03-13,17.16,Restaurantes,Gasto de prueba 4817
2026-03-14,18.17,Transporte,Gasto de prueba 4818
2026-03-15,19.18,Vivienda,Gasto de prueba 4819
2026-03-16,20.19,Ocio,Gasto de prueba 4820
2026-03-17,21.20,Supermercado,Gasto de prueba 4821
2026-03-18,22.21,Restaurantes,Gasto de prueba 4822
2026-03-19,23.22,Transporte,Gasto de prueba 4823
2026-03-20,24.23,Vivienda,Gasto de prueba 4824
2026-03-21,25.24,Ocio,Gasto de prueba 4825
2026-03-22,26.25,Supermercado,Gasto de prueba 4826
2026-03-23,27.26,Restaurantes,Gasto de prueba 4827
2026-03-24,28.27,Transporte,Gasto de prueba 4828
2026-03-25,29.28,Vivienda,Gasto de prueba 4829
2026-03-26,30.29,Ocio,Gasto de prueba 4830
2026-03-27,31.30,Supermercado,Gasto de prueba 4831
2026-03-28,32.31,Restaurantes,Gasto de prueba 4832
2026-03-29,33.32,Transporte,Gasto de prueba 4833
2026-03-30,34.33,Vivienda,Gasto de prueba 4834
2026-03-31,35.34,Ocio,Gasto de prueba 4835
2026-04-01,36.35,Supermercado,Gasto de prueba 4836
2026-04-02,37.36,Restaurantes,Gasto de prueba 4837
2026-04-03,38.37,Transporte,Gasto de prueba 4838
2026-04-04,39.38,Vivienda,Gasto de prueba 4839
2026-04-05,40.39,Ocio,Gasto de prueba 4840
2026-04-06,41.40,Supermercado,Gasto de prueba 4841
2026-04-07,42.41,Restaurantes,Gasto de prueba 4842
2026-04-08,43.42,Transporte,Gasto de prueba 4843
2026-04-09,44.43,Vivienda,Gasto de prueba 4844
2026-04-10,45.44,Ocio,Gasto de prueba 4845
2026-04-11,46.45,Supermercado,Gasto de prueba 4846
2026-04-12,47.46,Restaurantes,Gasto de prueba 4847
2026-04-13,48.47,Transporte,Gasto de prueba 4848
2026-04-14,49.48,Vivienda,Gasto de prueba 4849
2026-04-15,50.49,Ocio,Gasto de prueba 4850
2026-04-16,51.50,Supermercado,Gasto de prueba 4851
2026-04-17,52.51,Restaurantes,Gasto de prueba 4852
2026-04-18,53.52,Transporte,Gasto de prueba 4853
2026-04-19,54.53,Vivienda,Gasto de prueba 4854
2026-04-20,55.54,Ocio,Gasto de prueba 4855
2026-04-21,56.55,Supermercado,Gasto de prueba 4856
2026-04-22,57.56,Restaurantes,Gasto de prueba 4857
2026-04-23,58.57,Transporte,Gasto de prueba 4858
2026-04-24,59.58,Vivienda,Gasto de prueba 4859
2026-04-25,60.59,Ocio,Gasto de prueba 4860
2026-04-26,61.60,Supermercado,Gasto de prueba 4861
2026-04-27,62.61,Restaurantes,Gasto de prueba 4862
2026-04-28,63.62,Transporte,Gasto de prueba 4863
2026-04-29,64.63,Vivienda,Gasto de prueba 4864
2026-04-30,65.64,Ocio,Gasto de prueba 4865
2026-05-01,66.65,Supermercado,Gasto de prueba 4866
2026-05-02,67.66,Restaurantes,Gasto de prueba 4867
2026-05-03,68.67,Transporte,Gasto de prueba 4868
2026-05-04,69.68,Vivienda,Gasto de prueba 4869
2026-05-05,70.69,Ocio,Gasto de prueba 4870
2026-05-06,71.70,Supermercado,Gasto de prueba 4871
2026-05-07,72.71,Restaurantes,Gasto de prueba 4872
2026-05-08,73.72,Transporte,Gasto de prueba 4873
2026-05-09,74.73,Vivienda,Gasto de prueba 4874
2026-05-10,75.74,Ocio,Gasto de prueba 4875
2026-05-11,76.75,Supermercado,Gasto de prueba 4876
2026-05-12,77.76,Restaurantes,Gasto de prueba 4877
2026-05-13,78.77,Transporte,Gasto de prueba 4878
2026-05-14,79.78,Vivienda,Gasto de prueba 4879
2026-05-15,80.79,Ocio,Gasto de prueba 4880
2026-05-16,81.80,Supermercado,Gasto de prueba 4881
2026-05-17,82.81,Restaurantes,Gasto de prueba 4882
2026-05-18,83.82,Transporte,Gasto de prueba 4883
2026-05-19,84.83,Vivienda,Gasto de prueba 4884
2026-05-20,85.84,Ocio,Gasto de prueba 4885
2026-05-21,86.85,Supermercado,Gasto de prueba 4886
2026-05-22,87.86,Restaurantes,Gasto de prueba 4887
2026-05-23,88.87,Transporte,Gasto de prueba 4888
2026-05-24,89.88,Vivienda,Gasto de prueba 4889
2026-05-25,90.89,Ocio,Gasto de prueba 4890
2026-05-26,91.90,Supermercado,Gasto de prueba 4891
2026-05-27,92.91,Restaurantes,Gasto de prueba 4892
2026-05-28,93.92,Transporte,Gasto de prueba 4893
2026-05-29,94.93,Vivienda,Gasto de prueba 4894
2026-05-30,95.94,Ocio,Gasto de prueba 4895
2026-05-31,96.95,Supermercado,Gasto de prueba 4896
2026-06-01,97.96,Restaurantes,Gasto de prueba 4897
2026-06-02,98.97,Transporte,Gasto de prueba 4898
2026-06-03,99.98,Vivienda,Gasto de prueba 4899
2026-06-04,100.99,Ocio,Gasto de prueba 4900
2026-06-05,101.00,Supermercado,Gasto de prueba 4901
2026-06-06,102.01,Restaurantes,Gasto de prueba 4902
2026-06-07,103.02,Transporte,Gasto de prueba 4903
2026-06-08,104.03,Vivienda,Gasto de prueba 4904
2026-06-09,105.04,Ocio,Gasto de prueba 4905
2026-06-10,106.05,Supermercado,Gasto de prueba 4906
2026-06-11,107.06,Restaurantes,Gasto de prueba 4907
2026-06-12,108.07,Transporte,Gasto de prueba 4908
2026-06-13,109.08,Vivienda,Gasto de prueba 4909
2026-06-14,110.09,Ocio,Gasto de prueba 4910
2026-06-15,111.10,Supermercado,Gasto de prueba 4911
2026-06-16,112.11,Restaurantes,Gasto de prueba 4912
2026-06-17,113.12,Transporte,Gasto de prueba 4913
2026-06-18,114.13,Vivienda,Gasto de prueba 4914
2026-06-19,115.14,Ocio,Gasto de prueba 4915
2026-06-20,116.15,Supermercado,Gasto de prueba 4916
2026-06-21,117.16,Restaurantes,Gasto de prueba 4917
2026-06-22,118.17,Transporte,Gasto de prueba 4918
2026-06-23,119.18,Vivienda,Gasto de prueba 4919
2026-06-24,120.19,Ocio,Gasto de prueba 4920
2026-06-25,121.20,Supermercado,Gasto de prueba 4921
2026-06-26,122.21,Restaurantes,Gasto de prueba 4922
2026-06-27,123.22,Transporte,Gasto de prueba 4923
2026-06-28,124.23,Vivienda,Gasto de prueba 4924
2026-06-29,125.24,Ocio,Gasto de prueba 4925
2026-06-30,126.25,Supermercado,Gasto de prueba 4926
2026-07-01,127.26,Restaurantes,Gasto de prueba 4927
2026-07-02,128.27,Transporte,Gasto de prueba 4928
2026-07-03,129.28,Vivienda,Gasto de prueba 4929
2026-07-04,130.29,Ocio,Gasto de prueba 4930
2026-07-05,131.30,Supermercado,Gasto de prueba 4931
2026-07-06,132.31,Restaurantes,Gasto de prueba 4932
2026-07-07,133.32,Transporte,Gasto de prueba 4933
2026-07-08,134.33,Vivienda,Gasto de prueba 4934
2026-07-09,135.34,Ocio,Gasto de prueba 4935
2026-07-10,136.35,Supermercado,Gasto de prueba 4936
2026-07-11,137.36,Restaurantes,Gasto de prueba 4937
2026-07-12,138.37,Transporte,Gasto de prueba 4938
2026-07-13,139.38,Vivienda,Gasto de prueba 4939
2026-07-14,140.39,Ocio,Gasto de prueba 4940
2026-07-15,141.40,Supermercado,Gasto de prueba 4941
2026-07-16,142.41,Restaurantes,Gasto de prueba 4942
2026-07-17,143.42,Transporte,Gasto de prueba 4943
2026-07-18,144.43,Vivienda,Gasto de prueba 4944
2026-07-19,145.44,Ocio,Gasto de prueba 4945
2026-07-20,146.45,Supermercado,Gasto de prueba 4946
2026-07-21,147.46,Restaurantes,Gasto de prueba 4947
2026-07-22,148.47,Transporte,Gasto de prueba 4948
2026-07-23,149.48,Vivienda,Gasto de prueba 4949
2026-07-24,150.49,Ocio,Gasto de prueba 4950
2026-07-25,151.50,Supermercado,Gasto de prueba 4951
2026-07-26,152.51,Restaurantes,Gasto de prueba 4952
2026-07-27,153.52,Transporte,Gasto de prueba 4953
2026-07-28,154.53,Vivienda,Gasto de prueba 4954
2026-07-29,155.54,Ocio,Gasto de prueba 4955
2026-07-30,156.55,Supermercado,Gasto de prueba 4956
2026-07-31,157.56,Restaurantes,Gasto de prueba 4957
2026-08-01,158.57,Transporte,Gasto de prueba 4958
2026-08-02,159.58,Vivienda,Gasto de prueba 4959
2026-08-03,160.59,Ocio,Gasto de prueba 4960
2026-08-04,161.60,Supermercado,Gasto de prueba 4961
2026-08-05,162.61,Restaurantes,Gasto de prueba 4962
2026-08-06,163.62,Transporte,Gasto de prueba 4963
2026-08-07,164.63,Vivienda,Gasto de prueba 4964
2026-08-08,165.64,Ocio,Gasto de prueba 4965
2026-08-09,166.65,Supermercado,Gasto de prueba 4966
2026-08-10,167.66,Restaurantes,Gasto de prueba 4967
2026-08-11,168.67,Transporte,Gasto de prueba 4968
2026-08-12,169.68,Vivienda,Gasto de prueba 4969
2026-08-13,170.69,Ocio,Gasto de prueba 4970
2026-08-14,171.70,Supermercado,Gasto de prueba 4971
2026-08-15,172.71,Restaurantes,Gasto de prueba 4972
2026-08-16,173.72,Transporte,Gasto de prueba 4973
2026-08-17,174.73,Vivienda,Gasto de prueba 4974
2026-08-18,175.74,Ocio,Gasto de prueba 4975
2026-08-19,176.75,Supermercado,Gasto de prueba 4976
2026-08-20,177.76,Restaurantes,Gasto de prueba 4977
2026-08-21,178.77,Transporte,Gasto de prueba 4978
2026-08-22,179.78,Vivienda,Gasto de prueba 4979
2026-08-23,180.79,Ocio,Gasto de prueba 4980
2026-08-24,181.80,Supermercado,Gasto de prueba 4981
2026-08-25,182.81,Restaurantes,Gasto de prueba 4982
2026-08-26,183.82,Transporte,Gasto de prueba 4983
2026-08-27,184.83,Vivienda,Gasto de prueba 4984
2026-08-28,185.84,Ocio,Gasto de prueba 4985
2026-08-29,186.85,Supermercado,Gasto de prueba 4986
2026-08-30,187.86,Restaurantes,Gasto de prueba 4987
2026-08-31,188.87,Transporte,Gasto de prueba 4988
2026-09-01,189.88,Vivienda,Gasto de prueba 4989
2026-09-02,190.89,Ocio,Gasto de prueba 4990
2026-09-03,191.90,Supermercado,Gasto de prueba 4991
2026-09-04,192.91,Restaurantes,Gasto de prueba 4992
2026-09-05,193.92,Transporte,Gasto de prueba 4993
2026-09-06,194.93,Vivienda,Gasto de prueba 4994
2026-09-07,195.94,Ocio,Gasto de prueba 4995
2026-09-08,196.95,Supermercado,Gasto de prueba 4996
2026-09-09,197.96,Restaurantes,Gasto de prueba 4997
2026-09-10,198.97,Transporte,Gasto de prueba 4998
2026-09-11,199.98,Vivienda,Gasto de prueba 4999
2026-09-12,200.99,Ocio,Gasto de prueba 5000
