Fecha,Importe,Categoría,Concepto
2026-01-01,1.50,Transporte,Fila 1
2026-01-02,2.50,Transporte,Fila 2
2026-01-03,3.50,Transporte,Fila 3
2026-01-04,4.50,Transporte,Fila 4
2026-01-05,5.50,Transporte,Fila 5
2026-01-06,6.50,Transporte,Fila 6
2026-01-07,7.50,Transporte,Fila 7
2026-01-08,8.50,Transporte,Fila 8
2026-01-09,9.50,Transporte,Fila 9
2026-01-10,10.50,Transporte,Fila 10
2026-01-11,11.50,Transporte,Fila 11
2026-01-12,12.50,Transporte,Fila 12
2026-01-13,13.50,Transporte,Fila 13
2026-01-14,14.50,Transporte,Fila 14
2026-01-15,15.50,Transporte,Fila 15
2026-01-16,16.50,Transporte,Fila 16
2026-01-17,17.50,Transporte,Fila 17
2026-01-18,18.50,Transporte,Fila 18
2026-01-19,19.50,Transporte,Fila 19
2026-01-20,20.50,Transporte,Fila 20
2026-01-21,21.50,Transporte,Fila 21
2026-01-22,22.50,Transporte,Fila 22
2026-01-23,23.50,Transporte,Fila 23
2026-01-24,24.50,Transporte,Fila 24
2026-01-25,25.50,Transporte,Fila 25
2026-01-26,26.50,Transporte,Fila 26
2026-01-27,27.50,Transporte,Fila 27
2026-01-28,28.50,Transporte,Fila 28
2026-01-29,29.50,Transporte,Fila 29
2026-01-30,30.50,Transporte,Fila 30
2026-01-31,31.50,Transporte,Fila 31
2026-02-01,32.50,Transporte,Fila 32
2026-02-02,33.50,Transporte,Fila 33
2026-02-03,34.50,Transporte,Fila 34
2026-02-04,35.50,Transporte,Fila 35
2026-02-05,36.50,Transporte,Fila 36
2026-02-06,37.50,Transporte,Fila 37
2026-02-07,38.50,Transporte,Fila 38
2026-02-08,39.50,Transporte,Fila 39
2026-02-09,40.50,Transporte,Fila 40
2026-02-10,41.50,Transporte,Fila 41
2026-02-11,42.50,Transporte,Fila 42
2026-02-12,43.50,Transporte,Fila 43
2026-02-13,44.50,Transporte,Fila 44
2026-02-14,45.50,Transporte,Fila 45
2026-02-15,46.50,Transporte,Fila 46
2026-02-16,47.50,Transporte,Fila 47
2026-02-17,48.50,Transporte,Fila 48
2026-02-18,49.50,Transporte,Fila 49
2026-02-19,50.50,Transporte,Fila 50
2026-02-20,51.50,Transporte,Fila 51
2026-02-21,52.50,Transporte,Fila 52
2026-02-22,53.50,Transporte,Fila 53
2026-02-23,54.50,Transporte,Fila 54
2026-02-24,55.50,Transporte,Fila 55
2026-02-25,56.50,Transporte,Fila 56
2026-02-26,57.50,Transporte,Fila 57
2026-02-27,58.50,Transporte,Fila 58
2026-02-28,59.50,Transporte,Fila 59
2026-03-01,60.50,Transporte,Fila 60
2026-03-02,61.50,Transporte,Fila 61
2026-03-03,62.50,Transporte,Fila 62
2026-03-04,63.50,Transporte,Fila 63
2026-03-05,64.50,Transporte,Fila 64
2026-03-06,65.50,Transporte,Fila 65
2026-03-07,66.50,Transporte,Fila 66
2026-03-08,67.50,Transporte,Fila 67
2026-03-09,68.50,Transporte,Fila 68
2026-03-10,69.50,Transporte,Fila 69
2026-03-11,70.50,Transporte,Fila 70
2026-03-12,71.50,Transporte,Fila 71
2026-03-13,72.50,Transporte,Fila 72
2026-03-14,73.50,Transporte,Fila 73
2026-03-15,74.50,Transporte,Fila 74
2026-03-16,75.50,Transporte,Fila 75
2026-03-17,76.50,Transporte,Fila 76
2026-03-18,77.50,Transporte,Fila 77
2026-03-19,78.50,Transporte,Fila 78
2026-03-20,79.50,Transporte,Fila 79
2026-03-21,80.50,Transporte,Fila 80
2026-03-22,81.50,Transporte,Fila 81
2026-03-23,82.50,Transporte,Fila 82
2026-03-24,83.50,Transporte,Fila 83
2026-03-25,84.50,Transporte,Fila 84
2026-03-26,85.50,Transporte,Fila 85
2026-03-27,86.50,Transporte,Fila 86
2026-03-28,87.50,Transporte,Fila 87
2026-03-29,88.50,Transporte,Fila 88
2026-03-30,89.50,Transporte,Fila 89
2026-03-31,90.50,Transporte,Fila 90
2026-04-01,1.50,Transporte,Fila 91
2026-04-02,2.50,Transporte,Fila 92
2026-04-03,3.50,Transporte,Fila 93
2026-04-04,4.50,Transporte,Fila 94
2026-04-05,5.50,Transporte,Fila 95
2026-04-06,6.50,Transporte,Fila 96
2026-04-07,7.50,Transporte,Fila 97
2026-04-08,8.50,Transporte,Fila 98
2026-04-09,9.50,Transporte,Fila 99
2026-04-10,10.50,Transporte,Fila 100
2026-04-11,11.50,Transporte,Fila 101
2026-04-12,12.50,Transporte,Fila 102
2026-04-13,13.50,Transporte,Fila 103
2026-04-14,14.50,Transporte,Fila 104
2026-04-15,15.50,Transporte,Fila 105
2026-04-16,16.50,Transporte,Fila 106
2026-04-17,17.50,Transporte,Fila 107
2026-04-18,18.50,Transporte,Fila 108
2026-04-19,19.50,Transporte,Fila 109
2026-04-20,20.50,Transporte,Fila 110
2026-04-21,21.50,Transporte,Fila 111
2026-04-22,22.50,Transporte,Fila 112
2026-04-23,23.50,Transporte,Fila 113
2026-04-24,24.50,Transporte,Fila 114
2026-04-25,25.50,Transporte,Fila 115
2026-04-26,26.50,Transporte,Fila 116
2026-04-27,27.50,Transporte,Fila 117
2026-04-28,28.50,Transporte,Fila 118
2026-04-29,29.50,Transporte,Fila 119
2026-04-30,30.50,Transporte,Fila 120
2026-05-01,31.50,Transporte,Fila 121
2026-05-02,32.50,Transporte,Fila 122
2026-05-03,33.50,Transporte,Fila 123
2026-05-04,34.50,Transporte,Fila 124
2026-05-05,35.50,Transporte,Fila 125
2026-05-06,36.50,Transporte,Fila 126
2026-05-07,37.50,Transporte,Fila 127
2026-05-08,38.50,Transporte,Fila 128
2026-05-09,39.50,Transporte,Fila 129
2026-05-10,40.50,Transporte,Fila 130
2026-05-11,41.50,Transporte,Fila 131
2026-05-12,42.50,Transporte,Fila 132
2026-05-13,43.50,Transporte,Fila 133
2026-05-14,44.50,Transporte,Fila 134
2026-05-15,45.50,Transporte,Fila 135
2026-05-16,46.50,Transporte,Fila 136
2026-05-17,47.50,Transporte,Fila 137
2026-05-18,48.50,Transporte,Fila 138
2026-05-19,49.50,Transporte,Fila 139
2026-05-20,50.50,Transporte,Fila 140
2026-05-21,51.50,Transporte,Fila 141
2026-05-22,52.50,Transporte,Fila 142
2026-05-23,53.50,Transporte,Fila 143
2026-05-24,54.50,Transporte,Fila 144
2026-05-25,55.50,Transporte,Fila 145
2026-05-26,56.50,Transporte,Fila 146
2026-05-27,57.50,Transporte,Fila 147
2026-05-28,58.50,Transporte,Fila 148
2026-05-29,59.50,Transporte,Fila 149
2026-05-30,60.50,Transporte,Fila 150
2026-05-31,61.50,Transporte,Fila 151
2026-06-01,62.50,Transporte,Fila 152
2026-06-02,63.50,Transporte,Fila 153
2026-06-03,64.50,Transporte,Fila 154
2026-06-04,65.50,Transporte,Fila 155
2026-06-05,66.50,Transporte,Fila 156
2026-06-06,67.50,Transporte,Fila 157
2026-06-07,68.50,Transporte,Fila 158
2026-06-08,69.50,Transporte,Fila 159
2026-06-09,70.50,Transporte,Fila 160
2026-06-10,71.50,Transporte,Fila 161
2026-06-11,72.50,Transporte,Fila 162
2026-06-12,73.50,Transporte,Fila 163
2026-06-13,74.50,Transporte,Fila 164
2026-06-14,75.50,Transporte,Fila 165
2026-06-15,76.50,Transporte,Fila 166
2026-06-16,77.50,Transporte,Fila 167
2026-06-17,78.50,Transporte,Fila 168
2026-06-18,79.50,Transporte,Fila 169
2026-06-19,80.50,Transporte,Fila 170
2026-06-20,81.50,Transporte,Fila 171
2026-06-21,82.50,Transporte,Fila 172
2026-06-22,83.50,Transporte,Fila 173
2026-06-23,84.50,Transporte,Fila 174
2026-06-24,85.50,Transporte,Fila 175
2026-06-25,86.50,Transporte,Fila 176
2026-06-26,87.50,Transporte,Fila 177
2026-06-27,88.50,Transporte,Fila 178
2026-06-28,89.50,Transporte,Fila 179
2026-06-29,90.50,Transporte,Fila 180
2026-06-30,1.50,Transporte,Fila 181
2026-07-01,2.50,Transporte,Fila 182
2026-07-02,3.50,Transporte,Fila 183
2026-07-03,4.50,Transporte,Fila 184
2026-07-04,5.50,Transporte,Fila 185
2026-07-05,6.50,Transporte,Fila 186
2026-07-06,7.50,Transporte,Fila 187
2026-07-07,8.50,Transporte,Fila 188
2026-07-08,9.50,Transporte,Fila 189
2026-07-09,10.50,Transporte,Fila 190
2026-07-10,11.50,Transporte,Fila 191
2026-07-11,12.50,Transporte,Fila 192
2026-07-12,13.50,Transporte,Fila 193
2026-07-13,14.50,Transporte,Fila 194
2026-07-14,15.50,Transporte,Fila 195
2026-07-15,16.50,Transporte,Fila 196
2026-07-16,17.50,Transporte,Fila 197
2026-07-17,18.50,Transporte,Fila 198
2026-07-18,19.50,Transporte,Fila 199
2026-07-19,20.50,Transporte,Fila 200
2026-07-20,21.50,Transporte,Fila 201
2026-07-21,22.50,Transporte,Fila 202
2026-07-22,23.50,Transporte,Fila 203
2026-07-23,24.50,Transporte,Fila 204
2026-07-24,25.50,Transporte,Fila 205
2026-07-25,26.50,Transporte,Fila 206
2026-07-26,27.50,Transporte,Fila 207
2026-07-27,28.50,Transporte,Fila 208
2026-07-28,29.50,Transporte,Fila 209
2026-07-29,30.50,Transporte,Fila 210
2026-07-30,31.50,Transporte,Fila 211
2026-07-31,32.50,Transporte,Fila 212
2026-08-01,33.50,Transporte,Fila 213
2026-08-02,34.50,Transporte,Fila 214
2026-08-03,35.50,Transporte,Fila 215
2026-08-04,36.50,Transporte,Fila 216
2026-08-05,37.50,Transporte,Fila 217
2026-08-06,38.50,Transporte,Fila 218
2026-08-07,39.50,Transporte,Fila 219
2026-08-08,40.50,Transporte,Fila 220
2026-08-09,41.50,Transporte,Fila 221
2026-08-10,42.50,Transporte,Fila 222
2026-08-11,43.50,Transporte,Fila 223
2026-08-12,44.50,Transporte,Fila 224
2026-08-13,45.50,Transporte,Fila 225
2026-08-14,46.50,Transporte,Fila 226
2026-08-15,47.50,Transporte,Fila 227
2026-08-16,48.50,Transporte,Fila 228
2026-08-17,49.50,Transporte,Fila 229
2026-08-18,50.50,Transporte,Fila 230
2026-08-19,51.50,Transporte,Fila 231
2026-08-20,52.50,Transporte,Fila 232
2026-08-21,53.50,Transporte,Fila 233
2026-08-22,54.50,Transporte,Fila 234
2026-08-23,55.50,Transporte,Fila 235
2026-08-24,56.50,Transporte,Fila 236
2026-08-25,57.50,Transporte,Fila 237
2026-08-26,58.50,Transporte,Fila 238
2026-08-27,59.50,Transporte,Fila 239
2026-08-28,60.50,Transporte,Fila 240
2026-08-29,61.50,Transporte,Fila 241
2026-08-30,62.50,Transporte,Fila 242
2026-08-31,63.50,Transporte,Fila 243
2026-09-01,64.50,Transporte,Fila 244
2026-09-02,65.50,Transporte,Fila 245
2026-09-03,66.50,Transporte,Fila 246
2026-09-04,67.50,Transporte,Fila 247
2026-09-05,68.50,Transporte,Fila 248
2026-09-06,69.50,Transporte,Fila 249
2026-09-07,70.50,Transporte,Fila 250
2026-09-08,71.50,Transporte,Fila 251
2026-09-09,72.50,Transporte,Fila 252
2026-09-10,73.50,Transporte,Fila 253
2026-09-11,74.50,Transporte,Fila 254
2026-09-12,75.50,Transporte,Fila 255
2026-09-13,76.50,Transporte,Fila 256
2026-09-14,77.50,Transporte,Fila 257
2026-09-15,78.50,Transporte,Fila 258
2026-09-16,79.50,Transporte,Fila 259
2026-09-17,80.50,Transporte,Fila 260
2026-09-18,81.50,Transporte,Fila 261
2026-09-19,82.50,Transporte,Fila 262
2026-09-20,83.50,Transporte,Fila 263
2026-09-21,84.50,Transporte,Fila 264
2026-09-22,85.50,Transporte,Fila 265
2026-09-23,86.50,Transporte,Fila 266
2026-09-24,87.50,Transporte,Fila 267
2026-09-25,88.50,Transporte,Fila 268
2026-09-26,89.50,Transporte,Fila 269
2026-09-27,90.50,Transporte,Fila 270
2026-09-28,1.50,Transporte,Fila 271
2026-09-29,2.50,Transporte,Fila 272
2026-09-30,3.50,Transporte,Fila 273
2026-10-01,4.50,Transporte,Fila 274
2026-10-02,5.50,Transporte,Fila 275
2026-10-03,6.50,Transporte,Fila 276
2026-10-04,7.50,Transporte,Fila 277
2026-10-05,8.50,Transporte,Fila 278
2026-10-06,9.50,Transporte,Fila 279
2026-10-07,10.50,Transporte,Fila 280
2026-10-08,11.50,Transporte,Fila 281
2026-10-09,12.50,Transporte,Fila 282
2026-10-10,13.50,Transporte,Fila 283
2026-10-11,14.50,Transporte,Fila 284
2026-10-12,15.50,Transporte,Fila 285
2026-10-13,16.50,Transporte,Fila 286
2026-10-14,17.50,Transporte,Fila 287
2026-10-15,18.50,Transporte,Fila 288
2026-10-16,19.50,Transporte,Fila 289
2026-10-17,20.50,Transporte,Fila 290
2026-10-18,21.50,Transporte,Fila 291
2026-10-19,22.50,Transporte,Fila 292
2026-10-20,23.50,Transporte,Fila 293
2026-10-21,24.50,Transporte,Fila 294
2026-10-22,25.50,Transporte,Fila 295
2026-10-23,26.50,Transporte,Fila 296
2026-10-24,27.50,Transporte,Fila 297
2026-10-25,28.50,Transporte,Fila 298
2026-10-26,29.50,Transporte,Fila 299
2026-10-27,30.50,Transporte,Fila 300
2026-10-28,31.50,Transporte,Fila 301
2026-10-29,32.50,Transporte,Fila 302
2026-10-30,33.50,Transporte,Fila 303
2026-10-31,34.50,Transporte,Fila 304
2026-11-01,35.50,Transporte,Fila 305
2026-11-02,36.50,Transporte,Fila 306
2026-11-03,37.50,Transporte,Fila 307
2026-11-04,38.50,Transporte,Fila 308
2026-11-05,39.50,Transporte,Fila 309
2026-11-06,40.50,Transporte,Fila 310
2026-11-07,41.50,Transporte,Fila 311
2026-11-08,42.50,Transporte,Fila 312
2026-11-09,43.50,Transporte,Fila 313
2026-11-10,44.50,Transporte,Fila 314
2026-11-11,45.50,Transporte,Fila 315
2026-11-12,46.50,Transporte,Fila 316
2026-11-13,47.50,Transporte,Fila 317
2026-11-14,48.50,Transporte,Fila 318
2026-11-15,49.50,Transporte,Fila 319
2026-11-16,50.50,Transporte,Fila 320
2026-11-17,51.50,Transporte,Fila 321
2026-11-18,52.50,Transporte,Fila 322
2026-11-19,53.50,Transporte,Fila 323
2026-11-20,54.50,Transporte,Fila 324
2026-11-21,55.50,Transporte,Fila 325
2026-11-22,56.50,Transporte,Fila 326
2026-11-23,57.50,Transporte,Fila 327
2026-11-24,58.50,Transporte,Fila 328
2026-11-25,59.50,Transporte,Fila 329
2026-11-26,60.50,Transporte,Fila 330
2026-11-27,61.50,Transporte,Fila 331
2026-11-28,62.50,Transporte,Fila 332
2026-11-29,63.50,Transporte,Fila 333
2026-11-30,64.50,Transporte,Fila 334
2026-12-01,65.50,Transporte,Fila 335
2026-12-02,66.50,Transporte,Fila 336
2026-12-03,67.50,Transporte,Fila 337
2026-12-04,68.50,Transporte,Fila 338
2026-12-05,69.50,Transporte,Fila 339
2026-12-06,70.50,Transporte,Fila 340
2026-12-07,71.50,Transporte,Fila 341
2026-12-08,72.50,Transporte,Fila 342
2026-12-09,73.50,Transporte,Fila 343
2026-12-10,74.50,Transporte,Fila 344
2026-12-11,75.50,Transporte,Fila 345
2026-12-12,76.50,Transporte,Fila 346
2026-12-13,77.50,Transporte,Fila 347
2026-12-14,78.50,Transporte,Fila 348
2026-12-15,79.50,Transporte,Fila 349
2026-12-16,80.50,Transporte,Fila 350
2026-12-17,81.50,Transporte,Fila 351
2026-12-18,82.50,Transporte,Fila 352
2026-12-19,83.50,Transporte,Fila 353
2026-12-20,84.50,Transporte,Fila 354
2026-12-21,85.50,Transporte,Fila 355
2026-12-22,86.50,Transporte,Fila 356
2026-12-23,87.50,Transporte,Fila 357
2026-12-24,88.50,Transporte,Fila 358
2026-12-25,89.50,Transporte,Fila 359
2026-12-26,90.50,Transporte,Fila 360
2026-12-27,1.50,Transporte,Fila 361
2026-12-28,2.50,Transporte,Fila 362
2026-12-29,3.50,Transporte,Fila 363
2026-12-30,4.50,Transporte,Fila 364
2026-12-31,5.50,Transporte,Fila 365
2026-01-01,6.50,Transporte,Fila 366
2026-01-02,7.50,Transporte,Fila 367
2026-01-03,8.50,Transporte,Fila 368
2026-01-04,9.50,Transporte,Fila 369
2026-01-05,10.50,Transporte,Fila 370
2026-01-06,11.50,Transporte,Fila 371
2026-01-07,12.50,Transporte,Fila 372
2026-01-08,13.50,Transporte,Fila 373
2026-01-09,14.50,Transporte,Fila 374
2026-01-10,15.50,Transporte,Fila 375
2026-01-11,16.50,Transporte,Fila 376
2026-01-12,17.50,Transporte,Fila 377
2026-01-13,18.50,Transporte,Fila 378
2026-01-14,19.50,Transporte,Fila 379
2026-01-15,20.50,Transporte,Fila 380
2026-01-16,21.50,Transporte,Fila 381
2026-01-17,22.50,Transporte,Fila 382
2026-01-18,23.50,Transporte,Fila 383
2026-01-19,24.50,Transporte,Fila 384
2026-01-20,25.50,Transporte,Fila 385
2026-01-21,26.50,Transporte,Fila 386
2026-01-22,27.50,Transporte,Fila 387
2026-01-23,28.50,Transporte,Fila 388
2026-01-24,29.50,Transporte,Fila 389
2026-01-25,30.50,Transporte,Fila 390
2026-01-26,31.50,Transporte,Fila 391
2026-01-27,32.50,Transporte,Fila 392
2026-01-28,33.50,Transporte,Fila 393
2026-01-29,34.50,Transporte,Fila 394
2026-01-30,35.50,Transporte,Fila 395
2026-01-31,36.50,Transporte,Fila 396
2026-02-01,37.50,Transporte,Fila 397
2026-02-02,38.50,Transporte,Fila 398
2026-02-03,39.50,Transporte,Fila 399
2026-02-04,40.50,Transporte,Fila 400
2026-02-05,41.50,Transporte,Fila 401
2026-02-06,42.50,Transporte,Fila 402
2026-02-07,43.50,Transporte,Fila 403
2026-02-08,44.50,Transporte,Fila 404
2026-02-09,45.50,Transporte,Fila 405
2026-02-10,46.50,Transporte,Fila 406
2026-02-11,47.50,Transporte,Fila 407
2026-02-12,48.50,Transporte,Fila 408
2026-02-13,49.50,Transporte,Fila 409
2026-02-14,50.50,Transporte,Fila 410
2026-02-15,51.50,Transporte,Fila 411
2026-02-16,52.50,Transporte,Fila 412
2026-02-17,53.50,Transporte,Fila 413
2026-02-18,54.50,Transporte,Fila 414
2026-02-19,55.50,Transporte,Fila 415
2026-02-20,56.50,Transporte,Fila 416
2026-02-21,57.50,Transporte,Fila 417
2026-02-22,58.50,Transporte,Fila 418
2026-02-23,59.50,Transporte,Fila 419
2026-02-24,60.50,Transporte,Fila 420
2026-02-25,61.50,Transporte,Fila 421
2026-02-26,62.50,Transporte,Fila 422
2026-02-27,63.50,Transporte,Fila 423
2026-02-28,64.50,Transporte,Fila 424
2026-03-01,65.50,Transporte,Fila 425
2026-03-02,66.50,Transporte,Fila 426
2026-03-03,67.50,Transporte,Fila 427
2026-03-04,68.50,Transporte,Fila 428
2026-03-05,69.50,Transporte,Fila 429
2026-03-06,70.50,Transporte,Fila 430
2026-03-07,71.50,Transporte,Fila 431
2026-03-08,72.50,Transporte,Fila 432
2026-03-09,73.50,Transporte,Fila 433
2026-03-10,74.50,Transporte,Fila 434
2026-03-11,75.50,Transporte,Fila 435
2026-03-12,76.50,Transporte,Fila 436
2026-03-13,77.50,Transporte,Fila 437
2026-03-14,78.50,Transporte,Fila 438
2026-03-15,79.50,Transporte,Fila 439
2026-03-16,80.50,Transporte,Fila 440
2026-03-17,81.50,Transporte,Fila 441
2026-03-18,82.50,Transporte,Fila 442
2026-03-19,83.50,Transporte,Fila 443
2026-03-20,84.50,Transporte,Fila 444
2026-03-21,85.50,Transporte,Fila 445
2026-03-22,86.50,Transporte,Fila 446
2026-03-23,87.50,Transporte,Fila 447
2026-03-24,88.50,Transporte,Fila 448
2026-03-25,89.50,Transporte,Fila 449
2026-03-26,90.50,Transporte,Fila 450
2026-03-27,1.50,Transporte,Fila 451
2026-03-28,2.50,Transporte,Fila 452
2026-03-29,3.50,Transporte,Fila 453
2026-03-30,4.50,Transporte,Fila 454
2026-03-31,5.50,Transporte,Fila 455
2026-04-01,6.50,Transporte,Fila 456
2026-04-02,7.50,Transporte,Fila 457
2026-04-03,8.50,Transporte,Fila 458
2026-04-04,9.50,Transporte,Fila 459
2026-04-05,10.50,Transporte,Fila 460
2026-04-06,11.50,Transporte,Fila 461
2026-04-07,12.50,Transporte,Fila 462
2026-04-08,13.50,Transporte,Fila 463
2026-04-09,14.50,Transporte,Fila 464
2026-04-10,15.50,Transporte,Fila 465
2026-04-11,16.50,Transporte,Fila 466
2026-04-12,17.50,Transporte,Fila 467
2026-04-13,18.50,Transporte,Fila 468
2026-04-14,19.50,Transporte,Fila 469
2026-04-15,20.50,Transporte,Fila 470
2026-04-16,21.50,Transporte,Fila 471
2026-04-17,22.50,Transporte,Fila 472
2026-04-18,23.50,Transporte,Fila 473
2026-04-19,24.50,Transporte,Fila 474
2026-04-20,25.50,Transporte,Fila 475
2026-04-21,26.50,Transporte,Fila 476
2026-04-22,27.50,Transporte,Fila 477
2026-04-23,28.50,Transporte,Fila 478
2026-04-24,29.50,Transporte,Fila 479
2026-04-25,30.50,Transporte,Fila 480
2026-04-26,31.50,Transporte,Fila 481
2026-04-27,32.50,Transporte,Fila 482
2026-04-28,33.50,Transporte,Fila 483
2026-04-29,34.50,Transporte,Fila 484
2026-04-30,35.50,Transporte,Fila 485
2026-05-01,36.50,Transporte,Fila 486
2026-05-02,37.50,Transporte,Fila 487
2026-05-03,38.50,Transporte,Fila 488
2026-05-04,39.50,Transporte,Fila 489
2026-05-05,40.50,Transporte,Fila 490
2026-05-06,41.50,Transporte,Fila 491
2026-05-07,42.50,Transporte,Fila 492
2026-05-08,43.50,Transporte,Fila 493
2026-05-09,44.50,Transporte,Fila 494
2026-05-10,45.50,Transporte,Fila 495
2026-05-11,46.50,Transporte,Fila 496
2026-05-12,47.50,Transporte,Fila 497
2026-05-13,48.50,Transporte,Fila 498
2026-05-14,49.50,Transporte,Fila 499
2026-05-15,50.50,Transporte,Fila 500
2026-05-16,51.50,Transporte,Fila 501
2026-05-17,52.50,Transporte,Fila 502
2026-05-18,53.50,Transporte,Fila 503
2026-05-19,54.50,Transporte,Fila 504
2026-05-20,55.50,Transporte,Fila 505
2026-05-21,56.50,Transporte,Fila 506
2026-05-22,57.50,Transporte,Fila 507
2026-05-23,58.50,Transporte,Fila 508
2026-05-24,59.50,Transporte,Fila 509
2026-05-25,60.50,Transporte,Fila 510
2026-05-26,61.50,Transporte,Fila 511
2026-05-27,62.50,Transporte,Fila 512
2026-05-28,63.50,Transporte,Fila 513
2026-05-29,64.50,Transporte,Fila 514
2026-05-30,65.50,Transporte,Fila 515
2026-05-31,66.50,Transporte,Fila 516
2026-06-01,67.50,Transporte,Fila 517
2026-06-02,68.50,Transporte,Fila 518
2026-06-03,69.50,Transporte,Fila 519
2026-06-04,70.50,Transporte,Fila 520
2026-06-05,71.50,Transporte,Fila 521
2026-06-06,72.50,Transporte,Fila 522
2026-06-07,73.50,Transporte,Fila 523
2026-06-08,74.50,Transporte,Fila 524
2026-06-09,75.50,Transporte,Fila 525
2026-06-10,76.50,Transporte,Fila 526
2026-06-11,77.50,Transporte,Fila 527
2026-06-12,78.50,Transporte,Fila 528
2026-06-13,79.50,Transporte,Fila 529
2026-06-14,80.50,Transporte,Fila 530
2026-06-15,81.50,Transporte,Fila 531
2026-06-16,82.50,Transporte,Fila 532
2026-06-17,83.50,Transporte,Fila 533
2026-06-18,84.50,Transporte,Fila 534
2026-06-19,85.50,Transporte,Fila 535
2026-06-20,86.50,Transporte,Fila 536
2026-06-21,87.50,Transporte,Fila 537
2026-06-22,88.50,Transporte,Fila 538
2026-06-23,89.50,Transporte,Fila 539
2026-06-24,90.50,Transporte,Fila 540
2026-06-25,1.50,Transporte,Fila 541
2026-06-26,2.50,Transporte,Fila 542
2026-06-27,3.50,Transporte,Fila 543
2026-06-28,4.50,Transporte,Fila 544
2026-06-29,5.50,Transporte,Fila 545
2026-06-30,6.50,Transporte,Fila 546
2026-07-01,7.50,Transporte,Fila 547
2026-07-02,8.50,Transporte,Fila 548
2026-07-03,9.50,Transporte,Fila 549
2026-07-04,10.50,Transporte,Fila 550
2026-07-05,11.50,Transporte,Fila 551
2026-07-06,12.50,Transporte,Fila 552
2026-07-07,13.50,Transporte,Fila 553
2026-07-08,14.50,Transporte,Fila 554
2026-07-09,15.50,Transporte,Fila 555
2026-07-10,16.50,Transporte,Fila 556
2026-07-11,17.50,Transporte,Fila 557
2026-07-12,18.50,Transporte,Fila 558
2026-07-13,19.50,Transporte,Fila 559
2026-07-14,20.50,Transporte,Fila 560
2026-07-15,21.50,Transporte,Fila 561
2026-07-16,22.50,Transporte,Fila 562
2026-07-17,23.50,Transporte,Fila 563
2026-07-18,24.50,Transporte,Fila 564
2026-07-19,25.50,Transporte,Fila 565
2026-07-20,26.50,Transporte,Fila 566
2026-07-21,27.50,Transporte,Fila 567
2026-07-22,28.50,Transporte,Fila 568
2026-07-23,29.50,Transporte,Fila 569
2026-07-24,30.50,Transporte,Fila 570
2026-07-25,31.50,Transporte,Fila 571
2026-07-26,32.50,Transporte,Fila 572
2026-07-27,33.50,Transporte,Fila 573
2026-07-28,34.50,Transporte,Fila 574
2026-07-29,35.50,Transporte,Fila 575
2026-07-30,36.50,Transporte,Fila 576
2026-07-31,37.50,Transporte,Fila 577
2026-08-01,38.50,Transporte,Fila 578
2026-08-02,39.50,Transporte,Fila 579
2026-08-03,40.50,Transporte,Fila 580
2026-08-04,41.50,Transporte,Fila 581
2026-08-05,42.50,Transporte,Fila 582
2026-08-06,43.50,Transporte,Fila 583
2026-08-07,44.50,Transporte,Fila 584
2026-08-08,45.50,Transporte,Fila 585
2026-08-09,46.50,Transporte,Fila 586
2026-08-10,47.50,Transporte,Fila 587
2026-08-11,48.50,Transporte,Fila 588
2026-08-12,49.50,Transporte,Fila 589
2026-08-13,50.50,Transporte,Fila 590
2026-08-14,51.50,Transporte,Fila 591
2026-08-15,52.50,Transporte,Fila 592
2026-08-16,53.50,Transporte,Fila 593
2026-08-17,54.50,Transporte,Fila 594
2026-08-18,55.50,Transporte,Fila 595
2026-08-19,56.50,Transporte,Fila 596
2026-08-20,57.50,Transporte,Fila 597
2026-08-21,58.50,Transporte,Fila 598
2026-08-22,59.50,Transporte,Fila 599
2026-08-23,60.50,Transporte,Fila 600
2026-08-24,61.50,Transporte,Fila 601
2026-08-25,62.50,Transporte,Fila 602
2026-08-26,63.50,Transporte,Fila 603
2026-08-27,64.50,Transporte,Fila 604
2026-08-28,65.50,Transporte,Fila 605
2026-08-29,66.50,Transporte,Fila 606
2026-08-30,67.50,Transporte,Fila 607
2026-08-31,68.50,Transporte,Fila 608
2026-09-01,69.50,Transporte,Fila 609
2026-09-02,70.50,Transporte,Fila 610
2026-09-03,71.50,Transporte,Fila 611
2026-09-04,72.50,Transporte,Fila 612
2026-09-05,73.50,Transporte,Fila 613
2026-09-06,74.50,Transporte,Fila 614
2026-09-07,75.50,Transporte,Fila 615
2026-09-08,76.50,Transporte,Fila 616
2026-09-09,77.50,Transporte,Fila 617
2026-09-10,78.50,Transporte,Fila 618
2026-09-11,79.50,Transporte,Fila 619
2026-09-12,80.50,Transporte,Fila 620
2026-09-13,81.50,Transporte,Fila 621
2026-09-14,82.50,Transporte,Fila 622
2026-09-15,83.50,Transporte,Fila 623
2026-09-16,84.50,Transporte,Fila 624
2026-09-17,85.50,Transporte,Fila 625
2026-09-18,86.50,Transporte,Fila 626
2026-09-19,87.50,Transporte,Fila 627
2026-09-20,88.50,Transporte,Fila 628
2026-09-21,89.50,Transporte,Fila 629
2026-09-22,90.50,Transporte,Fila 630
2026-09-23,1.50,Transporte,Fila 631
2026-09-24,2.50,Transporte,Fila 632
2026-09-25,3.50,Transporte,Fila 633
2026-09-26,4.50,Transporte,Fila 634
2026-09-27,5.50,Transporte,Fila 635
2026-09-28,6.50,Transporte,Fila 636
2026-09-29,7.50,Transporte,Fila 637
2026-09-30,8.50,Transporte,Fila 638
2026-10-01,9.50,Transporte,Fila 639
2026-10-02,10.50,Transporte,Fila 640
2026-10-03,11.50,Transporte,Fila 641
2026-10-04,12.50,Transporte,Fila 642
2026-10-05,13.50,Transporte,Fila 643
2026-10-06,14.50,Transporte,Fila 644
2026-10-07,15.50,Transporte,Fila 645
2026-10-08,16.50,Transporte,Fila 646
2026-10-09,17.50,Transporte,Fila 647
2026-10-10,18.50,Transporte,Fila 648
2026-10-11,19.50,Transporte,Fila 649
2026-10-12,20.50,Transporte,Fila 650
2026-10-13,21.50,Transporte,Fila 651
2026-10-14,22.50,Transporte,Fila 652
2026-10-15,23.50,Transporte,Fila 653
2026-10-16,24.50,Transporte,Fila 654
2026-10-17,25.50,Transporte,Fila 655
2026-10-18,26.50,Transporte,Fila 656
2026-10-19,27.50,Transporte,Fila 657
2026-10-20,28.50,Transporte,Fila 658
2026-10-21,29.50,Transporte,Fila 659
2026-10-22,30.50,Transporte,Fila 660
2026-10-23,31.50,Transporte,Fila 661
2026-10-24,32.50,Transporte,Fila 662
2026-10-25,33.50,Transporte,Fila 663
2026-10-26,34.50,Transporte,Fila 664
2026-10-27,35.50,Transporte,Fila 665
2026-10-28,36.50,Transporte,Fila 666
2026-10-29,37.50,Transporte,Fila 667
2026-10-30,38.50,Transporte,Fila 668
2026-10-31,39.50,Transporte,Fila 669
2026-11-01,40.50,Transporte,Fila 670
2026-11-02,41.50,Transporte,Fila 671
2026-11-03,42.50,Transporte,Fila 672
2026-11-04,43.50,Transporte,Fila 673
2026-11-05,44.50,Transporte,Fila 674
2026-11-06,45.50,Transporte,Fila 675
2026-11-07,46.50,Transporte,Fila 676
2026-11-08,47.50,Transporte,Fila 677
2026-11-09,48.50,Transporte,Fila 678
2026-11-10,49.50,Transporte,Fila 679
2026-11-11,50.50,Transporte,Fila 680
2026-11-12,51.50,Transporte,Fila 681
2026-11-13,52.50,Transporte,Fila 682
2026-11-14,53.50,Transporte,Fila 683
2026-11-15,54.50,Transporte,Fila 684
2026-11-16,55.50,Transporte,Fila 685
2026-11-17,56.50,Transporte,Fila 686
2026-11-18,57.50,Transporte,Fila 687
2026-11-19,58.50,Transporte,Fila 688
2026-11-20,59.50,Transporte,Fila 689
2026-11-21,60.50,Transporte,Fila 690
2026-11-22,61.50,Transporte,Fila 691
2026-11-23,62.50,Transporte,Fila 692
2026-11-24,63.50,Transporte,Fila 693
2026-11-25,64.50,Transporte,Fila 694
2026-11-26,65.50,Transporte,Fila 695
2026-11-27,66.50,Transporte,Fila 696
2026-11-28,67.50,Transporte,Fila 697
2026-11-29,68.50,Transporte,Fila 698
2026-11-30,69.50,Transporte,Fila 699
2026-12-01,70.50,Transporte,Fila 700
2026-12-02,71.50,Transporte,Fila 701
2026-12-03,72.50,Transporte,Fila 702
2026-12-04,73.50,Transporte,Fila 703
2026-12-05,74.50,Transporte,Fila 704
2026-12-06,75.50,Transporte,Fila 705
2026-12-07,76.50,Transporte,Fila 706
2026-12-08,77.50,Transporte,Fila 707
2026-12-09,78.50,Transporte,Fila 708
2026-12-10,79.50,Transporte,Fila 709
2026-12-11,80.50,Transporte,Fila 710
2026-12-12,81.50,Transporte,Fila 711
2026-12-13,82.50,Transporte,Fila 712
2026-12-14,83.50,Transporte,Fila 713
2026-12-15,84.50,Transporte,Fila 714
2026-12-16,85.50,Transporte,Fila 715
2026-12-17,86.50,Transporte,Fila 716
2026-12-18,87.50,Transporte,Fila 717
2026-12-19,88.50,Transporte,Fila 718
2026-12-20,89.50,Transporte,Fila 719
2026-12-21,90.50,Transporte,Fila 720
2026-12-22,1.50,Transporte,Fila 721
2026-12-23,2.50,Transporte,Fila 722
2026-12-24,3.50,Transporte,Fila 723
2026-12-25,4.50,Transporte,Fila 724
2026-12-26,5.50,Transporte,Fila 725
2026-12-27,6.50,Transporte,Fila 726
2026-12-28,7.50,Transporte,Fila 727
2026-12-29,8.50,Transporte,Fila 728
2026-12-30,9.50,Transporte,Fila 729
2026-12-31,10.50,Transporte,Fila 730
2026-01-01,11.50,Transporte,Fila 731
2026-01-02,12.50,Transporte,Fila 732
2026-01-03,13.50,Transporte,Fila 733
2026-01-04,14.50,Transporte,Fila 734
2026-01-05,15.50,Transporte,Fila 735
2026-01-06,16.50,Transporte,Fila 736
2026-01-07,17.50,Transporte,Fila 737
2026-01-08,18.50,Transporte,Fila 738
2026-01-09,19.50,Transporte,Fila 739
2026-01-10,20.50,Transporte,Fila 740
2026-01-11,21.50,Transporte,Fila 741
2026-01-12,22.50,Transporte,Fila 742
2026-01-13,23.50,Transporte,Fila 743
2026-01-14,24.50,Transporte,Fila 744
2026-01-15,25.50,Transporte,Fila 745
2026-01-16,26.50,Transporte,Fila 746
2026-01-17,27.50,Transporte,Fila 747
2026-01-18,28.50,Transporte,Fila 748
2026-01-19,29.50,Transporte,Fila 749
2026-01-20,30.50,Transporte,Fila 750
2026-01-21,31.50,Transporte,Fila 751
2026-01-22,32.50,Transporte,Fila 752
2026-01-23,33.50,Transporte,Fila 753
2026-01-24,34.50,Transporte,Fila 754
2026-01-25,35.50,Transporte,Fila 755
2026-01-26,36.50,Transporte,Fila 756
2026-01-27,37.50,Transporte,Fila 757
2026-01-28,38.50,Transporte,Fila 758
2026-01-29,39.50,Transporte,Fila 759
2026-01-30,40.50,Transporte,Fila 760
2026-01-31,41.50,Transporte,Fila 761
2026-02-01,42.50,Transporte,Fila 762
2026-02-02,43.50,Transporte,Fila 763
2026-02-03,44.50,Transporte,Fila 764
2026-02-04,45.50,Transporte,Fila 765
2026-02-05,46.50,Transporte,Fila 766
2026-02-06,47.50,Transporte,Fila 767
2026-02-07,48.50,Transporte,Fila 768
2026-02-08,49.50,Transporte,Fila 769
2026-02-09,50.50,Transporte,Fila 770
2026-02-10,51.50,Transporte,Fila 771
2026-02-11,52.50,Transporte,Fila 772
2026-02-12,53.50,Transporte,Fila 773
2026-02-13,54.50,Transporte,Fila 774
2026-02-14,55.50,Transporte,Fila 775
2026-02-15,56.50,Transporte,Fila 776
2026-02-16,57.50,Transporte,Fila 777
2026-02-17,58.50,Transporte,Fila 778
2026-02-18,59.50,Transporte,Fila 779
2026-02-19,60.50,Transporte,Fila 780
2026-02-20,61.50,Transporte,Fila 781
2026-02-21,62.50,Transporte,Fila 782
2026-02-22,63.50,Transporte,Fila 783
2026-02-23,64.50,Transporte,Fila 784
2026-02-24,65.50,Transporte,Fila 785
2026-02-25,66.50,Transporte,Fila 786
2026-02-26,67.50,Transporte,Fila 787
2026-02-27,68.50,Transporte,Fila 788
2026-02-28,69.50,Transporte,Fila 789
2026-03-01,70.50,Transporte,Fila 790
2026-03-02,71.50,Transporte,Fila 791
2026-03-03,72.50,Transporte,Fila 792
2026-03-04,73.50,Transporte,Fila 793
2026-03-05,74.50,Transporte,Fila 794
2026-03-06,75.50,Transporte,Fila 795
2026-03-07,76.50,Transporte,Fila 796
2026-03-08,77.50,Transporte,Fila 797
2026-03-09,78.50,Transporte,Fila 798
2026-03-10,79.50,Transporte,Fila 799
2026-03-11,80.50,Transporte,Fila 800
2026-03-12,81.50,Transporte,Fila 801
2026-03-13,82.50,Transporte,Fila 802
2026-03-14,83.50,Transporte,Fila 803
2026-03-15,84.50,Transporte,Fila 804
2026-03-16,85.50,Transporte,Fila 805
2026-03-17,86.50,Transporte,Fila 806
2026-03-18,87.50,Transporte,Fila 807
2026-03-19,88.50,Transporte,Fila 808
2026-03-20,89.50,Transporte,Fila 809
2026-03-21,90.50,Transporte,Fila 810
2026-03-22,1.50,Transporte,Fila 811
2026-03-23,2.50,Transporte,Fila 812
2026-03-24,3.50,Transporte,Fila 813
2026-03-25,4.50,Transporte,Fila 814
2026-03-26,5.50,Transporte,Fila 815
2026-03-27,6.50,Transporte,Fila 816
2026-03-28,7.50,Transporte,Fila 817
2026-03-29,8.50,Transporte,Fila 818
2026-03-30,9.50,Transporte,Fila 819
2026-03-31,10.50,Transporte,Fila 820
2026-04-01,11.50,Transporte,Fila 821
2026-04-02,12.50,Transporte,Fila 822
2026-04-03,13.50,Transporte,Fila 823
2026-04-04,14.50,Transporte,Fila 824
2026-04-05,15.50,Transporte,Fila 825
2026-04-06,16.50,Transporte,Fila 826
2026-04-07,17.50,Transporte,Fila 827
2026-04-08,18.50,Transporte,Fila 828
2026-04-09,19.50,Transporte,Fila 829
2026-04-10,20.50,Transporte,Fila 830
2026-04-11,21.50,Transporte,Fila 831
2026-04-12,22.50,Transporte,Fila 832
2026-04-13,23.50,Transporte,Fila 833
2026-04-14,24.50,Transporte,Fila 834
2026-04-15,25.50,Transporte,Fila 835
2026-04-16,26.50,Transporte,Fila 836
2026-04-17,27.50,Transporte,Fila 837
2026-04-18,28.50,Transporte,Fila 838
2026-04-19,29.50,Transporte,Fila 839
2026-04-20,30.50,Transporte,Fila 840
2026-04-21,31.50,Transporte,Fila 841
2026-04-22,32.50,Transporte,Fila 842
2026-04-23,33.50,Transporte,Fila 843
2026-04-24,34.50,Transporte,Fila 844
2026-04-25,35.50,Transporte,Fila 845
2026-04-26,36.50,Transporte,Fila 846
2026-04-27,37.50,Transporte,Fila 847
2026-04-28,38.50,Transporte,Fila 848
2026-04-29,39.50,Transporte,Fila 849
2026-04-30,40.50,Transporte,Fila 850
2026-05-01,41.50,Transporte,Fila 851
2026-05-02,42.50,Transporte,Fila 852
2026-05-03,43.50,Transporte,Fila 853
2026-05-04,44.50,Transporte,Fila 854
2026-05-05,45.50,Transporte,Fila 855
2026-05-06,46.50,Transporte,Fila 856
2026-05-07,47.50,Transporte,Fila 857
2026-05-08,48.50,Transporte,Fila 858
2026-05-09,49.50,Transporte,Fila 859
2026-05-10,50.50,Transporte,Fila 860
2026-05-11,51.50,Transporte,Fila 861
2026-05-12,52.50,Transporte,Fila 862
2026-05-13,53.50,Transporte,Fila 863
2026-05-14,54.50,Transporte,Fila 864
2026-05-15,55.50,Transporte,Fila 865
2026-05-16,56.50,Transporte,Fila 866
2026-05-17,57.50,Transporte,Fila 867
2026-05-18,58.50,Transporte,Fila 868
2026-05-19,59.50,Transporte,Fila 869
2026-05-20,60.50,Transporte,Fila 870
2026-05-21,61.50,Transporte,Fila 871
2026-05-22,62.50,Transporte,Fila 872
2026-05-23,63.50,Transporte,Fila 873
2026-05-24,64.50,Transporte,Fila 874
2026-05-25,65.50,Transporte,Fila 875
2026-05-26,66.50,Transporte,Fila 876
2026-05-27,67.50,Transporte,Fila 877
2026-05-28,68.50,Transporte,Fila 878
2026-05-29,69.50,Transporte,Fila 879
2026-05-30,70.50,Transporte,Fila 880
2026-05-31,71.50,Transporte,Fila 881
2026-06-01,72.50,Transporte,Fila 882
2026-06-02,73.50,Transporte,Fila 883
2026-06-03,74.50,Transporte,Fila 884
2026-06-04,75.50,Transporte,Fila 885
2026-06-05,76.50,Transporte,Fila 886
2026-06-06,77.50,Transporte,Fila 887
2026-06-07,78.50,Transporte,Fila 888
2026-06-08,79.50,Transporte,Fila 889
2026-06-09,80.50,Transporte,Fila 890
2026-06-10,81.50,Transporte,Fila 891
2026-06-11,82.50,Transporte,Fila 892
2026-06-12,83.50,Transporte,Fila 893
2026-06-13,84.50,Transporte,Fila 894
2026-06-14,85.50,Transporte,Fila 895
2026-06-15,86.50,Transporte,Fila 896
2026-06-16,87.50,Transporte,Fila 897
2026-06-17,88.50,Transporte,Fila 898
2026-06-18,89.50,Transporte,Fila 899
2026-06-19,90.50,Transporte,Fila 900
2026-06-20,1.50,Transporte,Fila 901
2026-06-21,2.50,Transporte,Fila 902
2026-06-22,3.50,Transporte,Fila 903
2026-06-23,4.50,Transporte,Fila 904
2026-06-24,5.50,Transporte,Fila 905
2026-06-25,6.50,Transporte,Fila 906
2026-06-26,7.50,Transporte,Fila 907
2026-06-27,8.50,Transporte,Fila 908
2026-06-28,9.50,Transporte,Fila 909
2026-06-29,10.50,Transporte,Fila 910
2026-06-30,11.50,Transporte,Fila 911
2026-07-01,12.50,Transporte,Fila 912
2026-07-02,13.50,Transporte,Fila 913
2026-07-03,14.50,Transporte,Fila 914
2026-07-04,15.50,Transporte,Fila 915
2026-07-05,16.50,Transporte,Fila 916
2026-07-06,17.50,Transporte,Fila 917
2026-07-07,18.50,Transporte,Fila 918
2026-07-08,19.50,Transporte,Fila 919
2026-07-09,20.50,Transporte,Fila 920
2026-07-10,21.50,Transporte,Fila 921
2026-07-11,22.50,Transporte,Fila 922
2026-07-12,23.50,Transporte,Fila 923
2026-07-13,24.50,Transporte,Fila 924
2026-07-14,25.50,Transporte,Fila 925
2026-07-15,26.50,Transporte,Fila 926
2026-07-16,27.50,Transporte,Fila 927
2026-07-17,28.50,Transporte,Fila 928
2026-07-18,29.50,Transporte,Fila 929
2026-07-19,30.50,Transporte,Fila 930
2026-07-20,31.50,Transporte,Fila 931
2026-07-21,32.50,Transporte,Fila 932
2026-07-22,33.50,Transporte,Fila 933
2026-07-23,34.50,Transporte,Fila 934
2026-07-24,35.50,Transporte,Fila 935
2026-07-25,36.50,Transporte,Fila 936
2026-07-26,37.50,Transporte,Fila 937
2026-07-27,38.50,Transporte,Fila 938
2026-07-28,39.50,Transporte,Fila 939
2026-07-29,40.50,Transporte,Fila 940
2026-07-30,41.50,Transporte,Fila 941
2026-07-31,42.50,Transporte,Fila 942
2026-08-01,43.50,Transporte,Fila 943
2026-08-02,44.50,Transporte,Fila 944
2026-08-03,45.50,Transporte,Fila 945
2026-08-04,46.50,Transporte,Fila 946
2026-08-05,47.50,Transporte,Fila 947
2026-08-06,48.50,Transporte,Fila 948
2026-08-07,49.50,Transporte,Fila 949
2026-08-08,50.50,Transporte,Fila 950
2026-08-09,51.50,Transporte,Fila 951
2026-08-10,52.50,Transporte,Fila 952
2026-08-11,53.50,Transporte,Fila 953
2026-08-12,54.50,Transporte,Fila 954
2026-08-13,55.50,Transporte,Fila 955
2026-08-14,56.50,Transporte,Fila 956
2026-08-15,57.50,Transporte,Fila 957
2026-08-16,58.50,Transporte,Fila 958
2026-08-17,59.50,Transporte,Fila 959
2026-08-18,60.50,Transporte,Fila 960
2026-08-19,61.50,Transporte,Fila 961
2026-08-20,62.50,Transporte,Fila 962
2026-08-21,63.50,Transporte,Fila 963
2026-08-22,64.50,Transporte,Fila 964
2026-08-23,65.50,Transporte,Fila 965
2026-08-24,66.50,Transporte,Fila 966
2026-08-25,67.50,Transporte,Fila 967
2026-08-26,68.50,Transporte,Fila 968
2026-08-27,69.50,Transporte,Fila 969
2026-08-28,70.50,Transporte,Fila 970
2026-08-29,71.50,Transporte,Fila 971
2026-08-30,72.50,Transporte,Fila 972
2026-08-31,73.50,Transporte,Fila 973
2026-09-01,74.50,Transporte,Fila 974
2026-09-02,75.50,Transporte,Fila 975
2026-09-03,76.50,Transporte,Fila 976
2026-09-04,77.50,Transporte,Fila 977
2026-09-05,78.50,Transporte,Fila 978
2026-09-06,79.50,Transporte,Fila 979
2026-09-07,80.50,Transporte,Fila 980
2026-09-08,81.50,Transporte,Fila 981
2026-09-09,82.50,Transporte,Fila 982
2026-09-10,83.50,Transporte,Fila 983
2026-09-11,84.50,Transporte,Fila 984
2026-09-12,85.50,Transporte,Fila 985
2026-09-13,86.50,Transporte,Fila 986
2026-09-14,87.50,Transporte,Fila 987
2026-09-15,88.50,Transporte,Fila 988
2026-09-16,89.50,Transporte,Fila 989
2026-09-17,90.50,Transporte,Fila 990
2026-09-18,1.50,Transporte,Fila 991
2026-09-19,2.50,Transporte,Fila 992
2026-09-20,3.50,Transporte,Fila 993
2026-09-21,4.50,Transporte,Fila 994
2026-09-22,5.50,Transporte,Fila 995
2026-09-23,6.50,Transporte,Fila 996
2026-09-24,7.50,Transporte,Fila 997
2026-09-25,8.50,Transporte,Fila 998
2026-09-26,9.50,Transporte,Fila 999
2026-09-27,10.50,Transporte,Fila 1000
2026-09-28,11.50,Transporte,Fila 1001
2026-09-29,12.50,Transporte,Fila 1002
2026-09-30,13.50,Transporte,Fila 1003
2026-10-01,14.50,Transporte,Fila 1004
2026-10-02,15.50,Transporte,Fila 1005
2026-10-03,16.50,Transporte,Fila 1006
2026-10-04,17.50,Transporte,Fila 1007
2026-10-05,18.50,Transporte,Fila 1008
2026-10-06,19.50,Transporte,Fila 1009
2026-10-07,20.50,Transporte,Fila 1010
2026-10-08,21.50,Transporte,Fila 1011
2026-10-09,22.50,Transporte,Fila 1012
2026-10-10,23.50,Transporte,Fila 1013
2026-10-11,24.50,Transporte,Fila 1014
2026-10-12,25.50,Transporte,Fila 1015
2026-10-13,26.50,Transporte,Fila 1016
2026-10-14,27.50,Transporte,Fila 1017
2026-10-15,28.50,Transporte,Fila 1018
2026-10-16,29.50,Transporte,Fila 1019
2026-10-17,30.50,Transporte,Fila 1020
2026-10-18,31.50,Transporte,Fila 1021
2026-10-19,32.50,Transporte,Fila 1022
2026-10-20,33.50,Transporte,Fila 1023
2026-10-21,34.50,Transporte,Fila 1024
2026-10-22,35.50,Transporte,Fila 1025
2026-10-23,36.50,Transporte,Fila 1026
2026-10-24,37.50,Transporte,Fila 1027
2026-10-25,38.50,Transporte,Fila 1028
2026-10-26,39.50,Transporte,Fila 1029
2026-10-27,40.50,Transporte,Fila 1030
2026-10-28,41.50,Transporte,Fila 1031
2026-10-29,42.50,Transporte,Fila 1032
2026-10-30,43.50,Transporte,Fila 1033
2026-10-31,44.50,Transporte,Fila 1034
2026-11-01,45.50,Transporte,Fila 1035
2026-11-02,46.50,Transporte,Fila 1036
2026-11-03,47.50,Transporte,Fila 1037
2026-11-04,48.50,Transporte,Fila 1038
2026-11-05,49.50,Transporte,Fila 1039
2026-11-06,50.50,Transporte,Fila 1040
2026-11-07,51.50,Transporte,Fila 1041
2026-11-08,52.50,Transporte,Fila 1042
2026-11-09,53.50,Transporte,Fila 1043
2026-11-10,54.50,Transporte,Fila 1044
2026-11-11,55.50,Transporte,Fila 1045
2026-11-12,56.50,Transporte,Fila 1046
2026-11-13,57.50,Transporte,Fila 1047
2026-11-14,58.50,Transporte,Fila 1048
2026-11-15,59.50,Transporte,Fila 1049
2026-11-16,60.50,Transporte,Fila 1050
2026-11-17,61.50,Transporte,Fila 1051
2026-11-18,62.50,Transporte,Fila 1052
2026-11-19,63.50,Transporte,Fila 1053
2026-11-20,64.50,Transporte,Fila 1054
2026-11-21,65.50,Transporte,Fila 1055
2026-11-22,66.50,Transporte,Fila 1056
2026-11-23,67.50,Transporte,Fila 1057
2026-11-24,68.50,Transporte,Fila 1058
2026-11-25,69.50,Transporte,Fila 1059
2026-11-26,70.50,Transporte,Fila 1060
2026-11-27,71.50,Transporte,Fila 1061
2026-11-28,72.50,Transporte,Fila 1062
2026-11-29,73.50,Transporte,Fila 1063
2026-11-30,74.50,Transporte,Fila 1064
2026-12-01,75.50,Transporte,Fila 1065
2026-12-02,76.50,Transporte,Fila 1066
2026-12-03,77.50,Transporte,Fila 1067
2026-12-04,78.50,Transporte,Fila 1068
2026-12-05,79.50,Transporte,Fila 1069
2026-12-06,80.50,Transporte,Fila 1070
2026-12-07,81.50,Transporte,Fila 1071
2026-12-08,82.50,Transporte,Fila 1072
2026-12-09,83.50,Transporte,Fila 1073
2026-12-10,84.50,Transporte,Fila 1074
2026-12-11,85.50,Transporte,Fila 1075
2026-12-12,86.50,Transporte,Fila 1076
2026-12-13,87.50,Transporte,Fila 1077
2026-12-14,88.50,Transporte,Fila 1078
2026-12-15,89.50,Transporte,Fila 1079
2026-12-16,90.50,Transporte,Fila 1080
2026-12-17,1.50,Transporte,Fila 1081
2026-12-18,2.50,Transporte,Fila 1082
2026-12-19,3.50,Transporte,Fila 1083
2026-12-20,4.50,Transporte,Fila 1084
2026-12-21,5.50,Transporte,Fila 1085
2026-12-22,6.50,Transporte,Fila 1086
2026-12-23,7.50,Transporte,Fila 1087
2026-12-24,8.50,Transporte,Fila 1088
2026-12-25,9.50,Transporte,Fila 1089
2026-12-26,10.50,Transporte,Fila 1090
2026-12-27,11.50,Transporte,Fila 1091
2026-12-28,12.50,Transporte,Fila 1092
2026-12-29,13.50,Transporte,Fila 1093
2026-12-30,14.50,Transporte,Fila 1094
2026-12-31,15.50,Transporte,Fila 1095
2026-01-01,16.50,Transporte,Fila 1096
2026-01-02,17.50,Transporte,Fila 1097
2026-01-03,18.50,Transporte,Fila 1098
2026-01-04,19.50,Transporte,Fila 1099
2026-01-05,20.50,Transporte,Fila 1100
2026-01-06,21.50,Transporte,Fila 1101
2026-01-07,22.50,Transporte,Fila 1102
2026-01-08,23.50,Transporte,Fila 1103
2026-01-09,24.50,Transporte,Fila 1104
2026-01-10,25.50,Transporte,Fila 1105
2026-01-11,26.50,Transporte,Fila 1106
2026-01-12,27.50,Transporte,Fila 1107
2026-01-13,28.50,Transporte,Fila 1108
2026-01-14,29.50,Transporte,Fila 1109
2026-01-15,30.50,Transporte,Fila 1110
2026-01-16,31.50,Transporte,Fila 1111
2026-01-17,32.50,Transporte,Fila 1112
2026-01-18,33.50,Transporte,Fila 1113
2026-01-19,34.50,Transporte,Fila 1114
2026-01-20,35.50,Transporte,Fila 1115
2026-01-21,36.50,Transporte,Fila 1116
2026-01-22,37.50,Transporte,Fila 1117
2026-01-23,38.50,Transporte,Fila 1118
2026-01-24,39.50,Transporte,Fila 1119
2026-01-25,40.50,Transporte,Fila 1120
2026-01-26,41.50,Transporte,Fila 1121
2026-01-27,42.50,Transporte,Fila 1122
2026-01-28,43.50,Transporte,Fila 1123
2026-01-29,44.50,Transporte,Fila 1124
2026-01-30,45.50,Transporte,Fila 1125
2026-01-31,46.50,Transporte,Fila 1126
2026-02-01,47.50,Transporte,Fila 1127
2026-02-02,48.50,Transporte,Fila 1128
2026-02-03,49.50,Transporte,Fila 1129
2026-02-04,50.50,Transporte,Fila 1130
2026-02-05,51.50,Transporte,Fila 1131
2026-02-06,52.50,Transporte,Fila 1132
2026-02-07,53.50,Transporte,Fila 1133
2026-02-08,54.50,Transporte,Fila 1134
2026-02-09,55.50,Transporte,Fila 1135
2026-02-10,56.50,Transporte,Fila 1136
2026-02-11,57.50,Transporte,Fila 1137
2026-02-12,58.50,Transporte,Fila 1138
2026-02-13,59.50,Transporte,Fila 1139
2026-02-14,60.50,Transporte,Fila 1140
2026-02-15,61.50,Transporte,Fila 1141
2026-02-16,62.50,Transporte,Fila 1142
2026-02-17,63.50,Transporte,Fila 1143
2026-02-18,64.50,Transporte,Fila 1144
2026-02-19,65.50,Transporte,Fila 1145
2026-02-20,66.50,Transporte,Fila 1146
2026-02-21,67.50,Transporte,Fila 1147
2026-02-22,68.50,Transporte,Fila 1148
2026-02-23,69.50,Transporte,Fila 1149
2026-02-24,70.50,Transporte,Fila 1150
2026-02-25,71.50,Transporte,Fila 1151
2026-02-26,72.50,Transporte,Fila 1152
2026-02-27,73.50,Transporte,Fila 1153
2026-02-28,74.50,Transporte,Fila 1154
2026-03-01,75.50,Transporte,Fila 1155
2026-03-02,76.50,Transporte,Fila 1156
2026-03-03,77.50,Transporte,Fila 1157
2026-03-04,78.50,Transporte,Fila 1158
2026-03-05,79.50,Transporte,Fila 1159
2026-03-06,80.50,Transporte,Fila 1160
2026-03-07,81.50,Transporte,Fila 1161
2026-03-08,82.50,Transporte,Fila 1162
2026-03-09,83.50,Transporte,Fila 1163
2026-03-10,84.50,Transporte,Fila 1164
2026-03-11,85.50,Transporte,Fila 1165
2026-03-12,86.50,Transporte,Fila 1166
2026-03-13,87.50,Transporte,Fila 1167
2026-03-14,88.50,Transporte,Fila 1168
2026-03-15,89.50,Transporte,Fila 1169
2026-03-16,90.50,Transporte,Fila 1170
2026-03-17,1.50,Transporte,Fila 1171
2026-03-18,2.50,Transporte,Fila 1172
2026-03-19,3.50,Transporte,Fila 1173
2026-03-20,4.50,Transporte,Fila 1174
2026-03-21,5.50,Transporte,Fila 1175
2026-03-22,6.50,Transporte,Fila 1176
2026-03-23,7.50,Transporte,Fila 1177
2026-03-24,8.50,Transporte,Fila 1178
2026-03-25,9.50,Transporte,Fila 1179
2026-03-26,10.50,Transporte,Fila 1180
2026-03-27,11.50,Transporte,Fila 1181
2026-03-28,12.50,Transporte,Fila 1182
2026-03-29,13.50,Transporte,Fila 1183
2026-03-30,14.50,Transporte,Fila 1184
2026-03-31,15.50,Transporte,Fila 1185
2026-04-01,16.50,Transporte,Fila 1186
2026-04-02,17.50,Transporte,Fila 1187
2026-04-03,18.50,Transporte,Fila 1188
2026-04-04,19.50,Transporte,Fila 1189
2026-04-05,20.50,Transporte,Fila 1190
2026-04-06,21.50,Transporte,Fila 1191
2026-04-07,22.50,Transporte,Fila 1192
2026-04-08,23.50,Transporte,Fila 1193
2026-04-09,24.50,Transporte,Fila 1194
2026-04-10,25.50,Transporte,Fila 1195
2026-04-11,26.50,Transporte,Fila 1196
2026-04-12,27.50,Transporte,Fila 1197
2026-04-13,28.50,Transporte,Fila 1198
2026-04-14,29.50,Transporte,Fila 1199
2026-04-15,30.50,Transporte,Fila 1200
2026-04-16,31.50,Transporte,Fila 1201
2026-04-17,32.50,Transporte,Fila 1202
2026-04-18,33.50,Transporte,Fila 1203
2026-04-19,34.50,Transporte,Fila 1204
2026-04-20,35.50,Transporte,Fila 1205
2026-04-21,36.50,Transporte,Fila 1206
2026-04-22,37.50,Transporte,Fila 1207
2026-04-23,38.50,Transporte,Fila 1208
2026-04-24,39.50,Transporte,Fila 1209
2026-04-25,40.50,Transporte,Fila 1210
2026-04-26,41.50,Transporte,Fila 1211
2026-04-27,42.50,Transporte,Fila 1212
2026-04-28,43.50,Transporte,Fila 1213
2026-04-29,44.50,Transporte,Fila 1214
2026-04-30,45.50,Transporte,Fila 1215
2026-05-01,46.50,Transporte,Fila 1216
2026-05-02,47.50,Transporte,Fila 1217
2026-05-03,48.50,Transporte,Fila 1218
2026-05-04,49.50,Transporte,Fila 1219
2026-05-05,50.50,Transporte,Fila 1220
2026-05-06,51.50,Transporte,Fila 1221
2026-05-07,52.50,Transporte,Fila 1222
2026-05-08,53.50,Transporte,Fila 1223
2026-05-09,54.50,Transporte,Fila 1224
2026-05-10,55.50,Transporte,Fila 1225
2026-05-11,56.50,Transporte,Fila 1226
2026-05-12,57.50,Transporte,Fila 1227
2026-05-13,58.50,Transporte,Fila 1228
2026-05-14,59.50,Transporte,Fila 1229
2026-05-15,60.50,Transporte,Fila 1230
2026-05-16,61.50,Transporte,Fila 1231
2026-05-17,62.50,Transporte,Fila 1232
2026-05-18,63.50,Transporte,Fila 1233
2026-05-19,64.50,Transporte,Fila 1234
2026-05-20,65.50,Transporte,Fila 1235
2026-05-21,66.50,Transporte,Fila 1236
2026-05-22,67.50,Transporte,Fila 1237
2026-05-23,68.50,Transporte,Fila 1238
2026-05-24,69.50,Transporte,Fila 1239
2026-05-25,70.50,Transporte,Fila 1240
2026-05-26,71.50,Transporte,Fila 1241
2026-05-27,72.50,Transporte,Fila 1242
2026-05-28,73.50,Transporte,Fila 1243
2026-05-29,74.50,Transporte,Fila 1244
2026-05-30,75.50,Transporte,Fila 1245
2026-05-31,76.50,Transporte,Fila 1246
2026-06-01,77.50,Transporte,Fila 1247
2026-06-02,78.50,Transporte,Fila 1248
2026-06-03,79.50,Transporte,Fila 1249
2026-06-04,80.50,Transporte,Fila 1250
2026-06-05,81.50,Transporte,Fila 1251
2026-06-06,82.50,Transporte,Fila 1252
2026-06-07,83.50,Transporte,Fila 1253
2026-06-08,84.50,Transporte,Fila 1254
2026-06-09,85.50,Transporte,Fila 1255
2026-06-10,86.50,Transporte,Fila 1256
2026-06-11,87.50,Transporte,Fila 1257
2026-06-12,88.50,Transporte,Fila 1258
2026-06-13,89.50,Transporte,Fila 1259
2026-06-14,90.50,Transporte,Fila 1260
2026-06-15,1.50,Transporte,Fila 1261
2026-06-16,2.50,Transporte,Fila 1262
2026-06-17,3.50,Transporte,Fila 1263
2026-06-18,4.50,Transporte,Fila 1264
2026-06-19,5.50,Transporte,Fila 1265
2026-06-20,6.50,Transporte,Fila 1266
2026-06-21,7.50,Transporte,Fila 1267
2026-06-22,8.50,Transporte,Fila 1268
2026-06-23,9.50,Transporte,Fila 1269
2026-06-24,10.50,Transporte,Fila 1270
2026-06-25,11.50,Transporte,Fila 1271
2026-06-26,12.50,Transporte,Fila 1272
2026-06-27,13.50,Transporte,Fila 1273
2026-06-28,14.50,Transporte,Fila 1274
2026-06-29,15.50,Transporte,Fila 1275
2026-06-30,16.50,Transporte,Fila 1276
2026-07-01,17.50,Transporte,Fila 1277
2026-07-02,18.50,Transporte,Fila 1278
2026-07-03,19.50,Transporte,Fila 1279
2026-07-04,20.50,Transporte,Fila 1280
2026-07-05,21.50,Transporte,Fila 1281
2026-07-06,22.50,Transporte,Fila 1282
2026-07-07,23.50,Transporte,Fila 1283
2026-07-08,24.50,Transporte,Fila 1284
2026-07-09,25.50,Transporte,Fila 1285
2026-07-10,26.50,Transporte,Fila 1286
2026-07-11,27.50,Transporte,Fila 1287
2026-07-12,28.50,Transporte,Fila 1288
2026-07-13,29.50,Transporte,Fila 1289
2026-07-14,30.50,Transporte,Fila 1290
2026-07-15,31.50,Transporte,Fila 1291
2026-07-16,32.50,Transporte,Fila 1292
2026-07-17,33.50,Transporte,Fila 1293
2026-07-18,34.50,Transporte,Fila 1294
2026-07-19,35.50,Transporte,Fila 1295
2026-07-20,36.50,Transporte,Fila 1296
2026-07-21,37.50,Transporte,Fila 1297
2026-07-22,38.50,Transporte,Fila 1298
2026-07-23,39.50,Transporte,Fila 1299
2026-07-24,40.50,Transporte,Fila 1300
2026-07-25,41.50,Transporte,Fila 1301
2026-07-26,42.50,Transporte,Fila 1302
2026-07-27,43.50,Transporte,Fila 1303
2026-07-28,44.50,Transporte,Fila 1304
2026-07-29,45.50,Transporte,Fila 1305
2026-07-30,46.50,Transporte,Fila 1306
2026-07-31,47.50,Transporte,Fila 1307
2026-08-01,48.50,Transporte,Fila 1308
2026-08-02,49.50,Transporte,Fila 1309
2026-08-03,50.50,Transporte,Fila 1310
2026-08-04,51.50,Transporte,Fila 1311
2026-08-05,52.50,Transporte,Fila 1312
2026-08-06,53.50,Transporte,Fila 1313
2026-08-07,54.50,Transporte,Fila 1314
2026-08-08,55.50,Transporte,Fila 1315
2026-08-09,56.50,Transporte,Fila 1316
2026-08-10,57.50,Transporte,Fila 1317
2026-08-11,58.50,Transporte,Fila 1318
2026-08-12,59.50,Transporte,Fila 1319
2026-08-13,60.50,Transporte,Fila 1320
2026-08-14,61.50,Transporte,Fila 1321
2026-08-15,62.50,Transporte,Fila 1322
2026-08-16,63.50,Transporte,Fila 1323
2026-08-17,64.50,Transporte,Fila 1324
2026-08-18,65.50,Transporte,Fila 1325
2026-08-19,66.50,Transporte,Fila 1326
2026-08-20,67.50,Transporte,Fila 1327
2026-08-21,68.50,Transporte,Fila 1328
2026-08-22,69.50,Transporte,Fila 1329
2026-08-23,70.50,Transporte,Fila 1330
2026-08-24,71.50,Transporte,Fila 1331
2026-08-25,72.50,Transporte,Fila 1332
2026-08-26,73.50,Transporte,Fila 1333
2026-08-27,74.50,Transporte,Fila 1334
2026-08-28,75.50,Transporte,Fila 1335
2026-08-29,76.50,Transporte,Fila 1336
2026-08-30,77.50,Transporte,Fila 1337
2026-08-31,78.50,Transporte,Fila 1338
2026-09-01,79.50,Transporte,Fila 1339
2026-09-02,80.50,Transporte,Fila 1340
2026-09-03,81.50,Transporte,Fila 1341
2026-09-04,82.50,Transporte,Fila 1342
2026-09-05,83.50,Transporte,Fila 1343
2026-09-06,84.50,Transporte,Fila 1344
2026-09-07,85.50,Transporte,Fila 1345
2026-09-08,86.50,Transporte,Fila 1346
2026-09-09,87.50,Transporte,Fila 1347
2026-09-10,88.50,Transporte,Fila 1348
2026-09-11,89.50,Transporte,Fila 1349
2026-09-12,90.50,Transporte,Fila 1350
2026-09-13,1.50,Transporte,Fila 1351
2026-09-14,2.50,Transporte,Fila 1352
2026-09-15,3.50,Transporte,Fila 1353
2026-09-16,4.50,Transporte,Fila 1354
2026-09-17,5.50,Transporte,Fila 1355
2026-09-18,6.50,Transporte,Fila 1356
2026-09-19,7.50,Transporte,Fila 1357
2026-09-20,8.50,Transporte,Fila 1358
2026-09-21,9.50,Transporte,Fila 1359
2026-09-22,10.50,Transporte,Fila 1360
2026-09-23,11.50,Transporte,Fila 1361
2026-09-24,12.50,Transporte,Fila 1362
2026-09-25,13.50,Transporte,Fila 1363
2026-09-26,14.50,Transporte,Fila 1364
2026-09-27,15.50,Transporte,Fila 1365
2026-09-28,16.50,Transporte,Fila 1366
2026-09-29,17.50,Transporte,Fila 1367
2026-09-30,18.50,Transporte,Fila 1368
2026-10-01,19.50,Transporte,Fila 1369
2026-10-02,20.50,Transporte,Fila 1370
2026-10-03,21.50,Transporte,Fila 1371
2026-10-04,22.50,Transporte,Fila 1372
2026-10-05,23.50,Transporte,Fila 1373
2026-10-06,24.50,Transporte,Fila 1374
2026-10-07,25.50,Transporte,Fila 1375
2026-10-08,26.50,Transporte,Fila 1376
2026-10-09,27.50,Transporte,Fila 1377
2026-10-10,28.50,Transporte,Fila 1378
2026-10-11,29.50,Transporte,Fila 1379
2026-10-12,30.50,Transporte,Fila 1380
2026-10-13,31.50,Transporte,Fila 1381
2026-10-14,32.50,Transporte,Fila 1382
2026-10-15,33.50,Transporte,Fila 1383
2026-10-16,34.50,Transporte,Fila 1384
2026-10-17,35.50,Transporte,Fila 1385
2026-10-18,36.50,Transporte,Fila 1386
2026-10-19,37.50,Transporte,Fila 1387
2026-10-20,38.50,Transporte,Fila 1388
2026-10-21,39.50,Transporte,Fila 1389
2026-10-22,40.50,Transporte,Fila 1390
2026-10-23,41.50,Transporte,Fila 1391
2026-10-24,42.50,Transporte,Fila 1392
2026-10-25,43.50,Transporte,Fila 1393
2026-10-26,44.50,Transporte,Fila 1394
2026-10-27,45.50,Transporte,Fila 1395
2026-10-28,46.50,Transporte,Fila 1396
2026-10-29,47.50,Transporte,Fila 1397
2026-10-30,48.50,Transporte,Fila 1398
2026-10-31,49.50,Transporte,Fila 1399
2026-11-01,50.50,Transporte,Fila 1400
2026-11-02,51.50,Transporte,Fila 1401
2026-11-03,52.50,Transporte,Fila 1402
2026-11-04,53.50,Transporte,Fila 1403
2026-11-05,54.50,Transporte,Fila 1404
2026-11-06,55.50,Transporte,Fila 1405
2026-11-07,56.50,Transporte,Fila 1406
2026-11-08,57.50,Transporte,Fila 1407
2026-11-09,58.50,Transporte,Fila 1408
2026-11-10,59.50,Transporte,Fila 1409
2026-11-11,60.50,Transporte,Fila 1410
2026-11-12,61.50,Transporte,Fila 1411
2026-11-13,62.50,Transporte,Fila 1412
2026-11-14,63.50,Transporte,Fila 1413
2026-11-15,64.50,Transporte,Fila 1414
2026-11-16,65.50,Transporte,Fila 1415
2026-11-17,66.50,Transporte,Fila 1416
2026-11-18,67.50,Transporte,Fila 1417
2026-11-19,68.50,Transporte,Fila 1418
2026-11-20,69.50,Transporte,Fila 1419
2026-11-21,70.50,Transporte,Fila 1420
2026-11-22,71.50,Transporte,Fila 1421
2026-11-23,72.50,Transporte,Fila 1422
2026-11-24,73.50,Transporte,Fila 1423
2026-11-25,74.50,Transporte,Fila 1424
2026-11-26,75.50,Transporte,Fila 1425
2026-11-27,76.50,Transporte,Fila 1426
2026-11-28,77.50,Transporte,Fila 1427
2026-11-29,78.50,Transporte,Fila 1428
2026-11-30,79.50,Transporte,Fila 1429
2026-12-01,80.50,Transporte,Fila 1430
2026-12-02,81.50,Transporte,Fila 1431
2026-12-03,82.50,Transporte,Fila 1432
2026-12-04,83.50,Transporte,Fila 1433
2026-12-05,84.50,Transporte,Fila 1434
2026-12-06,85.50,Transporte,Fila 1435
2026-12-07,86.50,Transporte,Fila 1436
2026-12-08,87.50,Transporte,Fila 1437
2026-12-09,88.50,Transporte,Fila 1438
2026-12-10,89.50,Transporte,Fila 1439
2026-12-11,90.50,Transporte,Fila 1440
2026-12-12,1.50,Transporte,Fila 1441
2026-12-13,2.50,Transporte,Fila 1442
2026-12-14,3.50,Transporte,Fila 1443
2026-12-15,4.50,Transporte,Fila 1444
2026-12-16,5.50,Transporte,Fila 1445
2026-12-17,6.50,Transporte,Fila 1446
2026-12-18,7.50,Transporte,Fila 1447
2026-12-19,8.50,Transporte,Fila 1448
2026-12-20,9.50,Transporte,Fila 1449
2026-12-21,10.50,Transporte,Fila 1450
2026-12-22,11.50,Transporte,Fila 1451
2026-12-23,12.50,Transporte,Fila 1452
2026-12-24,13.50,Transporte,Fila 1453
2026-12-25,14.50,Transporte,Fila 1454
2026-12-26,15.50,Transporte,Fila 1455
2026-12-27,16.50,Transporte,Fila 1456
2026-12-28,17.50,Transporte,Fila 1457
2026-12-29,18.50,Transporte,Fila 1458
2026-12-30,19.50,Transporte,Fila 1459
2026-12-31,20.50,Transporte,Fila 1460
2026-01-01,21.50,Transporte,Fila 1461
2026-01-02,22.50,Transporte,Fila 1462
2026-01-03,23.50,Transporte,Fila 1463
2026-01-04,24.50,Transporte,Fila 1464
2026-01-05,25.50,Transporte,Fila 1465
2026-01-06,26.50,Transporte,Fila 1466
2026-01-07,27.50,Transporte,Fila 1467
2026-01-08,28.50,Transporte,Fila 1468
2026-01-09,29.50,Transporte,Fila 1469
2026-01-10,30.50,Transporte,Fila 1470
2026-01-11,31.50,Transporte,Fila 1471
2026-01-12,32.50,Transporte,Fila 1472
2026-01-13,33.50,Transporte,Fila 1473
2026-01-14,34.50,Transporte,Fila 1474
2026-01-15,35.50,Transporte,Fila 1475
2026-01-16,36.50,Transporte,Fila 1476
2026-01-17,37.50,Transporte,Fila 1477
2026-01-18,38.50,Transporte,Fila 1478
2026-01-19,39.50,Transporte,Fila 1479
2026-01-20,40.50,Transporte,Fila 1480
2026-01-21,41.50,Transporte,Fila 1481
2026-01-22,42.50,Transporte,Fila 1482
2026-01-23,43.50,Transporte,Fila 1483
2026-01-24,44.50,Transporte,Fila 1484
2026-01-25,45.50,Transporte,Fila 1485
2026-01-26,46.50,Transporte,Fila 1486
2026-01-27,47.50,Transporte,Fila 1487
2026-01-28,48.50,Transporte,Fila 1488
2026-01-29,49.50,Transporte,Fila 1489
2026-01-30,50.50,Transporte,Fila 1490
2026-01-31,51.50,Transporte,Fila 1491
2026-02-01,52.50,Transporte,Fila 1492
2026-02-02,53.50,Transporte,Fila 1493
2026-02-03,54.50,Transporte,Fila 1494
2026-02-04,55.50,Transporte,Fila 1495
2026-02-05,56.50,Transporte,Fila 1496
2026-02-06,57.50,Transporte,Fila 1497
2026-02-07,58.50,Transporte,Fila 1498
2026-02-08,59.50,Transporte,Fila 1499
2026-02-09,60.50,Transporte,Fila 1500
2026-02-10,61.50,Transporte,Fila 1501
2026-02-11,62.50,Transporte,Fila 1502
2026-02-12,63.50,Transporte,Fila 1503
2026-02-13,64.50,Transporte,Fila 1504
2026-02-14,65.50,Transporte,Fila 1505
2026-02-15,66.50,Transporte,Fila 1506
2026-02-16,67.50,Transporte,Fila 1507
2026-02-17,68.50,Transporte,Fila 1508
2026-02-18,69.50,Transporte,Fila 1509
2026-02-19,70.50,Transporte,Fila 1510
2026-02-20,71.50,Transporte,Fila 1511
2026-02-21,72.50,Transporte,Fila 1512
2026-02-22,73.50,Transporte,Fila 1513
2026-02-23,74.50,Transporte,Fila 1514
2026-02-24,75.50,Transporte,Fila 1515
2026-02-25,76.50,Transporte,Fila 1516
2026-02-26,77.50,Transporte,Fila 1517
2026-02-27,78.50,Transporte,Fila 1518
2026-02-28,79.50,Transporte,Fila 1519
2026-03-01,80.50,Transporte,Fila 1520
2026-03-02,81.50,Transporte,Fila 1521
2026-03-03,82.50,Transporte,Fila 1522
2026-03-04,83.50,Transporte,Fila 1523
2026-03-05,84.50,Transporte,Fila 1524
2026-03-06,85.50,Transporte,Fila 1525
2026-03-07,86.50,Transporte,Fila 1526
2026-03-08,87.50,Transporte,Fila 1527
2026-03-09,88.50,Transporte,Fila 1528
2026-03-10,89.50,Transporte,Fila 1529
2026-03-11,90.50,Transporte,Fila 1530
2026-03-12,1.50,Transporte,Fila 1531
2026-03-13,2.50,Transporte,Fila 1532
2026-03-14,3.50,Transporte,Fila 1533
2026-03-15,4.50,Transporte,Fila 1534
2026-03-16,5.50,Transporte,Fila 1535
2026-03-17,6.50,Transporte,Fila 1536
2026-03-18,7.50,Transporte,Fila 1537
2026-03-19,8.50,Transporte,Fila 1538
2026-03-20,9.50,Transporte,Fila 1539
2026-03-21,10.50,Transporte,Fila 1540
2026-03-22,11.50,Transporte,Fila 1541
2026-03-23,12.50,Transporte,Fila 1542
2026-03-24,13.50,Transporte,Fila 1543
2026-03-25,14.50,Transporte,Fila 1544
2026-03-26,15.50,Transporte,Fila 1545
2026-03-27,16.50,Transporte,Fila 1546
2026-03-28,17.50,Transporte,Fila 1547
2026-03-29,18.50,Transporte,Fila 1548
2026-03-30,19.50,Transporte,Fila 1549
2026-03-31,20.50,Transporte,Fila 1550
2026-04-01,21.50,Transporte,Fila 1551
2026-04-02,22.50,Transporte,Fila 1552
2026-04-03,23.50,Transporte,Fila 1553
2026-04-04,24.50,Transporte,Fila 1554
2026-04-05,25.50,Transporte,Fila 1555
2026-04-06,26.50,Transporte,Fila 1556
2026-04-07,27.50,Transporte,Fila 1557
2026-04-08,28.50,Transporte,Fila 1558
2026-04-09,29.50,Transporte,Fila 1559
2026-04-10,30.50,Transporte,Fila 1560
2026-04-11,31.50,Transporte,Fila 1561
2026-04-12,32.50,Transporte,Fila 1562
2026-04-13,33.50,Transporte,Fila 1563
2026-04-14,34.50,Transporte,Fila 1564
2026-04-15,35.50,Transporte,Fila 1565
2026-04-16,36.50,Transporte,Fila 1566
2026-04-17,37.50,Transporte,Fila 1567
2026-04-18,38.50,Transporte,Fila 1568
2026-04-19,39.50,Transporte,Fila 1569
2026-04-20,40.50,Transporte,Fila 1570
2026-04-21,41.50,Transporte,Fila 1571
2026-04-22,42.50,Transporte,Fila 1572
2026-04-23,43.50,Transporte,Fila 1573
2026-04-24,44.50,Transporte,Fila 1574
2026-04-25,45.50,Transporte,Fila 1575
2026-04-26,46.50,Transporte,Fila 1576
2026-04-27,47.50,Transporte,Fila 1577
2026-04-28,48.50,Transporte,Fila 1578
2026-04-29,49.50,Transporte,Fila 1579
2026-04-30,50.50,Transporte,Fila 1580
2026-05-01,51.50,Transporte,Fila 1581
2026-05-02,52.50,Transporte,Fila 1582
2026-05-03,53.50,Transporte,Fila 1583
2026-05-04,54.50,Transporte,Fila 1584
2026-05-05,55.50,Transporte,Fila 1585
2026-05-06,56.50,Transporte,Fila 1586
2026-05-07,57.50,Transporte,Fila 1587
2026-05-08,58.50,Transporte,Fila 1588
2026-05-09,59.50,Transporte,Fila 1589
2026-05-10,60.50,Transporte,Fila 1590
2026-05-11,61.50,Transporte,Fila 1591
2026-05-12,62.50,Transporte,Fila 1592
2026-05-13,63.50,Transporte,Fila 1593
2026-05-14,64.50,Transporte,Fila 1594
2026-05-15,65.50,Transporte,Fila 1595
2026-05-16,66.50,Transporte,Fila 1596
2026-05-17,67.50,Transporte,Fila 1597
2026-05-18,68.50,Transporte,Fila 1598
2026-05-19,69.50,Transporte,Fila 1599
2026-05-20,70.50,Transporte,Fila 1600
2026-05-21,71.50,Transporte,Fila 1601
2026-05-22,72.50,Transporte,Fila 1602
2026-05-23,73.50,Transporte,Fila 1603
2026-05-24,74.50,Transporte,Fila 1604
2026-05-25,75.50,Transporte,Fila 1605
2026-05-26,76.50,Transporte,Fila 1606
2026-05-27,77.50,Transporte,Fila 1607
2026-05-28,78.50,Transporte,Fila 1608
2026-05-29,79.50,Transporte,Fila 1609
2026-05-30,80.50,Transporte,Fila 1610
2026-05-31,81.50,Transporte,Fila 1611
2026-06-01,82.50,Transporte,Fila 1612
2026-06-02,83.50,Transporte,Fila 1613
2026-06-03,84.50,Transporte,Fila 1614
2026-06-04,85.50,Transporte,Fila 1615
2026-06-05,86.50,Transporte,Fila 1616
2026-06-06,87.50,Transporte,Fila 1617
2026-06-07,88.50,Transporte,Fila 1618
2026-06-08,89.50,Transporte,Fila 1619
2026-06-09,90.50,Transporte,Fila 1620
2026-06-10,1.50,Transporte,Fila 1621
2026-06-11,2.50,Transporte,Fila 1622
2026-06-12,3.50,Transporte,Fila 1623
2026-06-13,4.50,Transporte,Fila 1624
2026-06-14,5.50,Transporte,Fila 1625
2026-06-15,6.50,Transporte,Fila 1626
2026-06-16,7.50,Transporte,Fila 1627
2026-06-17,8.50,Transporte,Fila 1628
2026-06-18,9.50,Transporte,Fila 1629
2026-06-19,10.50,Transporte,Fila 1630
2026-06-20,11.50,Transporte,Fila 1631
2026-06-21,12.50,Transporte,Fila 1632
2026-06-22,13.50,Transporte,Fila 1633
2026-06-23,14.50,Transporte,Fila 1634
2026-06-24,15.50,Transporte,Fila 1635
2026-06-25,16.50,Transporte,Fila 1636
2026-06-26,17.50,Transporte,Fila 1637
2026-06-27,18.50,Transporte,Fila 1638
2026-06-28,19.50,Transporte,Fila 1639
2026-06-29,20.50,Transporte,Fila 1640
2026-06-30,21.50,Transporte,Fila 1641
2026-07-01,22.50,Transporte,Fila 1642
2026-07-02,23.50,Transporte,Fila 1643
2026-07-03,24.50,Transporte,Fila 1644
2026-07-04,25.50,Transporte,Fila 1645
2026-07-05,26.50,Transporte,Fila 1646
2026-07-06,27.50,Transporte,Fila 1647
2026-07-07,28.50,Transporte,Fila 1648
2026-07-08,29.50,Transporte,Fila 1649
2026-07-09,30.50,Transporte,Fila 1650
2026-07-10,31.50,Transporte,Fila 1651
2026-07-11,32.50,Transporte,Fila 1652
2026-07-12,33.50,Transporte,Fila 1653
2026-07-13,34.50,Transporte,Fila 1654
2026-07-14,35.50,Transporte,Fila 1655
2026-07-15,36.50,Transporte,Fila 1656
2026-07-16,37.50,Transporte,Fila 1657
2026-07-17,38.50,Transporte,Fila 1658
2026-07-18,39.50,Transporte,Fila 1659
2026-07-19,40.50,Transporte,Fila 1660
2026-07-20,41.50,Transporte,Fila 1661
2026-07-21,42.50,Transporte,Fila 1662
2026-07-22,43.50,Transporte,Fila 1663
2026-07-23,44.50,Transporte,Fila 1664
2026-07-24,45.50,Transporte,Fila 1665
2026-07-25,46.50,Transporte,Fila 1666
2026-07-26,47.50,Transporte,Fila 1667
2026-07-27,48.50,Transporte,Fila 1668
2026-07-28,49.50,Transporte,Fila 1669
2026-07-29,50.50,Transporte,Fila 1670
2026-07-30,51.50,Transporte,Fila 1671
2026-07-31,52.50,Transporte,Fila 1672
2026-08-01,53.50,Transporte,Fila 1673
2026-08-02,54.50,Transporte,Fila 1674
2026-08-03,55.50,Transporte,Fila 1675
2026-08-04,56.50,Transporte,Fila 1676
2026-08-05,57.50,Transporte,Fila 1677
2026-08-06,58.50,Transporte,Fila 1678
2026-08-07,59.50,Transporte,Fila 1679
2026-08-08,60.50,Transporte,Fila 1680
2026-08-09,61.50,Transporte,Fila 1681
2026-08-10,62.50,Transporte,Fila 1682
2026-08-11,63.50,Transporte,Fila 1683
2026-08-12,64.50,Transporte,Fila 1684
2026-08-13,65.50,Transporte,Fila 1685
2026-08-14,66.50,Transporte,Fila 1686
2026-08-15,67.50,Transporte,Fila 1687
2026-08-16,68.50,Transporte,Fila 1688
2026-08-17,69.50,Transporte,Fila 1689
2026-08-18,70.50,Transporte,Fila 1690
2026-08-19,71.50,Transporte,Fila 1691
2026-08-20,72.50,Transporte,Fila 1692
2026-08-21,73.50,Transporte,Fila 1693
2026-08-22,74.50,Transporte,Fila 1694
2026-08-23,75.50,Transporte,Fila 1695
2026-08-24,76.50,Transporte,Fila 1696
2026-08-25,77.50,Transporte,Fila 1697
2026-08-26,78.50,Transporte,Fila 1698
2026-08-27,79.50,Transporte,Fila 1699
2026-08-28,80.50,Transporte,Fila 1700
2026-08-29,81.50,Transporte,Fila 1701
2026-08-30,82.50,Transporte,Fila 1702
2026-08-31,83.50,Transporte,Fila 1703
2026-09-01,84.50,Transporte,Fila 1704
2026-09-02,85.50,Transporte,Fila 1705
2026-09-03,86.50,Transporte,Fila 1706
2026-09-04,87.50,Transporte,Fila 1707
2026-09-05,88.50,Transporte,Fila 1708
2026-09-06,89.50,Transporte,Fila 1709
2026-09-07,90.50,Transporte,Fila 1710
2026-09-08,1.50,Transporte,Fila 1711
2026-09-09,2.50,Transporte,Fila 1712
2026-09-10,3.50,Transporte,Fila 1713
2026-09-11,4.50,Transporte,Fila 1714
2026-09-12,5.50,Transporte,Fila 1715
2026-09-13,6.50,Transporte,Fila 1716
2026-09-14,7.50,Transporte,Fila 1717
2026-09-15,8.50,Transporte,Fila 1718
2026-09-16,9.50,Transporte,Fila 1719
2026-09-17,10.50,Transporte,Fila 1720
2026-09-18,11.50,Transporte,Fila 1721
2026-09-19,12.50,Transporte,Fila 1722
2026-09-20,13.50,Transporte,Fila 1723
2026-09-21,14.50,Transporte,Fila 1724
2026-09-22,15.50,Transporte,Fila 1725
2026-09-23,16.50,Transporte,Fila 1726
2026-09-24,17.50,Transporte,Fila 1727
2026-09-25,18.50,Transporte,Fila 1728
2026-09-26,19.50,Transporte,Fila 1729
2026-09-27,20.50,Transporte,Fila 1730
2026-09-28,21.50,Transporte,Fila 1731
2026-09-29,22.50,Transporte,Fila 1732
2026-09-30,23.50,Transporte,Fila 1733
2026-10-01,24.50,Transporte,Fila 1734
2026-10-02,25.50,Transporte,Fila 1735
2026-10-03,26.50,Transporte,Fila 1736
2026-10-04,27.50,Transporte,Fila 1737
2026-10-05,28.50,Transporte,Fila 1738
2026-10-06,29.50,Transporte,Fila 1739
2026-10-07,30.50,Transporte,Fila 1740
2026-10-08,31.50,Transporte,Fila 1741
2026-10-09,32.50,Transporte,Fila 1742
2026-10-10,33.50,Transporte,Fila 1743
2026-10-11,34.50,Transporte,Fila 1744
2026-10-12,35.50,Transporte,Fila 1745
2026-10-13,36.50,Transporte,Fila 1746
2026-10-14,37.50,Transporte,Fila 1747
2026-10-15,38.50,Transporte,Fila 1748
2026-10-16,39.50,Transporte,Fila 1749
2026-10-17,40.50,Transporte,Fila 1750
2026-10-18,41.50,Transporte,Fila 1751
2026-10-19,42.50,Transporte,Fila 1752
2026-10-20,43.50,Transporte,Fila 1753
2026-10-21,44.50,Transporte,Fila 1754
2026-10-22,45.50,Transporte,Fila 1755
2026-10-23,46.50,Transporte,Fila 1756
2026-10-24,47.50,Transporte,Fila 1757
2026-10-25,48.50,Transporte,Fila 1758
2026-10-26,49.50,Transporte,Fila 1759
2026-10-27,50.50,Transporte,Fila 1760
2026-10-28,51.50,Transporte,Fila 1761
2026-10-29,52.50,Transporte,Fila 1762
2026-10-30,53.50,Transporte,Fila 1763
2026-10-31,54.50,Transporte,Fila 1764
2026-11-01,55.50,Transporte,Fila 1765
2026-11-02,56.50,Transporte,Fila 1766
2026-11-03,57.50,Transporte,Fila 1767
2026-11-04,58.50,Transporte,Fila 1768
2026-11-05,59.50,Transporte,Fila 1769
2026-11-06,60.50,Transporte,Fila 1770
2026-11-07,61.50,Transporte,Fila 1771
2026-11-08,62.50,Transporte,Fila 1772
2026-11-09,63.50,Transporte,Fila 1773
2026-11-10,64.50,Transporte,Fila 1774
2026-11-11,65.50,Transporte,Fila 1775
2026-11-12,66.50,Transporte,Fila 1776
2026-11-13,67.50,Transporte,Fila 1777
2026-11-14,68.50,Transporte,Fila 1778
2026-11-15,69.50,Transporte,Fila 1779
2026-11-16,70.50,Transporte,Fila 1780
2026-11-17,71.50,Transporte,Fila 1781
2026-11-18,72.50,Transporte,Fila 1782
2026-11-19,73.50,Transporte,Fila 1783
2026-11-20,74.50,Transporte,Fila 1784
2026-11-21,75.50,Transporte,Fila 1785
2026-11-22,76.50,Transporte,Fila 1786
2026-11-23,77.50,Transporte,Fila 1787
2026-11-24,78.50,Transporte,Fila 1788
2026-11-25,79.50,Transporte,Fila 1789
2026-11-26,80.50,Transporte,Fila 1790
2026-11-27,81.50,Transporte,Fila 1791
2026-11-28,82.50,Transporte,Fila 1792
2026-11-29,83.50,Transporte,Fila 1793
2026-11-30,84.50,Transporte,Fila 1794
2026-12-01,85.50,Transporte,Fila 1795
2026-12-02,86.50,Transporte,Fila 1796
2026-12-03,87.50,Transporte,Fila 1797
2026-12-04,88.50,Transporte,Fila 1798
2026-12-05,89.50,Transporte,Fila 1799
2026-12-06,90.50,Transporte,Fila 1800
2026-12-07,1.50,Transporte,Fila 1801
2026-12-08,2.50,Transporte,Fila 1802
2026-12-09,3.50,Transporte,Fila 1803
2026-12-10,4.50,Transporte,Fila 1804
2026-12-11,5.50,Transporte,Fila 1805
2026-12-12,6.50,Transporte,Fila 1806
2026-12-13,7.50,Transporte,Fila 1807
2026-12-14,8.50,Transporte,Fila 1808
2026-12-15,9.50,Transporte,Fila 1809
2026-12-16,10.50,Transporte,Fila 1810
2026-12-17,11.50,Transporte,Fila 1811
2026-12-18,12.50,Transporte,Fila 1812
2026-12-19,13.50,Transporte,Fila 1813
2026-12-20,14.50,Transporte,Fila 1814
2026-12-21,15.50,Transporte,Fila 1815
2026-12-22,16.50,Transporte,Fila 1816
2026-12-23,17.50,Transporte,Fila 1817
2026-12-24,18.50,Transporte,Fila 1818
2026-12-25,19.50,Transporte,Fila 1819
2026-12-26,20.50,Transporte,Fila 1820
2026-12-27,21.50,Transporte,Fila 1821
2026-12-28,22.50,Transporte,Fila 1822
2026-12-29,23.50,Transporte,Fila 1823
2026-12-30,24.50,Transporte,Fila 1824
2026-12-31,25.50,Transporte,Fila 1825
2026-01-01,26.50,Transporte,Fila 1826
2026-01-02,27.50,Transporte,Fila 1827
2026-01-03,28.50,Transporte,Fila 1828
2026-01-04,29.50,Transporte,Fila 1829
2026-01-05,30.50,Transporte,Fila 1830
2026-01-06,31.50,Transporte,Fila 1831
2026-01-07,32.50,Transporte,Fila 1832
2026-01-08,33.50,Transporte,Fila 1833
2026-01-09,34.50,Transporte,Fila 1834
2026-01-10,35.50,Transporte,Fila 1835
2026-01-11,36.50,Transporte,Fila 1836
2026-01-12,37.50,Transporte,Fila 1837
2026-01-13,38.50,Transporte,Fila 1838
2026-01-14,39.50,Transporte,Fila 1839
2026-01-15,40.50,Transporte,Fila 1840
2026-01-16,41.50,Transporte,Fila 1841
2026-01-17,42.50,Transporte,Fila 1842
2026-01-18,43.50,Transporte,Fila 1843
2026-01-19,44.50,Transporte,Fila 1844
2026-01-20,45.50,Transporte,Fila 1845
2026-01-21,46.50,Transporte,Fila 1846
2026-01-22,47.50,Transporte,Fila 1847
2026-01-23,48.50,Transporte,Fila 1848
2026-01-24,49.50,Transporte,Fila 1849
2026-01-25,50.50,Transporte,Fila 1850
2026-01-26,51.50,Transporte,Fila 1851
2026-01-27,52.50,Transporte,Fila 1852
2026-01-28,53.50,Transporte,Fila 1853
2026-01-29,54.50,Transporte,Fila 1854
2026-01-30,55.50,Transporte,Fila 1855
2026-01-31,56.50,Transporte,Fila 1856
2026-02-01,57.50,Transporte,Fila 1857
2026-02-02,58.50,Transporte,Fila 1858
2026-02-03,59.50,Transporte,Fila 1859
2026-02-04,60.50,Transporte,Fila 1860
2026-02-05,61.50,Transporte,Fila 1861
2026-02-06,62.50,Transporte,Fila 1862
2026-02-07,63.50,Transporte,Fila 1863
2026-02-08,64.50,Transporte,Fila 1864
2026-02-09,65.50,Transporte,Fila 1865
2026-02-10,66.50,Transporte,Fila 1866
2026-02-11,67.50,Transporte,Fila 1867
2026-02-12,68.50,Transporte,Fila 1868
2026-02-13,69.50,Transporte,Fila 1869
2026-02-14,70.50,Transporte,Fila 1870
2026-02-15,71.50,Transporte,Fila 1871
2026-02-16,72.50,Transporte,Fila 1872
2026-02-17,73.50,Transporte,Fila 1873
2026-02-18,74.50,Transporte,Fila 1874
2026-02-19,75.50,Transporte,Fila 1875
2026-02-20,76.50,Transporte,Fila 1876
2026-02-21,77.50,Transporte,Fila 1877
2026-02-22,78.50,Transporte,Fila 1878
2026-02-23,79.50,Transporte,Fila 1879
2026-02-24,80.50,Transporte,Fila 1880
2026-02-25,81.50,Transporte,Fila 1881
2026-02-26,82.50,Transporte,Fila 1882
2026-02-27,83.50,Transporte,Fila 1883
2026-02-28,84.50,Transporte,Fila 1884
2026-03-01,85.50,Transporte,Fila 1885
2026-03-02,86.50,Transporte,Fila 1886
2026-03-03,87.50,Transporte,Fila 1887
2026-03-04,88.50,Transporte,Fila 1888
2026-03-05,89.50,Transporte,Fila 1889
2026-03-06,90.50,Transporte,Fila 1890
2026-03-07,1.50,Transporte,Fila 1891
2026-03-08,2.50,Transporte,Fila 1892
2026-03-09,3.50,Transporte,Fila 1893
2026-03-10,4.50,Transporte,Fila 1894
2026-03-11,5.50,Transporte,Fila 1895
2026-03-12,6.50,Transporte,Fila 1896
2026-03-13,7.50,Transporte,Fila 1897
2026-03-14,8.50,Transporte,Fila 1898
2026-03-15,9.50,Transporte,Fila 1899
2026-03-16,10.50,Transporte,Fila 1900
2026-03-17,11.50,Transporte,Fila 1901
2026-03-18,12.50,Transporte,Fila 1902
2026-03-19,13.50,Transporte,Fila 1903
2026-03-20,14.50,Transporte,Fila 1904
2026-03-21,15.50,Transporte,Fila 1905
2026-03-22,16.50,Transporte,Fila 1906
2026-03-23,17.50,Transporte,Fila 1907
2026-03-24,18.50,Transporte,Fila 1908
2026-03-25,19.50,Transporte,Fila 1909
2026-03-26,20.50,Transporte,Fila 1910
2026-03-27,21.50,Transporte,Fila 1911
2026-03-28,22.50,Transporte,Fila 1912
2026-03-29,23.50,Transporte,Fila 1913
2026-03-30,24.50,Transporte,Fila 1914
2026-03-31,25.50,Transporte,Fila 1915
2026-04-01,26.50,Transporte,Fila 1916
2026-04-02,27.50,Transporte,Fila 1917
2026-04-03,28.50,Transporte,Fila 1918
2026-04-04,29.50,Transporte,Fila 1919
2026-04-05,30.50,Transporte,Fila 1920
2026-04-06,31.50,Transporte,Fila 1921
2026-04-07,32.50,Transporte,Fila 1922
2026-04-08,33.50,Transporte,Fila 1923
2026-04-09,34.50,Transporte,Fila 1924
2026-04-10,35.50,Transporte,Fila 1925
2026-04-11,36.50,Transporte,Fila 1926
2026-04-12,37.50,Transporte,Fila 1927
2026-04-13,38.50,Transporte,Fila 1928
2026-04-14,39.50,Transporte,Fila 1929
2026-04-15,40.50,Transporte,Fila 1930
2026-04-16,41.50,Transporte,Fila 1931
2026-04-17,42.50,Transporte,Fila 1932
2026-04-18,43.50,Transporte,Fila 1933
2026-04-19,44.50,Transporte,Fila 1934
2026-04-20,45.50,Transporte,Fila 1935
2026-04-21,46.50,Transporte,Fila 1936
2026-04-22,47.50,Transporte,Fila 1937
2026-04-23,48.50,Transporte,Fila 1938
2026-04-24,49.50,Transporte,Fila 1939
2026-04-25,50.50,Transporte,Fila 1940
2026-04-26,51.50,Transporte,Fila 1941
2026-04-27,52.50,Transporte,Fila 1942
2026-04-28,53.50,Transporte,Fila 1943
2026-04-29,54.50,Transporte,Fila 1944
2026-04-30,55.50,Transporte,Fila 1945
2026-05-01,56.50,Transporte,Fila 1946
2026-05-02,57.50,Transporte,Fila 1947
2026-05-03,58.50,Transporte,Fila 1948
2026-05-04,59.50,Transporte,Fila 1949
2026-05-05,60.50,Transporte,Fila 1950
2026-05-06,61.50,Transporte,Fila 1951
2026-05-07,62.50,Transporte,Fila 1952
2026-05-08,63.50,Transporte,Fila 1953
2026-05-09,64.50,Transporte,Fila 1954
2026-05-10,65.50,Transporte,Fila 1955
2026-05-11,66.50,Transporte,Fila 1956
2026-05-12,67.50,Transporte,Fila 1957
2026-05-13,68.50,Transporte,Fila 1958
2026-05-14,69.50,Transporte,Fila 1959
2026-05-15,70.50,Transporte,Fila 1960
2026-05-16,71.50,Transporte,Fila 1961
2026-05-17,72.50,Transporte,Fila 1962
2026-05-18,73.50,Transporte,Fila 1963
2026-05-19,74.50,Transporte,Fila 1964
2026-05-20,75.50,Transporte,Fila 1965
2026-05-21,76.50,Transporte,Fila 1966
2026-05-22,77.50,Transporte,Fila 1967
2026-05-23,78.50,Transporte,Fila 1968
2026-05-24,79.50,Transporte,Fila 1969
2026-05-25,80.50,Transporte,Fila 1970
2026-05-26,81.50,Transporte,Fila 1971
2026-05-27,82.50,Transporte,Fila 1972
2026-05-28,83.50,Transporte,Fila 1973
2026-05-29,84.50,Transporte,Fila 1974
2026-05-30,85.50,Transporte,Fila 1975
2026-05-31,86.50,Transporte,Fila 1976
2026-06-01,87.50,Transporte,Fila 1977
2026-06-02,88.50,Transporte,Fila 1978
2026-06-03,89.50,Transporte,Fila 1979
2026-06-04,90.50,Transporte,Fila 1980
2026-06-05,1.50,Transporte,Fila 1981
2026-06-06,2.50,Transporte,Fila 1982
2026-06-07,3.50,Transporte,Fila 1983
2026-06-08,4.50,Transporte,Fila 1984
2026-06-09,5.50,Transporte,Fila 1985
2026-06-10,6.50,Transporte,Fila 1986
2026-06-11,7.50,Transporte,Fila 1987
2026-06-12,8.50,Transporte,Fila 1988
2026-06-13,9.50,Transporte,Fila 1989
2026-06-14,10.50,Transporte,Fila 1990
2026-06-15,11.50,Transporte,Fila 1991
2026-06-16,12.50,Transporte,Fila 1992
2026-06-17,13.50,Transporte,Fila 1993
2026-06-18,14.50,Transporte,Fila 1994
2026-06-19,15.50,Transporte,Fila 1995
2026-06-20,16.50,Transporte,Fila 1996
2026-06-21,17.50,Transporte,Fila 1997
2026-06-22,18.50,Transporte,Fila 1998
2026-06-23,19.50,Transporte,Fila 1999
2026-06-24,20.50,Transporte,Fila 2000
2026-06-25,21.50,Transporte,Fila 2001
2026-06-26,22.50,Transporte,Fila 2002
2026-06-27,23.50,Transporte,Fila 2003
2026-06-28,24.50,Transporte,Fila 2004
2026-06-29,25.50,Transporte,Fila 2005
2026-06-30,26.50,Transporte,Fila 2006
2026-07-01,27.50,Transporte,Fila 2007
2026-07-02,28.50,Transporte,Fila 2008
2026-07-03,29.50,Transporte,Fila 2009
2026-07-04,30.50,Transporte,Fila 2010
2026-07-05,31.50,Transporte,Fila 2011
2026-07-06,32.50,Transporte,Fila 2012
2026-07-07,33.50,Transporte,Fila 2013
2026-07-08,34.50,Transporte,Fila 2014
2026-07-09,35.50,Transporte,Fila 2015
2026-07-10,36.50,Transporte,Fila 2016
2026-07-11,37.50,Transporte,Fila 2017
2026-07-12,38.50,Transporte,Fila 2018
2026-07-13,39.50,Transporte,Fila 2019
2026-07-14,40.50,Transporte,Fila 2020
2026-07-15,41.50,Transporte,Fila 2021
2026-07-16,42.50,Transporte,Fila 2022
2026-07-17,43.50,Transporte,Fila 2023
2026-07-18,44.50,Transporte,Fila 2024
2026-07-19,45.50,Transporte,Fila 2025
2026-07-20,46.50,Transporte,Fila 2026
2026-07-21,47.50,Transporte,Fila 2027
2026-07-22,48.50,Transporte,Fila 2028
2026-07-23,49.50,Transporte,Fila 2029
2026-07-24,50.50,Transporte,Fila 2030
2026-07-25,51.50,Transporte,Fila 2031
2026-07-26,52.50,Transporte,Fila 2032
2026-07-27,53.50,Transporte,Fila 2033
2026-07-28,54.50,Transporte,Fila 2034
2026-07-29,55.50,Transporte,Fila 2035
2026-07-30,56.50,Transporte,Fila 2036
2026-07-31,57.50,Transporte,Fila 2037
2026-08-01,58.50,Transporte,Fila 2038
2026-08-02,59.50,Transporte,Fila 2039
2026-08-03,60.50,Transporte,Fila 2040
2026-08-04,61.50,Transporte,Fila 2041
2026-08-05,62.50,Transporte,Fila 2042
2026-08-06,63.50,Transporte,Fila 2043
2026-08-07,64.50,Transporte,Fila 2044
2026-08-08,65.50,Transporte,Fila 2045
2026-08-09,66.50,Transporte,Fila 2046
2026-08-10,67.50,Transporte,Fila 2047
2026-08-11,68.50,Transporte,Fila 2048
2026-08-12,69.50,Transporte,Fila 2049
2026-08-13,70.50,Transporte,Fila 2050
2026-08-14,71.50,Transporte,Fila 2051
2026-08-15,72.50,Transporte,Fila 2052
2026-08-16,73.50,Transporte,Fila 2053
2026-08-17,74.50,Transporte,Fila 2054
2026-08-18,75.50,Transporte,Fila 2055
2026-08-19,76.50,Transporte,Fila 2056
2026-08-20,77.50,Transporte,Fila 2057
2026-08-21,78.50,Transporte,Fila 2058
2026-08-22,79.50,Transporte,Fila 2059
2026-08-23,80.50,Transporte,Fila 2060
2026-08-24,81.50,Transporte,Fila 2061
2026-08-25,82.50,Transporte,Fila 2062
2026-08-26,83.50,Transporte,Fila 2063
2026-08-27,84.50,Transporte,Fila 2064
2026-08-28,85.50,Transporte,Fila 2065
2026-08-29,86.50,Transporte,Fila 2066
2026-08-30,87.50,Transporte,Fila 2067
2026-08-31,88.50,Transporte,Fila 2068
2026-09-01,89.50,Transporte,Fila 2069
2026-09-02,90.50,Transporte,Fila 2070
2026-09-03,1.50,Transporte,Fila 2071
2026-09-04,2.50,Transporte,Fila 2072
2026-09-05,3.50,Transporte,Fila 2073
2026-09-06,4.50,Transporte,Fila 2074
2026-09-07,5.50,Transporte,Fila 2075
2026-09-08,6.50,Transporte,Fila 2076
2026-09-09,7.50,Transporte,Fila 2077
2026-09-10,8.50,Transporte,Fila 2078
2026-09-11,9.50,Transporte,Fila 2079
2026-09-12,10.50,Transporte,Fila 2080
2026-09-13,11.50,Transporte,Fila 2081
2026-09-14,12.50,Transporte,Fila 2082
2026-09-15,13.50,Transporte,Fila 2083
2026-09-16,14.50,Transporte,Fila 2084
2026-09-17,15.50,Transporte,Fila 2085
2026-09-18,16.50,Transporte,Fila 2086
2026-09-19,17.50,Transporte,Fila 2087
2026-09-20,18.50,Transporte,Fila 2088
2026-09-21,19.50,Transporte,Fila 2089
2026-09-22,20.50,Transporte,Fila 2090
2026-09-23,21.50,Transporte,Fila 2091
2026-09-24,22.50,Transporte,Fila 2092
2026-09-25,23.50,Transporte,Fila 2093
2026-09-26,24.50,Transporte,Fila 2094
2026-09-27,25.50,Transporte,Fila 2095
2026-09-28,26.50,Transporte,Fila 2096
2026-09-29,27.50,Transporte,Fila 2097
2026-09-30,28.50,Transporte,Fila 2098
2026-10-01,29.50,Transporte,Fila 2099
2026-10-02,30.50,Transporte,Fila 2100
2026-10-03,31.50,Transporte,Fila 2101
2026-10-04,32.50,Transporte,Fila 2102
2026-10-05,33.50,Transporte,Fila 2103
2026-10-06,34.50,Transporte,Fila 2104
2026-10-07,35.50,Transporte,Fila 2105
2026-10-08,36.50,Transporte,Fila 2106
2026-10-09,37.50,Transporte,Fila 2107
2026-10-10,38.50,Transporte,Fila 2108
2026-10-11,39.50,Transporte,Fila 2109
2026-10-12,40.50,Transporte,Fila 2110
2026-10-13,41.50,Transporte,Fila 2111
2026-10-14,42.50,Transporte,Fila 2112
2026-10-15,43.50,Transporte,Fila 2113
2026-10-16,44.50,Transporte,Fila 2114
2026-10-17,45.50,Transporte,Fila 2115
2026-10-18,46.50,Transporte,Fila 2116
2026-10-19,47.50,Transporte,Fila 2117
2026-10-20,48.50,Transporte,Fila 2118
2026-10-21,49.50,Transporte,Fila 2119
2026-10-22,50.50,Transporte,Fila 2120
2026-10-23,51.50,Transporte,Fila 2121
2026-10-24,52.50,Transporte,Fila 2122
2026-10-25,53.50,Transporte,Fila 2123
2026-10-26,54.50,Transporte,Fila 2124
2026-10-27,55.50,Transporte,Fila 2125
2026-10-28,56.50,Transporte,Fila 2126
2026-10-29,57.50,Transporte,Fila 2127
2026-10-30,58.50,Transporte,Fila 2128
2026-10-31,59.50,Transporte,Fila 2129
2026-11-01,60.50,Transporte,Fila 2130
2026-11-02,61.50,Transporte,Fila 2131
2026-11-03,62.50,Transporte,Fila 2132
2026-11-04,63.50,Transporte,Fila 2133
2026-11-05,64.50,Transporte,Fila 2134
2026-11-06,65.50,Transporte,Fila 2135
2026-11-07,66.50,Transporte,Fila 2136
2026-11-08,67.50,Transporte,Fila 2137
2026-11-09,68.50,Transporte,Fila 2138
2026-11-10,69.50,Transporte,Fila 2139
2026-11-11,70.50,Transporte,Fila 2140
2026-11-12,71.50,Transporte,Fila 2141
2026-11-13,72.50,Transporte,Fila 2142
2026-11-14,73.50,Transporte,Fila 2143
2026-11-15,74.50,Transporte,Fila 2144
2026-11-16,75.50,Transporte,Fila 2145
2026-11-17,76.50,Transporte,Fila 2146
2026-11-18,77.50,Transporte,Fila 2147
2026-11-19,78.50,Transporte,Fila 2148
2026-11-20,79.50,Transporte,Fila 2149
2026-11-21,80.50,Transporte,Fila 2150
2026-11-22,81.50,Transporte,Fila 2151
2026-11-23,82.50,Transporte,Fila 2152
2026-11-24,83.50,Transporte,Fila 2153
2026-11-25,84.50,Transporte,Fila 2154
2026-11-26,85.50,Transporte,Fila 2155
2026-11-27,86.50,Transporte,Fila 2156
2026-11-28,87.50,Transporte,Fila 2157
2026-11-29,88.50,Transporte,Fila 2158
2026-11-30,89.50,Transporte,Fila 2159
2026-12-01,90.50,Transporte,Fila 2160
2026-12-02,1.50,Transporte,Fila 2161
2026-12-03,2.50,Transporte,Fila 2162
2026-12-04,3.50,Transporte,Fila 2163
2026-12-05,4.50,Transporte,Fila 2164
2026-12-06,5.50,Transporte,Fila 2165
2026-12-07,6.50,Transporte,Fila 2166
2026-12-08,7.50,Transporte,Fila 2167
2026-12-09,8.50,Transporte,Fila 2168
2026-12-10,9.50,Transporte,Fila 2169
2026-12-11,10.50,Transporte,Fila 2170
2026-12-12,11.50,Transporte,Fila 2171
2026-12-13,12.50,Transporte,Fila 2172
2026-12-14,13.50,Transporte,Fila 2173
2026-12-15,14.50,Transporte,Fila 2174
2026-12-16,15.50,Transporte,Fila 2175
2026-12-17,16.50,Transporte,Fila 2176
2026-12-18,17.50,Transporte,Fila 2177
2026-12-19,18.50,Transporte,Fila 2178
2026-12-20,19.50,Transporte,Fila 2179
2026-12-21,20.50,Transporte,Fila 2180
2026-12-22,21.50,Transporte,Fila 2181
2026-12-23,22.50,Transporte,Fila 2182
2026-12-24,23.50,Transporte,Fila 2183
2026-12-25,24.50,Transporte,Fila 2184
2026-12-26,25.50,Transporte,Fila 2185
2026-12-27,26.50,Transporte,Fila 2186
2026-12-28,27.50,Transporte,Fila 2187
2026-12-29,28.50,Transporte,Fila 2188
2026-12-30,29.50,Transporte,Fila 2189
2026-12-31,30.50,Transporte,Fila 2190
2026-01-01,31.50,Transporte,Fila 2191
2026-01-02,32.50,Transporte,Fila 2192
2026-01-03,33.50,Transporte,Fila 2193
2026-01-04,34.50,Transporte,Fila 2194
2026-01-05,35.50,Transporte,Fila 2195
2026-01-06,36.50,Transporte,Fila 2196
2026-01-07,37.50,Transporte,Fila 2197
2026-01-08,38.50,Transporte,Fila 2198
2026-01-09,39.50,Transporte,Fila 2199
2026-01-10,40.50,Transporte,Fila 2200
2026-01-11,41.50,Transporte,Fila 2201
2026-01-12,42.50,Transporte,Fila 2202
2026-01-13,43.50,Transporte,Fila 2203
2026-01-14,44.50,Transporte,Fila 2204
2026-01-15,45.50,Transporte,Fila 2205
2026-01-16,46.50,Transporte,Fila 2206
2026-01-17,47.50,Transporte,Fila 2207
2026-01-18,48.50,Transporte,Fila 2208
2026-01-19,49.50,Transporte,Fila 2209
2026-01-20,50.50,Transporte,Fila 2210
2026-01-21,51.50,Transporte,Fila 2211
2026-01-22,52.50,Transporte,Fila 2212
2026-01-23,53.50,Transporte,Fila 2213
2026-01-24,54.50,Transporte,Fila 2214
2026-01-25,55.50,Transporte,Fila 2215
2026-01-26,56.50,Transporte,Fila 2216
2026-01-27,57.50,Transporte,Fila 2217
2026-01-28,58.50,Transporte,Fila 2218
2026-01-29,59.50,Transporte,Fila 2219
2026-01-30,60.50,Transporte,Fila 2220
2026-01-31,61.50,Transporte,Fila 2221
2026-02-01,62.50,Transporte,Fila 2222
2026-02-02,63.50,Transporte,Fila 2223
2026-02-03,64.50,Transporte,Fila 2224
2026-02-04,65.50,Transporte,Fila 2225
2026-02-05,66.50,Transporte,Fila 2226
2026-02-06,67.50,Transporte,Fila 2227
2026-02-07,68.50,Transporte,Fila 2228
2026-02-08,69.50,Transporte,Fila 2229
2026-02-09,70.50,Transporte,Fila 2230
2026-02-10,71.50,Transporte,Fila 2231
2026-02-11,72.50,Transporte,Fila 2232
2026-02-12,73.50,Transporte,Fila 2233
2026-02-13,74.50,Transporte,Fila 2234
2026-02-14,75.50,Transporte,Fila 2235
2026-02-15,76.50,Transporte,Fila 2236
2026-02-16,77.50,Transporte,Fila 2237
2026-02-17,78.50,Transporte,Fila 2238
2026-02-18,79.50,Transporte,Fila 2239
2026-02-19,80.50,Transporte,Fila 2240
2026-02-20,81.50,Transporte,Fila 2241
2026-02-21,82.50,Transporte,Fila 2242
2026-02-22,83.50,Transporte,Fila 2243
2026-02-23,84.50,Transporte,Fila 2244
2026-02-24,85.50,Transporte,Fila 2245
2026-02-25,86.50,Transporte,Fila 2246
2026-02-26,87.50,Transporte,Fila 2247
2026-02-27,88.50,Transporte,Fila 2248
2026-02-28,89.50,Transporte,Fila 2249
2026-03-01,90.50,Transporte,Fila 2250
2026-03-02,1.50,Transporte,Fila 2251
2026-03-03,2.50,Transporte,Fila 2252
2026-03-04,3.50,Transporte,Fila 2253
2026-03-05,4.50,Transporte,Fila 2254
2026-03-06,5.50,Transporte,Fila 2255
2026-03-07,6.50,Transporte,Fila 2256
2026-03-08,7.50,Transporte,Fila 2257
2026-03-09,8.50,Transporte,Fila 2258
2026-03-10,9.50,Transporte,Fila 2259
2026-03-11,10.50,Transporte,Fila 2260
2026-03-12,11.50,Transporte,Fila 2261
2026-03-13,12.50,Transporte,Fila 2262
2026-03-14,13.50,Transporte,Fila 2263
2026-03-15,14.50,Transporte,Fila 2264
2026-03-16,15.50,Transporte,Fila 2265
2026-03-17,16.50,Transporte,Fila 2266
2026-03-18,17.50,Transporte,Fila 2267
2026-03-19,18.50,Transporte,Fila 2268
2026-03-20,19.50,Transporte,Fila 2269
2026-03-21,20.50,Transporte,Fila 2270
2026-03-22,21.50,Transporte,Fila 2271
2026-03-23,22.50,Transporte,Fila 2272
2026-03-24,23.50,Transporte,Fila 2273
2026-03-25,24.50,Transporte,Fila 2274
2026-03-26,25.50,Transporte,Fila 2275
2026-03-27,26.50,Transporte,Fila 2276
2026-03-28,27.50,Transporte,Fila 2277
2026-03-29,28.50,Transporte,Fila 2278
2026-03-30,29.50,Transporte,Fila 2279
2026-03-31,30.50,Transporte,Fila 2280
2026-04-01,31.50,Transporte,Fila 2281
2026-04-02,32.50,Transporte,Fila 2282
2026-04-03,33.50,Transporte,Fila 2283
2026-04-04,34.50,Transporte,Fila 2284
2026-04-05,35.50,Transporte,Fila 2285
2026-04-06,36.50,Transporte,Fila 2286
2026-04-07,37.50,Transporte,Fila 2287
2026-04-08,38.50,Transporte,Fila 2288
2026-04-09,39.50,Transporte,Fila 2289
2026-04-10,40.50,Transporte,Fila 2290
2026-04-11,41.50,Transporte,Fila 2291
2026-04-12,42.50,Transporte,Fila 2292
2026-04-13,43.50,Transporte,Fila 2293
2026-04-14,44.50,Transporte,Fila 2294
2026-04-15,45.50,Transporte,Fila 2295
2026-04-16,46.50,Transporte,Fila 2296
2026-04-17,47.50,Transporte,Fila 2297
2026-04-18,48.50,Transporte,Fila 2298
2026-04-19,49.50,Transporte,Fila 2299
2026-04-20,50.50,Transporte,Fila 2300
2026-04-21,51.50,Transporte,Fila 2301
2026-04-22,52.50,Transporte,Fila 2302
2026-04-23,53.50,Transporte,Fila 2303
2026-04-24,54.50,Transporte,Fila 2304
2026-04-25,55.50,Transporte,Fila 2305
2026-04-26,56.50,Transporte,Fila 2306
2026-04-27,57.50,Transporte,Fila 2307
2026-04-28,58.50,Transporte,Fila 2308
2026-04-29,59.50,Transporte,Fila 2309
2026-04-30,60.50,Transporte,Fila 2310
2026-05-01,61.50,Transporte,Fila 2311
2026-05-02,62.50,Transporte,Fila 2312
2026-05-03,63.50,Transporte,Fila 2313
2026-05-04,64.50,Transporte,Fila 2314
2026-05-05,65.50,Transporte,Fila 2315
2026-05-06,66.50,Transporte,Fila 2316
2026-05-07,67.50,Transporte,Fila 2317
2026-05-08,68.50,Transporte,Fila 2318
2026-05-09,69.50,Transporte,Fila 2319
2026-05-10,70.50,Transporte,Fila 2320
2026-05-11,71.50,Transporte,Fila 2321
2026-05-12,72.50,Transporte,Fila 2322
2026-05-13,73.50,Transporte,Fila 2323
2026-05-14,74.50,Transporte,Fila 2324
2026-05-15,75.50,Transporte,Fila 2325
2026-05-16,76.50,Transporte,Fila 2326
2026-05-17,77.50,Transporte,Fila 2327
2026-05-18,78.50,Transporte,Fila 2328
2026-05-19,79.50,Transporte,Fila 2329
2026-05-20,80.50,Transporte,Fila 2330
2026-05-21,81.50,Transporte,Fila 2331
2026-05-22,82.50,Transporte,Fila 2332
2026-05-23,83.50,Transporte,Fila 2333
2026-05-24,84.50,Transporte,Fila 2334
2026-05-25,85.50,Transporte,Fila 2335
2026-05-26,86.50,Transporte,Fila 2336
2026-05-27,87.50,Transporte,Fila 2337
2026-05-28,88.50,Transporte,Fila 2338
2026-05-29,89.50,Transporte,Fila 2339
2026-05-30,90.50,Transporte,Fila 2340
2026-05-31,1.50,Transporte,Fila 2341
2026-06-01,2.50,Transporte,Fila 2342
2026-06-02,3.50,Transporte,Fila 2343
2026-06-03,4.50,Transporte,Fila 2344
2026-06-04,5.50,Transporte,Fila 2345
2026-06-05,6.50,Transporte,Fila 2346
2026-06-06,7.50,Transporte,Fila 2347
2026-06-07,8.50,Transporte,Fila 2348
2026-06-08,9.50,Transporte,Fila 2349
2026-06-09,10.50,Transporte,Fila 2350
2026-06-10,11.50,Transporte,Fila 2351
2026-06-11,12.50,Transporte,Fila 2352
2026-06-12,13.50,Transporte,Fila 2353
2026-06-13,14.50,Transporte,Fila 2354
2026-06-14,15.50,Transporte,Fila 2355
2026-06-15,16.50,Transporte,Fila 2356
2026-06-16,17.50,Transporte,Fila 2357
2026-06-17,18.50,Transporte,Fila 2358
2026-06-18,19.50,Transporte,Fila 2359
2026-06-19,20.50,Transporte,Fila 2360
2026-06-20,21.50,Transporte,Fila 2361
2026-06-21,22.50,Transporte,Fila 2362
2026-06-22,23.50,Transporte,Fila 2363
2026-06-23,24.50,Transporte,Fila 2364
2026-06-24,25.50,Transporte,Fila 2365
2026-06-25,26.50,Transporte,Fila 2366
2026-06-26,27.50,Transporte,Fila 2367
2026-06-27,28.50,Transporte,Fila 2368
2026-06-28,29.50,Transporte,Fila 2369
2026-06-29,30.50,Transporte,Fila 2370
2026-06-30,31.50,Transporte,Fila 2371
2026-07-01,32.50,Transporte,Fila 2372
2026-07-02,33.50,Transporte,Fila 2373
2026-07-03,34.50,Transporte,Fila 2374
2026-07-04,35.50,Transporte,Fila 2375
2026-07-05,36.50,Transporte,Fila 2376
2026-07-06,37.50,Transporte,Fila 2377
2026-07-07,38.50,Transporte,Fila 2378
2026-07-08,39.50,Transporte,Fila 2379
2026-07-09,40.50,Transporte,Fila 2380
2026-07-10,41.50,Transporte,Fila 2381
2026-07-11,42.50,Transporte,Fila 2382
2026-07-12,43.50,Transporte,Fila 2383
2026-07-13,44.50,Transporte,Fila 2384
2026-07-14,45.50,Transporte,Fila 2385
2026-07-15,46.50,Transporte,Fila 2386
2026-07-16,47.50,Transporte,Fila 2387
2026-07-17,48.50,Transporte,Fila 2388
2026-07-18,49.50,Transporte,Fila 2389
2026-07-19,50.50,Transporte,Fila 2390
2026-07-20,51.50,Transporte,Fila 2391
2026-07-21,52.50,Transporte,Fila 2392
2026-07-22,53.50,Transporte,Fila 2393
2026-07-23,54.50,Transporte,Fila 2394
2026-07-24,55.50,Transporte,Fila 2395
2026-07-25,56.50,Transporte,Fila 2396
2026-07-26,57.50,Transporte,Fila 2397
2026-07-27,58.50,Transporte,Fila 2398
2026-07-28,59.50,Transporte,Fila 2399
2026-07-29,60.50,Transporte,Fila 2400
2026-07-30,61.50,Transporte,Fila 2401
2026-07-31,62.50,Transporte,Fila 2402
2026-08-01,63.50,Transporte,Fila 2403
2026-08-02,64.50,Transporte,Fila 2404
2026-08-03,65.50,Transporte,Fila 2405
2026-08-04,66.50,Transporte,Fila 2406
2026-08-05,67.50,Transporte,Fila 2407
2026-08-06,68.50,Transporte,Fila 2408
2026-08-07,69.50,Transporte,Fila 2409
2026-08-08,70.50,Transporte,Fila 2410
2026-08-09,71.50,Transporte,Fila 2411
2026-08-10,72.50,Transporte,Fila 2412
2026-08-11,73.50,Transporte,Fila 2413
2026-08-12,74.50,Transporte,Fila 2414
2026-08-13,75.50,Transporte,Fila 2415
2026-08-14,76.50,Transporte,Fila 2416
2026-08-15,77.50,Transporte,Fila 2417
2026-08-16,78.50,Transporte,Fila 2418
2026-08-17,79.50,Transporte,Fila 2419
2026-08-18,80.50,Transporte,Fila 2420
2026-08-19,81.50,Transporte,Fila 2421
2026-08-20,82.50,Transporte,Fila 2422
2026-08-21,83.50,Transporte,Fila 2423
2026-08-22,84.50,Transporte,Fila 2424
2026-08-23,85.50,Transporte,Fila 2425
2026-08-24,86.50,Transporte,Fila 2426
2026-08-25,87.50,Transporte,Fila 2427
2026-08-26,88.50,Transporte,Fila 2428
2026-08-27,89.50,Transporte,Fila 2429
2026-08-28,90.50,Transporte,Fila 2430
2026-08-29,1.50,Transporte,Fila 2431
2026-08-30,2.50,Transporte,Fila 2432
2026-08-31,3.50,Transporte,Fila 2433
2026-09-01,4.50,Transporte,Fila 2434
2026-09-02,5.50,Transporte,Fila 2435
2026-09-03,6.50,Transporte,Fila 2436
2026-09-04,7.50,Transporte,Fila 2437
2026-09-05,8.50,Transporte,Fila 2438
2026-09-06,9.50,Transporte,Fila 2439
2026-09-07,10.50,Transporte,Fila 2440
2026-09-08,11.50,Transporte,Fila 2441
2026-09-09,12.50,Transporte,Fila 2442
2026-09-10,13.50,Transporte,Fila 2443
2026-09-11,14.50,Transporte,Fila 2444
2026-09-12,15.50,Transporte,Fila 2445
2026-09-13,16.50,Transporte,Fila 2446
2026-09-14,17.50,Transporte,Fila 2447
2026-09-15,18.50,Transporte,Fila 2448
2026-09-16,19.50,Transporte,Fila 2449
2026-09-17,20.50,Transporte,Fila 2450
2026-09-18,21.50,Transporte,Fila 2451
2026-09-19,22.50,Transporte,Fila 2452
2026-09-20,23.50,Transporte,Fila 2453
2026-09-21,24.50,Transporte,Fila 2454
2026-09-22,25.50,Transporte,Fila 2455
2026-09-23,26.50,Transporte,Fila 2456
2026-09-24,27.50,Transporte,Fila 2457
2026-09-25,28.50,Transporte,Fila 2458
2026-09-26,29.50,Transporte,Fila 2459
2026-09-27,30.50,Transporte,Fila 2460
2026-09-28,31.50,Transporte,Fila 2461
2026-09-29,32.50,Transporte,Fila 2462
2026-09-30,33.50,Transporte,Fila 2463
2026-10-01,34.50,Transporte,Fila 2464
2026-10-02,35.50,Transporte,Fila 2465
2026-10-03,36.50,Transporte,Fila 2466
2026-10-04,37.50,Transporte,Fila 2467
2026-10-05,38.50,Transporte,Fila 2468
2026-10-06,39.50,Transporte,Fila 2469
2026-10-07,40.50,Transporte,Fila 2470
2026-10-08,41.50,Transporte,Fila 2471
2026-10-09,42.50,Transporte,Fila 2472
2026-10-10,43.50,Transporte,Fila 2473
2026-10-11,44.50,Transporte,Fila 2474
2026-10-12,45.50,Transporte,Fila 2475
2026-10-13,46.50,Transporte,Fila 2476
2026-10-14,47.50,Transporte,Fila 2477
2026-10-15,48.50,Transporte,Fila 2478
2026-10-16,49.50,Transporte,Fila 2479
2026-10-17,50.50,Transporte,Fila 2480
2026-10-18,51.50,Transporte,Fila 2481
2026-10-19,52.50,Transporte,Fila 2482
2026-10-20,53.50,Transporte,Fila 2483
2026-10-21,54.50,Transporte,Fila 2484
2026-10-22,55.50,Transporte,Fila 2485
2026-10-23,56.50,Transporte,Fila 2486
2026-10-24,57.50,Transporte,Fila 2487
2026-10-25,58.50,Transporte,Fila 2488
2026-10-26,59.50,Transporte,Fila 2489
2026-10-27,60.50,Transporte,Fila 2490
2026-10-28,61.50,Transporte,Fila 2491
2026-10-29,62.50,Transporte,Fila 2492
2026-10-30,63.50,Transporte,Fila 2493
2026-10-31,64.50,Transporte,Fila 2494
2026-11-01,65.50,Transporte,Fila 2495
2026-11-02,66.50,Transporte,Fila 2496
2026-11-03,67.50,Transporte,Fila 2497
2026-11-04,68.50,Transporte,Fila 2498
2026-11-05,69.50,Transporte,Fila 2499
2026-11-06,70.50,Transporte,Fila 2500
2026-11-07,71.50,Transporte,Fila 2501
2026-11-08,72.50,Transporte,Fila 2502
2026-11-09,73.50,Transporte,Fila 2503
2026-11-10,74.50,Transporte,Fila 2504
2026-11-11,75.50,Transporte,Fila 2505
2026-11-12,76.50,Transporte,Fila 2506
2026-11-13,77.50,Transporte,Fila 2507
2026-11-14,78.50,Transporte,Fila 2508
2026-11-15,79.50,Transporte,Fila 2509
2026-11-16,80.50,Transporte,Fila 2510
2026-11-17,81.50,Transporte,Fila 2511
2026-11-18,82.50,Transporte,Fila 2512
2026-11-19,83.50,Transporte,Fila 2513
2026-11-20,84.50,Transporte,Fila 2514
2026-11-21,85.50,Transporte,Fila 2515
2026-11-22,86.50,Transporte,Fila 2516
2026-11-23,87.50,Transporte,Fila 2517
2026-11-24,88.50,Transporte,Fila 2518
2026-11-25,89.50,Transporte,Fila 2519
2026-11-26,90.50,Transporte,Fila 2520
2026-11-27,1.50,Transporte,Fila 2521
2026-11-28,2.50,Transporte,Fila 2522
2026-11-29,3.50,Transporte,Fila 2523
2026-11-30,4.50,Transporte,Fila 2524
2026-12-01,5.50,Transporte,Fila 2525
2026-12-02,6.50,Transporte,Fila 2526
2026-12-03,7.50,Transporte,Fila 2527
2026-12-04,8.50,Transporte,Fila 2528
2026-12-05,9.50,Transporte,Fila 2529
2026-12-06,10.50,Transporte,Fila 2530
2026-12-07,11.50,Transporte,Fila 2531
2026-12-08,12.50,Transporte,Fila 2532
2026-12-09,13.50,Transporte,Fila 2533
2026-12-10,14.50,Transporte,Fila 2534
2026-12-11,15.50,Transporte,Fila 2535
2026-12-12,16.50,Transporte,Fila 2536
2026-12-13,17.50,Transporte,Fila 2537
2026-12-14,18.50,Transporte,Fila 2538
2026-12-15,19.50,Transporte,Fila 2539
2026-12-16,20.50,Transporte,Fila 2540
2026-12-17,21.50,Transporte,Fila 2541
2026-12-18,22.50,Transporte,Fila 2542
2026-12-19,23.50,Transporte,Fila 2543
2026-12-20,24.50,Transporte,Fila 2544
2026-12-21,25.50,Transporte,Fila 2545
2026-12-22,26.50,Transporte,Fila 2546
2026-12-23,27.50,Transporte,Fila 2547
2026-12-24,28.50,Transporte,Fila 2548
2026-12-25,29.50,Transporte,Fila 2549
2026-12-26,30.50,Transporte,Fila 2550
2026-12-27,31.50,Transporte,Fila 2551
2026-12-28,32.50,Transporte,Fila 2552
2026-12-29,33.50,Transporte,Fila 2553
2026-12-30,34.50,Transporte,Fila 2554
2026-12-31,35.50,Transporte,Fila 2555
2026-01-01,36.50,Transporte,Fila 2556
2026-01-02,37.50,Transporte,Fila 2557
2026-01-03,38.50,Transporte,Fila 2558
2026-01-04,39.50,Transporte,Fila 2559
2026-01-05,40.50,Transporte,Fila 2560
2026-01-06,41.50,Transporte,Fila 2561
2026-01-07,42.50,Transporte,Fila 2562
2026-01-08,43.50,Transporte,Fila 2563
2026-01-09,44.50,Transporte,Fila 2564
2026-01-10,45.50,Transporte,Fila 2565
2026-01-11,46.50,Transporte,Fila 2566
2026-01-12,47.50,Transporte,Fila 2567
2026-01-13,48.50,Transporte,Fila 2568
2026-01-14,49.50,Transporte,Fila 2569
2026-01-15,50.50,Transporte,Fila 2570
2026-01-16,51.50,Transporte,Fila 2571
2026-01-17,52.50,Transporte,Fila 2572
2026-01-18,53.50,Transporte,Fila 2573
2026-01-19,54.50,Transporte,Fila 2574
2026-01-20,55.50,Transporte,Fila 2575
2026-01-21,56.50,Transporte,Fila 2576
2026-01-22,57.50,Transporte,Fila 2577
2026-01-23,58.50,Transporte,Fila 2578
2026-01-24,59.50,Transporte,Fila 2579
2026-01-25,60.50,Transporte,Fila 2580
2026-01-26,61.50,Transporte,Fila 2581
2026-01-27,62.50,Transporte,Fila 2582
2026-01-28,63.50,Transporte,Fila 2583
2026-01-29,64.50,Transporte,Fila 2584
2026-01-30,65.50,Transporte,Fila 2585
2026-01-31,66.50,Transporte,Fila 2586
2026-02-01,67.50,Transporte,Fila 2587
2026-02-02,68.50,Transporte,Fila 2588
2026-02-03,69.50,Transporte,Fila 2589
2026-02-04,70.50,Transporte,Fila 2590
2026-02-05,71.50,Transporte,Fila 2591
2026-02-06,72.50,Transporte,Fila 2592
2026-02-07,73.50,Transporte,Fila 2593
2026-02-08,74.50,Transporte,Fila 2594
2026-02-09,75.50,Transporte,Fila 2595
2026-02-10,76.50,Transporte,Fila 2596
2026-02-11,77.50,Transporte,Fila 2597
2026-02-12,78.50,Transporte,Fila 2598
2026-02-13,79.50,Transporte,Fila 2599
2026-02-14,80.50,Transporte,Fila 2600
2026-02-15,81.50,Transporte,Fila 2601
2026-02-16,82.50,Transporte,Fila 2602
2026-02-17,83.50,Transporte,Fila 2603
2026-02-18,84.50,Transporte,Fila 2604
2026-02-19,85.50,Transporte,Fila 2605
2026-02-20,86.50,Transporte,Fila 2606
2026-02-21,87.50,Transporte,Fila 2607
2026-02-22,88.50,Transporte,Fila 2608
2026-02-23,89.50,Transporte,Fila 2609
2026-02-24,90.50,Transporte,Fila 2610
2026-02-25,1.50,Transporte,Fila 2611
2026-02-26,2.50,Transporte,Fila 2612
2026-02-27,3.50,Transporte,Fila 2613
2026-02-28,4.50,Transporte,Fila 2614
2026-03-01,5.50,Transporte,Fila 2615
2026-03-02,6.50,Transporte,Fila 2616
2026-03-03,7.50,Transporte,Fila 2617
2026-03-04,8.50,Transporte,Fila 2618
2026-03-05,9.50,Transporte,Fila 2619
2026-03-06,10.50,Transporte,Fila 2620
2026-03-07,11.50,Transporte,Fila 2621
2026-03-08,12.50,Transporte,Fila 2622
2026-03-09,13.50,Transporte,Fila 2623
2026-03-10,14.50,Transporte,Fila 2624
2026-03-11,15.50,Transporte,Fila 2625
2026-03-12,16.50,Transporte,Fila 2626
2026-03-13,17.50,Transporte,Fila 2627
2026-03-14,18.50,Transporte,Fila 2628
2026-03-15,19.50,Transporte,Fila 2629
2026-03-16,20.50,Transporte,Fila 2630
2026-03-17,21.50,Transporte,Fila 2631
2026-03-18,22.50,Transporte,Fila 2632
2026-03-19,23.50,Transporte,Fila 2633
2026-03-20,24.50,Transporte,Fila 2634
2026-03-21,25.50,Transporte,Fila 2635
2026-03-22,26.50,Transporte,Fila 2636
2026-03-23,27.50,Transporte,Fila 2637
2026-03-24,28.50,Transporte,Fila 2638
2026-03-25,29.50,Transporte,Fila 2639
2026-03-26,30.50,Transporte,Fila 2640
2026-03-27,31.50,Transporte,Fila 2641
2026-03-28,32.50,Transporte,Fila 2642
2026-03-29,33.50,Transporte,Fila 2643
2026-03-30,34.50,Transporte,Fila 2644
2026-03-31,35.50,Transporte,Fila 2645
2026-04-01,36.50,Transporte,Fila 2646
2026-04-02,37.50,Transporte,Fila 2647
2026-04-03,38.50,Transporte,Fila 2648
2026-04-04,39.50,Transporte,Fila 2649
2026-04-05,40.50,Transporte,Fila 2650
2026-04-06,41.50,Transporte,Fila 2651
2026-04-07,42.50,Transporte,Fila 2652
2026-04-08,43.50,Transporte,Fila 2653
2026-04-09,44.50,Transporte,Fila 2654
2026-04-10,45.50,Transporte,Fila 2655
2026-04-11,46.50,Transporte,Fila 2656
2026-04-12,47.50,Transporte,Fila 2657
2026-04-13,48.50,Transporte,Fila 2658
2026-04-14,49.50,Transporte,Fila 2659
2026-04-15,50.50,Transporte,Fila 2660
2026-04-16,51.50,Transporte,Fila 2661
2026-04-17,52.50,Transporte,Fila 2662
2026-04-18,53.50,Transporte,Fila 2663
2026-04-19,54.50,Transporte,Fila 2664
2026-04-20,55.50,Transporte,Fila 2665
2026-04-21,56.50,Transporte,Fila 2666
2026-04-22,57.50,Transporte,Fila 2667
2026-04-23,58.50,Transporte,Fila 2668
2026-04-24,59.50,Transporte,Fila 2669
2026-04-25,60.50,Transporte,Fila 2670
2026-04-26,61.50,Transporte,Fila 2671
2026-04-27,62.50,Transporte,Fila 2672
2026-04-28,63.50,Transporte,Fila 2673
2026-04-29,64.50,Transporte,Fila 2674
2026-04-30,65.50,Transporte,Fila 2675
2026-05-01,66.50,Transporte,Fila 2676
2026-05-02,67.50,Transporte,Fila 2677
2026-05-03,68.50,Transporte,Fila 2678
2026-05-04,69.50,Transporte,Fila 2679
2026-05-05,70.50,Transporte,Fila 2680
2026-05-06,71.50,Transporte,Fila 2681
2026-05-07,72.50,Transporte,Fila 2682
2026-05-08,73.50,Transporte,Fila 2683
2026-05-09,74.50,Transporte,Fila 2684
2026-05-10,75.50,Transporte,Fila 2685
2026-05-11,76.50,Transporte,Fila 2686
2026-05-12,77.50,Transporte,Fila 2687
2026-05-13,78.50,Transporte,Fila 2688
2026-05-14,79.50,Transporte,Fila 2689
2026-05-15,80.50,Transporte,Fila 2690
2026-05-16,81.50,Transporte,Fila 2691
2026-05-17,82.50,Transporte,Fila 2692
2026-05-18,83.50,Transporte,Fila 2693
2026-05-19,84.50,Transporte,Fila 2694
2026-05-20,85.50,Transporte,Fila 2695
2026-05-21,86.50,Transporte,Fila 2696
2026-05-22,87.50,Transporte,Fila 2697
2026-05-23,88.50,Transporte,Fila 2698
2026-05-24,89.50,Transporte,Fila 2699
2026-05-25,90.50,Transporte,Fila 2700
2026-05-26,1.50,Transporte,Fila 2701
2026-05-27,2.50,Transporte,Fila 2702
2026-05-28,3.50,Transporte,Fila 2703
2026-05-29,4.50,Transporte,Fila 2704
2026-05-30,5.50,Transporte,Fila 2705
2026-05-31,6.50,Transporte,Fila 2706
2026-06-01,7.50,Transporte,Fila 2707
2026-06-02,8.50,Transporte,Fila 2708
2026-06-03,9.50,Transporte,Fila 2709
2026-06-04,10.50,Transporte,Fila 2710
2026-06-05,11.50,Transporte,Fila 2711
2026-06-06,12.50,Transporte,Fila 2712
2026-06-07,13.50,Transporte,Fila 2713
2026-06-08,14.50,Transporte,Fila 2714
2026-06-09,15.50,Transporte,Fila 2715
2026-06-10,16.50,Transporte,Fila 2716
2026-06-11,17.50,Transporte,Fila 2717
2026-06-12,18.50,Transporte,Fila 2718
2026-06-13,19.50,Transporte,Fila 2719
2026-06-14,20.50,Transporte,Fila 2720
2026-06-15,21.50,Transporte,Fila 2721
2026-06-16,22.50,Transporte,Fila 2722
2026-06-17,23.50,Transporte,Fila 2723
2026-06-18,24.50,Transporte,Fila 2724
2026-06-19,25.50,Transporte,Fila 2725
2026-06-20,26.50,Transporte,Fila 2726
2026-06-21,27.50,Transporte,Fila 2727
2026-06-22,28.50,Transporte,Fila 2728
2026-06-23,29.50,Transporte,Fila 2729
2026-06-24,30.50,Transporte,Fila 2730
2026-06-25,31.50,Transporte,Fila 2731
2026-06-26,32.50,Transporte,Fila 2732
2026-06-27,33.50,Transporte,Fila 2733
2026-06-28,34.50,Transporte,Fila 2734
2026-06-29,35.50,Transporte,Fila 2735
2026-06-30,36.50,Transporte,Fila 2736
2026-07-01,37.50,Transporte,Fila 2737
2026-07-02,38.50,Transporte,Fila 2738
2026-07-03,39.50,Transporte,Fila 2739
2026-07-04,40.50,Transporte,Fila 2740
2026-07-05,41.50,Transporte,Fila 2741
2026-07-06,42.50,Transporte,Fila 2742
2026-07-07,43.50,Transporte,Fila 2743
2026-07-08,44.50,Transporte,Fila 2744
2026-07-09,45.50,Transporte,Fila 2745
2026-07-10,46.50,Transporte,Fila 2746
2026-07-11,47.50,Transporte,Fila 2747
2026-07-12,48.50,Transporte,Fila 2748
2026-07-13,49.50,Transporte,Fila 2749
2026-07-14,50.50,Transporte,Fila 2750
2026-07-15,51.50,Transporte,Fila 2751
2026-07-16,52.50,Transporte,Fila 2752
2026-07-17,53.50,Transporte,Fila 2753
2026-07-18,54.50,Transporte,Fila 2754
2026-07-19,55.50,Transporte,Fila 2755
2026-07-20,56.50,Transporte,Fila 2756
2026-07-21,57.50,Transporte,Fila 2757
2026-07-22,58.50,Transporte,Fila 2758
2026-07-23,59.50,Transporte,Fila 2759
2026-07-24,60.50,Transporte,Fila 2760
2026-07-25,61.50,Transporte,Fila 2761
2026-07-26,62.50,Transporte,Fila 2762
2026-07-27,63.50,Transporte,Fila 2763
2026-07-28,64.50,Transporte,Fila 2764
2026-07-29,65.50,Transporte,Fila 2765
2026-07-30,66.50,Transporte,Fila 2766
2026-07-31,67.50,Transporte,Fila 2767
2026-08-01,68.50,Transporte,Fila 2768
2026-08-02,69.50,Transporte,Fila 2769
2026-08-03,70.50,Transporte,Fila 2770
2026-08-04,71.50,Transporte,Fila 2771
2026-08-05,72.50,Transporte,Fila 2772
2026-08-06,73.50,Transporte,Fila 2773
2026-08-07,74.50,Transporte,Fila 2774
2026-08-08,75.50,Transporte,Fila 2775
2026-08-09,76.50,Transporte,Fila 2776
2026-08-10,77.50,Transporte,Fila 2777
2026-08-11,78.50,Transporte,Fila 2778
2026-08-12,79.50,Transporte,Fila 2779
2026-08-13,80.50,Transporte,Fila 2780
2026-08-14,81.50,Transporte,Fila 2781
2026-08-15,82.50,Transporte,Fila 2782
2026-08-16,83.50,Transporte,Fila 2783
2026-08-17,84.50,Transporte,Fila 2784
2026-08-18,85.50,Transporte,Fila 2785
2026-08-19,86.50,Transporte,Fila 2786
2026-08-20,87.50,Transporte,Fila 2787
2026-08-21,88.50,Transporte,Fila 2788
2026-08-22,89.50,Transporte,Fila 2789
2026-08-23,90.50,Transporte,Fila 2790
2026-08-24,1.50,Transporte,Fila 2791
2026-08-25,2.50,Transporte,Fila 2792
2026-08-26,3.50,Transporte,Fila 2793
2026-08-27,4.50,Transporte,Fila 2794
2026-08-28,5.50,Transporte,Fila 2795
2026-08-29,6.50,Transporte,Fila 2796
2026-08-30,7.50,Transporte,Fila 2797
2026-08-31,8.50,Transporte,Fila 2798
2026-09-01,9.50,Transporte,Fila 2799
2026-09-02,10.50,Transporte,Fila 2800
2026-09-03,11.50,Transporte,Fila 2801
2026-09-04,12.50,Transporte,Fila 2802
2026-09-05,13.50,Transporte,Fila 2803
2026-09-06,14.50,Transporte,Fila 2804
2026-09-07,15.50,Transporte,Fila 2805
2026-09-08,16.50,Transporte,Fila 2806
2026-09-09,17.50,Transporte,Fila 2807
2026-09-10,18.50,Transporte,Fila 2808
2026-09-11,19.50,Transporte,Fila 2809
2026-09-12,20.50,Transporte,Fila 2810
2026-09-13,21.50,Transporte,Fila 2811
2026-09-14,22.50,Transporte,Fila 2812
2026-09-15,23.50,Transporte,Fila 2813
2026-09-16,24.50,Transporte,Fila 2814
2026-09-17,25.50,Transporte,Fila 2815
2026-09-18,26.50,Transporte,Fila 2816
2026-09-19,27.50,Transporte,Fila 2817
2026-09-20,28.50,Transporte,Fila 2818
2026-09-21,29.50,Transporte,Fila 2819
2026-09-22,30.50,Transporte,Fila 2820
2026-09-23,31.50,Transporte,Fila 2821
2026-09-24,32.50,Transporte,Fila 2822
2026-09-25,33.50,Transporte,Fila 2823
2026-09-26,34.50,Transporte,Fila 2824
2026-09-27,35.50,Transporte,Fila 2825
2026-09-28,36.50,Transporte,Fila 2826
2026-09-29,37.50,Transporte,Fila 2827
2026-09-30,38.50,Transporte,Fila 2828
2026-10-01,39.50,Transporte,Fila 2829
2026-10-02,40.50,Transporte,Fila 2830
2026-10-03,41.50,Transporte,Fila 2831
2026-10-04,42.50,Transporte,Fila 2832
2026-10-05,43.50,Transporte,Fila 2833
2026-10-06,44.50,Transporte,Fila 2834
2026-10-07,45.50,Transporte,Fila 2835
2026-10-08,46.50,Transporte,Fila 2836
2026-10-09,47.50,Transporte,Fila 2837
2026-10-10,48.50,Transporte,Fila 2838
2026-10-11,49.50,Transporte,Fila 2839
2026-10-12,50.50,Transporte,Fila 2840
2026-10-13,51.50,Transporte,Fila 2841
2026-10-14,52.50,Transporte,Fila 2842
2026-10-15,53.50,Transporte,Fila 2843
2026-10-16,54.50,Transporte,Fila 2844
2026-10-17,55.50,Transporte,Fila 2845
2026-10-18,56.50,Transporte,Fila 2846
2026-10-19,57.50,Transporte,Fila 2847
2026-10-20,58.50,Transporte,Fila 2848
2026-10-21,59.50,Transporte,Fila 2849
2026-10-22,60.50,Transporte,Fila 2850
2026-10-23,61.50,Transporte,Fila 2851
2026-10-24,62.50,Transporte,Fila 2852
2026-10-25,63.50,Transporte,Fila 2853
2026-10-26,64.50,Transporte,Fila 2854
2026-10-27,65.50,Transporte,Fila 2855
2026-10-28,66.50,Transporte,Fila 2856
2026-10-29,67.50,Transporte,Fila 2857
2026-10-30,68.50,Transporte,Fila 2858
2026-10-31,69.50,Transporte,Fila 2859
2026-11-01,70.50,Transporte,Fila 2860
2026-11-02,71.50,Transporte,Fila 2861
2026-11-03,72.50,Transporte,Fila 2862
2026-11-04,73.50,Transporte,Fila 2863
2026-11-05,74.50,Transporte,Fila 2864
2026-11-06,75.50,Transporte,Fila 2865
2026-11-07,76.50,Transporte,Fila 2866
2026-11-08,77.50,Transporte,Fila 2867
2026-11-09,78.50,Transporte,Fila 2868
2026-11-10,79.50,Transporte,Fila 2869
2026-11-11,80.50,Transporte,Fila 2870
2026-11-12,81.50,Transporte,Fila 2871
2026-11-13,82.50,Transporte,Fila 2872
2026-11-14,83.50,Transporte,Fila 2873
2026-11-15,84.50,Transporte,Fila 2874
2026-11-16,85.50,Transporte,Fila 2875
2026-11-17,86.50,Transporte,Fila 2876
2026-11-18,87.50,Transporte,Fila 2877
2026-11-19,88.50,Transporte,Fila 2878
2026-11-20,89.50,Transporte,Fila 2879
2026-11-21,90.50,Transporte,Fila 2880
2026-11-22,1.50,Transporte,Fila 2881
2026-11-23,2.50,Transporte,Fila 2882
2026-11-24,3.50,Transporte,Fila 2883
2026-11-25,4.50,Transporte,Fila 2884
2026-11-26,5.50,Transporte,Fila 2885
2026-11-27,6.50,Transporte,Fila 2886
2026-11-28,7.50,Transporte,Fila 2887
2026-11-29,8.50,Transporte,Fila 2888
2026-11-30,9.50,Transporte,Fila 2889
2026-12-01,10.50,Transporte,Fila 2890
2026-12-02,11.50,Transporte,Fila 2891
2026-12-03,12.50,Transporte,Fila 2892
2026-12-04,13.50,Transporte,Fila 2893
2026-12-05,14.50,Transporte,Fila 2894
2026-12-06,15.50,Transporte,Fila 2895
2026-12-07,16.50,Transporte,Fila 2896
2026-12-08,17.50,Transporte,Fila 2897
2026-12-09,18.50,Transporte,Fila 2898
2026-12-10,19.50,Transporte,Fila 2899
2026-12-11,20.50,Transporte,Fila 2900
2026-12-12,21.50,Transporte,Fila 2901
2026-12-13,22.50,Transporte,Fila 2902
2026-12-14,23.50,Transporte,Fila 2903
2026-12-15,24.50,Transporte,Fila 2904
2026-12-16,25.50,Transporte,Fila 2905
2026-12-17,26.50,Transporte,Fila 2906
2026-12-18,27.50,Transporte,Fila 2907
2026-12-19,28.50,Transporte,Fila 2908
2026-12-20,29.50,Transporte,Fila 2909
2026-12-21,30.50,Transporte,Fila 2910
2026-12-22,31.50,Transporte,Fila 2911
2026-12-23,32.50,Transporte,Fila 2912
2026-12-24,33.50,Transporte,Fila 2913
2026-12-25,34.50,Transporte,Fila 2914
2026-12-26,35.50,Transporte,Fila 2915
2026-12-27,36.50,Transporte,Fila 2916
2026-12-28,37.50,Transporte,Fila 2917
2026-12-29,38.50,Transporte,Fila 2918
2026-12-30,39.50,Transporte,Fila 2919
2026-12-31,40.50,Transporte,Fila 2920
2026-01-01,41.50,Transporte,Fila 2921
2026-01-02,42.50,Transporte,Fila 2922
2026-01-03,43.50,Transporte,Fila 2923
2026-01-04,44.50,Transporte,Fila 2924
2026-01-05,45.50,Transporte,Fila 2925
2026-01-06,46.50,Transporte,Fila 2926
2026-01-07,47.50,Transporte,Fila 2927
2026-01-08,48.50,Transporte,Fila 2928
2026-01-09,49.50,Transporte,Fila 2929
2026-01-10,50.50,Transporte,Fila 2930
2026-01-11,51.50,Transporte,Fila 2931
2026-01-12,52.50,Transporte,Fila 2932
2026-01-13,53.50,Transporte,Fila 2933
2026-01-14,54.50,Transporte,Fila 2934
2026-01-15,55.50,Transporte,Fila 2935
2026-01-16,56.50,Transporte,Fila 2936
2026-01-17,57.50,Transporte,Fila 2937
2026-01-18,58.50,Transporte,Fila 2938
2026-01-19,59.50,Transporte,Fila 2939
2026-01-20,60.50,Transporte,Fila 2940
2026-01-21,61.50,Transporte,Fila 2941
2026-01-22,62.50,Transporte,Fila 2942
2026-01-23,63.50,Transporte,Fila 2943
2026-01-24,64.50,Transporte,Fila 2944
2026-01-25,65.50,Transporte,Fila 2945
2026-01-26,66.50,Transporte,Fila 2946
2026-01-27,67.50,Transporte,Fila 2947
2026-01-28,68.50,Transporte,Fila 2948
2026-01-29,69.50,Transporte,Fila 2949
2026-01-30,70.50,Transporte,Fila 2950
2026-01-31,71.50,Transporte,Fila 2951
2026-02-01,72.50,Transporte,Fila 2952
2026-02-02,73.50,Transporte,Fila 2953
2026-02-03,74.50,Transporte,Fila 2954
2026-02-04,75.50,Transporte,Fila 2955
2026-02-05,76.50,Transporte,Fila 2956
2026-02-06,77.50,Transporte,Fila 2957
2026-02-07,78.50,Transporte,Fila 2958
2026-02-08,79.50,Transporte,Fila 2959
2026-02-09,80.50,Transporte,Fila 2960
2026-02-10,81.50,Transporte,Fila 2961
2026-02-11,82.50,Transporte,Fila 2962
2026-02-12,83.50,Transporte,Fila 2963
2026-02-13,84.50,Transporte,Fila 2964
2026-02-14,85.50,Transporte,Fila 2965
2026-02-15,86.50,Transporte,Fila 2966
2026-02-16,87.50,Transporte,Fila 2967
2026-02-17,88.50,Transporte,Fila 2968
2026-02-18,89.50,Transporte,Fila 2969
2026-02-19,90.50,Transporte,Fila 2970
2026-02-20,1.50,Transporte,Fila 2971
2026-02-21,2.50,Transporte,Fila 2972
2026-02-22,3.50,Transporte,Fila 2973
2026-02-23,4.50,Transporte,Fila 2974
2026-02-24,5.50,Transporte,Fila 2975
2026-02-25,6.50,Transporte,Fila 2976
2026-02-26,7.50,Transporte,Fila 2977
2026-02-27,8.50,Transporte,Fila 2978
2026-02-28,9.50,Transporte,Fila 2979
2026-03-01,10.50,Transporte,Fila 2980
2026-03-02,11.50,Transporte,Fila 2981
2026-03-03,12.50,Transporte,Fila 2982
2026-03-04,13.50,Transporte,Fila 2983
2026-03-05,14.50,Transporte,Fila 2984
2026-03-06,15.50,Transporte,Fila 2985
2026-03-07,16.50,Transporte,Fila 2986
2026-03-08,17.50,Transporte,Fila 2987
2026-03-09,18.50,Transporte,Fila 2988
2026-03-10,19.50,Transporte,Fila 2989
2026-03-11,20.50,Transporte,Fila 2990
2026-03-12,21.50,Transporte,Fila 2991
2026-03-13,22.50,Transporte,Fila 2992
2026-03-14,23.50,Transporte,Fila 2993
2026-03-15,24.50,Transporte,Fila 2994
2026-03-16,25.50,Transporte,Fila 2995
2026-03-17,26.50,Transporte,Fila 2996
2026-03-18,27.50,Transporte,Fila 2997
2026-03-19,28.50,Transporte,Fila 2998
2026-03-20,29.50,Transporte,Fila 2999
2026-03-21,30.50,Transporte,Fila 3000
2026-03-22,31.50,Transporte,Fila 3001
2026-03-23,32.50,Transporte,Fila 3002
2026-03-24,33.50,Transporte,Fila 3003
2026-03-25,34.50,Transporte,Fila 3004
2026-03-26,35.50,Transporte,Fila 3005
2026-03-27,36.50,Transporte,Fila 3006
2026-03-28,37.50,Transporte,Fila 3007
2026-03-29,38.50,Transporte,Fila 3008
2026-03-30,39.50,Transporte,Fila 3009
2026-03-31,40.50,Transporte,Fila 3010
2026-04-01,41.50,Transporte,Fila 3011
2026-04-02,42.50,Transporte,Fila 3012
2026-04-03,43.50,Transporte,Fila 3013
2026-04-04,44.50,Transporte,Fila 3014
2026-04-05,45.50,Transporte,Fila 3015
2026-04-06,46.50,Transporte,Fila 3016
2026-04-07,47.50,Transporte,Fila 3017
2026-04-08,48.50,Transporte,Fila 3018
2026-04-09,49.50,Transporte,Fila 3019
2026-04-10,50.50,Transporte,Fila 3020
2026-04-11,51.50,Transporte,Fila 3021
2026-04-12,52.50,Transporte,Fila 3022
2026-04-13,53.50,Transporte,Fila 3023
2026-04-14,54.50,Transporte,Fila 3024
2026-04-15,55.50,Transporte,Fila 3025
2026-04-16,56.50,Transporte,Fila 3026
2026-04-17,57.50,Transporte,Fila 3027
2026-04-18,58.50,Transporte,Fila 3028
2026-04-19,59.50,Transporte,Fila 3029
2026-04-20,60.50,Transporte,Fila 3030
2026-04-21,61.50,Transporte,Fila 3031
2026-04-22,62.50,Transporte,Fila 3032
2026-04-23,63.50,Transporte,Fila 3033
2026-04-24,64.50,Transporte,Fila 3034
2026-04-25,65.50,Transporte,Fila 3035
2026-04-26,66.50,Transporte,Fila 3036
2026-04-27,67.50,Transporte,Fila 3037
2026-04-28,68.50,Transporte,Fila 3038
2026-04-29,69.50,Transporte,Fila 3039
2026-04-30,70.50,Transporte,Fila 3040
2026-05-01,71.50,Transporte,Fila 3041
2026-05-02,72.50,Transporte,Fila 3042
2026-05-03,73.50,Transporte,Fila 3043
2026-05-04,74.50,Transporte,Fila 3044
2026-05-05,75.50,Transporte,Fila 3045
2026-05-06,76.50,Transporte,Fila 3046
2026-05-07,77.50,Transporte,Fila 3047
2026-05-08,78.50,Transporte,Fila 3048
2026-05-09,79.50,Transporte,Fila 3049
2026-05-10,80.50,Transporte,Fila 3050
2026-05-11,81.50,Transporte,Fila 3051
2026-05-12,82.50,Transporte,Fila 3052
2026-05-13,83.50,Transporte,Fila 3053
2026-05-14,84.50,Transporte,Fila 3054
2026-05-15,85.50,Transporte,Fila 3055
2026-05-16,86.50,Transporte,Fila 3056
2026-05-17,87.50,Transporte,Fila 3057
2026-05-18,88.50,Transporte,Fila 3058
2026-05-19,89.50,Transporte,Fila 3059
2026-05-20,90.50,Transporte,Fila 3060
2026-05-21,1.50,Transporte,Fila 3061
2026-05-22,2.50,Transporte,Fila 3062
2026-05-23,3.50,Transporte,Fila 3063
2026-05-24,4.50,Transporte,Fila 3064
2026-05-25,5.50,Transporte,Fila 3065
2026-05-26,6.50,Transporte,Fila 3066
2026-05-27,7.50,Transporte,Fila 3067
2026-05-28,8.50,Transporte,Fila 3068
2026-05-29,9.50,Transporte,Fila 3069
2026-05-30,10.50,Transporte,Fila 3070
2026-05-31,11.50,Transporte,Fila 3071
2026-06-01,12.50,Transporte,Fila 3072
2026-06-02,13.50,Transporte,Fila 3073
2026-06-03,14.50,Transporte,Fila 3074
2026-06-04,15.50,Transporte,Fila 3075
2026-06-05,16.50,Transporte,Fila 3076
2026-06-06,17.50,Transporte,Fila 3077
2026-06-07,18.50,Transporte,Fila 3078
2026-06-08,19.50,Transporte,Fila 3079
2026-06-09,20.50,Transporte,Fila 3080
2026-06-10,21.50,Transporte,Fila 3081
2026-06-11,22.50,Transporte,Fila 3082
2026-06-12,23.50,Transporte,Fila 3083
2026-06-13,24.50,Transporte,Fila 3084
2026-06-14,25.50,Transporte,Fila 3085
2026-06-15,26.50,Transporte,Fila 3086
2026-06-16,27.50,Transporte,Fila 3087
2026-06-17,28.50,Transporte,Fila 3088
2026-06-18,29.50,Transporte,Fila 3089
2026-06-19,30.50,Transporte,Fila 3090
2026-06-20,31.50,Transporte,Fila 3091
2026-06-21,32.50,Transporte,Fila 3092
2026-06-22,33.50,Transporte,Fila 3093
2026-06-23,34.50,Transporte,Fila 3094
2026-06-24,35.50,Transporte,Fila 3095
2026-06-25,36.50,Transporte,Fila 3096
2026-06-26,37.50,Transporte,Fila 3097
2026-06-27,38.50,Transporte,Fila 3098
2026-06-28,39.50,Transporte,Fila 3099
2026-06-29,40.50,Transporte,Fila 3100
2026-06-30,41.50,Transporte,Fila 3101
2026-07-01,42.50,Transporte,Fila 3102
2026-07-02,43.50,Transporte,Fila 3103
2026-07-03,44.50,Transporte,Fila 3104
2026-07-04,45.50,Transporte,Fila 3105
2026-07-05,46.50,Transporte,Fila 3106
2026-07-06,47.50,Transporte,Fila 3107
2026-07-07,48.50,Transporte,Fila 3108
2026-07-08,49.50,Transporte,Fila 3109
2026-07-09,50.50,Transporte,Fila 3110
2026-07-10,51.50,Transporte,Fila 3111
2026-07-11,52.50,Transporte,Fila 3112
2026-07-12,53.50,Transporte,Fila 3113
2026-07-13,54.50,Transporte,Fila 3114
2026-07-14,55.50,Transporte,Fila 3115
2026-07-15,56.50,Transporte,Fila 3116
2026-07-16,57.50,Transporte,Fila 3117
2026-07-17,58.50,Transporte,Fila 3118
2026-07-18,59.50,Transporte,Fila 3119
2026-07-19,60.50,Transporte,Fila 3120
2026-07-20,61.50,Transporte,Fila 3121
2026-07-21,62.50,Transporte,Fila 3122
2026-07-22,63.50,Transporte,Fila 3123
2026-07-23,64.50,Transporte,Fila 3124
2026-07-24,65.50,Transporte,Fila 3125
2026-07-25,66.50,Transporte,Fila 3126
2026-07-26,67.50,Transporte,Fila 3127
2026-07-27,68.50,Transporte,Fila 3128
2026-07-28,69.50,Transporte,Fila 3129
2026-07-29,70.50,Transporte,Fila 3130
2026-07-30,71.50,Transporte,Fila 3131
2026-07-31,72.50,Transporte,Fila 3132
2026-08-01,73.50,Transporte,Fila 3133
2026-08-02,74.50,Transporte,Fila 3134
2026-08-03,75.50,Transporte,Fila 3135
2026-08-04,76.50,Transporte,Fila 3136
2026-08-05,77.50,Transporte,Fila 3137
2026-08-06,78.50,Transporte,Fila 3138
2026-08-07,79.50,Transporte,Fila 3139
2026-08-08,80.50,Transporte,Fila 3140
2026-08-09,81.50,Transporte,Fila 3141
2026-08-10,82.50,Transporte,Fila 3142
2026-08-11,83.50,Transporte,Fila 3143
2026-08-12,84.50,Transporte,Fila 3144
2026-08-13,85.50,Transporte,Fila 3145
2026-08-14,86.50,Transporte,Fila 3146
2026-08-15,87.50,Transporte,Fila 3147
2026-08-16,88.50,Transporte,Fila 3148
2026-08-17,89.50,Transporte,Fila 3149
2026-08-18,90.50,Transporte,Fila 3150
2026-08-19,1.50,Transporte,Fila 3151
2026-08-20,2.50,Transporte,Fila 3152
2026-08-21,3.50,Transporte,Fila 3153
2026-08-22,4.50,Transporte,Fila 3154
2026-08-23,5.50,Transporte,Fila 3155
2026-08-24,6.50,Transporte,Fila 3156
2026-08-25,7.50,Transporte,Fila 3157
2026-08-26,8.50,Transporte,Fila 3158
2026-08-27,9.50,Transporte,Fila 3159
2026-08-28,10.50,Transporte,Fila 3160
2026-08-29,11.50,Transporte,Fila 3161
2026-08-30,12.50,Transporte,Fila 3162
2026-08-31,13.50,Transporte,Fila 3163
2026-09-01,14.50,Transporte,Fila 3164
2026-09-02,15.50,Transporte,Fila 3165
2026-09-03,16.50,Transporte,Fila 3166
2026-09-04,17.50,Transporte,Fila 3167
2026-09-05,18.50,Transporte,Fila 3168
2026-09-06,19.50,Transporte,Fila 3169
2026-09-07,20.50,Transporte,Fila 3170
2026-09-08,21.50,Transporte,Fila 3171
2026-09-09,22.50,Transporte,Fila 3172
2026-09-10,23.50,Transporte,Fila 3173
2026-09-11,24.50,Transporte,Fila 3174
2026-09-12,25.50,Transporte,Fila 3175
2026-09-13,26.50,Transporte,Fila 3176
2026-09-14,27.50,Transporte,Fila 3177
2026-09-15,28.50,Transporte,Fila 3178
2026-09-16,29.50,Transporte,Fila 3179
2026-09-17,30.50,Transporte,Fila 3180
2026-09-18,31.50,Transporte,Fila 3181
2026-09-19,32.50,Transporte,Fila 3182
2026-09-20,33.50,Transporte,Fila 3183
2026-09-21,34.50,Transporte,Fila 3184
2026-09-22,35.50,Transporte,Fila 3185
2026-09-23,36.50,Transporte,Fila 3186
2026-09-24,37.50,Transporte,Fila 3187
2026-09-25,38.50,Transporte,Fila 3188
2026-09-26,39.50,Transporte,Fila 3189
2026-09-27,40.50,Transporte,Fila 3190
2026-09-28,41.50,Transporte,Fila 3191
2026-09-29,42.50,Transporte,Fila 3192
2026-09-30,43.50,Transporte,Fila 3193
2026-10-01,44.50,Transporte,Fila 3194
2026-10-02,45.50,Transporte,Fila 3195
2026-10-03,46.50,Transporte,Fila 3196
2026-10-04,47.50,Transporte,Fila 3197
2026-10-05,48.50,Transporte,Fila 3198
2026-10-06,49.50,Transporte,Fila 3199
2026-10-07,50.50,Transporte,Fila 3200
2026-10-08,51.50,Transporte,Fila 3201
2026-10-09,52.50,Transporte,Fila 3202
2026-10-10,53.50,Transporte,Fila 3203
2026-10-11,54.50,Transporte,Fila 3204
2026-10-12,55.50,Transporte,Fila 3205
2026-10-13,56.50,Transporte,Fila 3206
2026-10-14,57.50,Transporte,Fila 3207
2026-10-15,58.50,Transporte,Fila 3208
2026-10-16,59.50,Transporte,Fila 3209
2026-10-17,60.50,Transporte,Fila 3210
2026-10-18,61.50,Transporte,Fila 3211
2026-10-19,62.50,Transporte,Fila 3212
2026-10-20,63.50,Transporte,Fila 3213
2026-10-21,64.50,Transporte,Fila 3214
2026-10-22,65.50,Transporte,Fila 3215
2026-10-23,66.50,Transporte,Fila 3216
2026-10-24,67.50,Transporte,Fila 3217
2026-10-25,68.50,Transporte,Fila 3218
2026-10-26,69.50,Transporte,Fila 3219
2026-10-27,70.50,Transporte,Fila 3220
2026-10-28,71.50,Transporte,Fila 3221
2026-10-29,72.50,Transporte,Fila 3222
2026-10-30,73.50,Transporte,Fila 3223
2026-10-31,74.50,Transporte,Fila 3224
2026-11-01,75.50,Transporte,Fila 3225
2026-11-02,76.50,Transporte,Fila 3226
2026-11-03,77.50,Transporte,Fila 3227
2026-11-04,78.50,Transporte,Fila 3228
2026-11-05,79.50,Transporte,Fila 3229
2026-11-06,80.50,Transporte,Fila 3230
2026-11-07,81.50,Transporte,Fila 3231
2026-11-08,82.50,Transporte,Fila 3232
2026-11-09,83.50,Transporte,Fila 3233
2026-11-10,84.50,Transporte,Fila 3234
2026-11-11,85.50,Transporte,Fila 3235
2026-11-12,86.50,Transporte,Fila 3236
2026-11-13,87.50,Transporte,Fila 3237
2026-11-14,88.50,Transporte,Fila 3238
2026-11-15,89.50,Transporte,Fila 3239
2026-11-16,90.50,Transporte,Fila 3240
2026-11-17,1.50,Transporte,Fila 3241
2026-11-18,2.50,Transporte,Fila 3242
2026-11-19,3.50,Transporte,Fila 3243
2026-11-20,4.50,Transporte,Fila 3244
2026-11-21,5.50,Transporte,Fila 3245
2026-11-22,6.50,Transporte,Fila 3246
2026-11-23,7.50,Transporte,Fila 3247
2026-11-24,8.50,Transporte,Fila 3248
2026-11-25,9.50,Transporte,Fila 3249
2026-11-26,10.50,Transporte,Fila 3250
2026-11-27,11.50,Transporte,Fila 3251
2026-11-28,12.50,Transporte,Fila 3252
2026-11-29,13.50,Transporte,Fila 3253
2026-11-30,14.50,Transporte,Fila 3254
2026-12-01,15.50,Transporte,Fila 3255
2026-12-02,16.50,Transporte,Fila 3256
2026-12-03,17.50,Transporte,Fila 3257
2026-12-04,18.50,Transporte,Fila 3258
2026-12-05,19.50,Transporte,Fila 3259
2026-12-06,20.50,Transporte,Fila 3260
2026-12-07,21.50,Transporte,Fila 3261
2026-12-08,22.50,Transporte,Fila 3262
2026-12-09,23.50,Transporte,Fila 3263
2026-12-10,24.50,Transporte,Fila 3264
2026-12-11,25.50,Transporte,Fila 3265
2026-12-12,26.50,Transporte,Fila 3266
2026-12-13,27.50,Transporte,Fila 3267
2026-12-14,28.50,Transporte,Fila 3268
2026-12-15,29.50,Transporte,Fila 3269
2026-12-16,30.50,Transporte,Fila 3270
2026-12-17,31.50,Transporte,Fila 3271
2026-12-18,32.50,Transporte,Fila 3272
2026-12-19,33.50,Transporte,Fila 3273
2026-12-20,34.50,Transporte,Fila 3274
2026-12-21,35.50,Transporte,Fila 3275
2026-12-22,36.50,Transporte,Fila 3276
2026-12-23,37.50,Transporte,Fila 3277
2026-12-24,38.50,Transporte,Fila 3278
2026-12-25,39.50,Transporte,Fila 3279
2026-12-26,40.50,Transporte,Fila 3280
2026-12-27,41.50,Transporte,Fila 3281
2026-12-28,42.50,Transporte,Fila 3282
2026-12-29,43.50,Transporte,Fila 3283
2026-12-30,44.50,Transporte,Fila 3284
2026-12-31,45.50,Transporte,Fila 3285
2026-01-01,46.50,Transporte,Fila 3286
2026-01-02,47.50,Transporte,Fila 3287
2026-01-03,48.50,Transporte,Fila 3288
2026-01-04,49.50,Transporte,Fila 3289
2026-01-05,50.50,Transporte,Fila 3290
2026-01-06,51.50,Transporte,Fila 3291
2026-01-07,52.50,Transporte,Fila 3292
2026-01-08,53.50,Transporte,Fila 3293
2026-01-09,54.50,Transporte,Fila 3294
2026-01-10,55.50,Transporte,Fila 3295
2026-01-11,56.50,Transporte,Fila 3296
2026-01-12,57.50,Transporte,Fila 3297
2026-01-13,58.50,Transporte,Fila 3298
2026-01-14,59.50,Transporte,Fila 3299
2026-01-15,60.50,Transporte,Fila 3300
2026-01-16,61.50,Transporte,Fila 3301
2026-01-17,62.50,Transporte,Fila 3302
2026-01-18,63.50,Transporte,Fila 3303
2026-01-19,64.50,Transporte,Fila 3304
2026-01-20,65.50,Transporte,Fila 3305
2026-01-21,66.50,Transporte,Fila 3306
2026-01-22,67.50,Transporte,Fila 3307
2026-01-23,68.50,Transporte,Fila 3308
2026-01-24,69.50,Transporte,Fila 3309
2026-01-25,70.50,Transporte,Fila 3310
2026-01-26,71.50,Transporte,Fila 3311
2026-01-27,72.50,Transporte,Fila 3312
2026-01-28,73.50,Transporte,Fila 3313
2026-01-29,74.50,Transporte,Fila 3314
2026-01-30,75.50,Transporte,Fila 3315
2026-01-31,76.50,Transporte,Fila 3316
2026-02-01,77.50,Transporte,Fila 3317
2026-02-02,78.50,Transporte,Fila 3318
2026-02-03,79.50,Transporte,Fila 3319
2026-02-04,80.50,Transporte,Fila 3320
2026-02-05,81.50,Transporte,Fila 3321
2026-02-06,82.50,Transporte,Fila 3322
2026-02-07,83.50,Transporte,Fila 3323
2026-02-08,84.50,Transporte,Fila 3324
2026-02-09,85.50,Transporte,Fila 3325
2026-02-10,86.50,Transporte,Fila 3326
2026-02-11,87.50,Transporte,Fila 3327
2026-02-12,88.50,Transporte,Fila 3328
2026-02-13,89.50,Transporte,Fila 3329
2026-02-14,90.50,Transporte,Fila 3330
2026-02-15,1.50,Transporte,Fila 3331
2026-02-16,2.50,Transporte,Fila 3332
2026-02-17,3.50,Transporte,Fila 3333
2026-02-18,4.50,Transporte,Fila 3334
2026-02-19,5.50,Transporte,Fila 3335
2026-02-20,6.50,Transporte,Fila 3336
2026-02-21,7.50,Transporte,Fila 3337
2026-02-22,8.50,Transporte,Fila 3338
2026-02-23,9.50,Transporte,Fila 3339
2026-02-24,10.50,Transporte,Fila 3340
2026-02-25,11.50,Transporte,Fila 3341
2026-02-26,12.50,Transporte,Fila 3342
2026-02-27,13.50,Transporte,Fila 3343
2026-02-28,14.50,Transporte,Fila 3344
2026-03-01,15.50,Transporte,Fila 3345
2026-03-02,16.50,Transporte,Fila 3346
2026-03-03,17.50,Transporte,Fila 3347
2026-03-04,18.50,Transporte,Fila 3348
2026-03-05,19.50,Transporte,Fila 3349
2026-03-06,20.50,Transporte,Fila 3350
2026-03-07,21.50,Transporte,Fila 3351
2026-03-08,22.50,Transporte,Fila 3352
2026-03-09,23.50,Transporte,Fila 3353
2026-03-10,24.50,Transporte,Fila 3354
2026-03-11,25.50,Transporte,Fila 3355
2026-03-12,26.50,Transporte,Fila 3356
2026-03-13,27.50,Transporte,Fila 3357
2026-03-14,28.50,Transporte,Fila 3358
2026-03-15,29.50,Transporte,Fila 3359
2026-03-16,30.50,Transporte,Fila 3360
2026-03-17,31.50,Transporte,Fila 3361
2026-03-18,32.50,Transporte,Fila 3362
2026-03-19,33.50,Transporte,Fila 3363
2026-03-20,34.50,Transporte,Fila 3364
2026-03-21,35.50,Transporte,Fila 3365
2026-03-22,36.50,Transporte,Fila 3366
2026-03-23,37.50,Transporte,Fila 3367
2026-03-24,38.50,Transporte,Fila 3368
2026-03-25,39.50,Transporte,Fila 3369
2026-03-26,40.50,Transporte,Fila 3370
2026-03-27,41.50,Transporte,Fila 3371
2026-03-28,42.50,Transporte,Fila 3372
2026-03-29,43.50,Transporte,Fila 3373
2026-03-30,44.50,Transporte,Fila 3374
2026-03-31,45.50,Transporte,Fila 3375
2026-04-01,46.50,Transporte,Fila 3376
2026-04-02,47.50,Transporte,Fila 3377
2026-04-03,48.50,Transporte,Fila 3378
2026-04-04,49.50,Transporte,Fila 3379
2026-04-05,50.50,Transporte,Fila 3380
2026-04-06,51.50,Transporte,Fila 3381
2026-04-07,52.50,Transporte,Fila 3382
2026-04-08,53.50,Transporte,Fila 3383
2026-04-09,54.50,Transporte,Fila 3384
2026-04-10,55.50,Transporte,Fila 3385
2026-04-11,56.50,Transporte,Fila 3386
2026-04-12,57.50,Transporte,Fila 3387
2026-04-13,58.50,Transporte,Fila 3388
2026-04-14,59.50,Transporte,Fila 3389
2026-04-15,60.50,Transporte,Fila 3390
2026-04-16,61.50,Transporte,Fila 3391
2026-04-17,62.50,Transporte,Fila 3392
2026-04-18,63.50,Transporte,Fila 3393
2026-04-19,64.50,Transporte,Fila 3394
2026-04-20,65.50,Transporte,Fila 3395
2026-04-21,66.50,Transporte,Fila 3396
2026-04-22,67.50,Transporte,Fila 3397
2026-04-23,68.50,Transporte,Fila 3398
2026-04-24,69.50,Transporte,Fila 3399
2026-04-25,70.50,Transporte,Fila 3400
2026-04-26,71.50,Transporte,Fila 3401
2026-04-27,72.50,Transporte,Fila 3402
2026-04-28,73.50,Transporte,Fila 3403
2026-04-29,74.50,Transporte,Fila 3404
2026-04-30,75.50,Transporte,Fila 3405
2026-05-01,76.50,Transporte,Fila 3406
2026-05-02,77.50,Transporte,Fila 3407
2026-05-03,78.50,Transporte,Fila 3408
2026-05-04,79.50,Transporte,Fila 3409
2026-05-05,80.50,Transporte,Fila 3410
2026-05-06,81.50,Transporte,Fila 3411
2026-05-07,82.50,Transporte,Fila 3412
2026-05-08,83.50,Transporte,Fila 3413
2026-05-09,84.50,Transporte,Fila 3414
2026-05-10,85.50,Transporte,Fila 3415
2026-05-11,86.50,Transporte,Fila 3416
2026-05-12,87.50,Transporte,Fila 3417
2026-05-13,88.50,Transporte,Fila 3418
2026-05-14,89.50,Transporte,Fila 3419
2026-05-15,90.50,Transporte,Fila 3420
2026-05-16,1.50,Transporte,Fila 3421
2026-05-17,2.50,Transporte,Fila 3422
2026-05-18,3.50,Transporte,Fila 3423
2026-05-19,4.50,Transporte,Fila 3424
2026-05-20,5.50,Transporte,Fila 3425
2026-05-21,6.50,Transporte,Fila 3426
2026-05-22,7.50,Transporte,Fila 3427
2026-05-23,8.50,Transporte,Fila 3428
2026-05-24,9.50,Transporte,Fila 3429
2026-05-25,10.50,Transporte,Fila 3430
2026-05-26,11.50,Transporte,Fila 3431
2026-05-27,12.50,Transporte,Fila 3432
2026-05-28,13.50,Transporte,Fila 3433
2026-05-29,14.50,Transporte,Fila 3434
2026-05-30,15.50,Transporte,Fila 3435
2026-05-31,16.50,Transporte,Fila 3436
2026-06-01,17.50,Transporte,Fila 3437
2026-06-02,18.50,Transporte,Fila 3438
2026-06-03,19.50,Transporte,Fila 3439
2026-06-04,20.50,Transporte,Fila 3440
2026-06-05,21.50,Transporte,Fila 3441
2026-06-06,22.50,Transporte,Fila 3442
2026-06-07,23.50,Transporte,Fila 3443
2026-06-08,24.50,Transporte,Fila 3444
2026-06-09,25.50,Transporte,Fila 3445
2026-06-10,26.50,Transporte,Fila 3446
2026-06-11,27.50,Transporte,Fila 3447
2026-06-12,28.50,Transporte,Fila 3448
2026-06-13,29.50,Transporte,Fila 3449
2026-06-14,30.50,Transporte,Fila 3450
2026-06-15,31.50,Transporte,Fila 3451
2026-06-16,32.50,Transporte,Fila 3452
2026-06-17,33.50,Transporte,Fila 3453
2026-06-18,34.50,Transporte,Fila 3454
2026-06-19,35.50,Transporte,Fila 3455
2026-06-20,36.50,Transporte,Fila 3456
2026-06-21,37.50,Transporte,Fila 3457
2026-06-22,38.50,Transporte,Fila 3458
2026-06-23,39.50,Transporte,Fila 3459
2026-06-24,40.50,Transporte,Fila 3460
2026-06-25,41.50,Transporte,Fila 3461
2026-06-26,42.50,Transporte,Fila 3462
2026-06-27,43.50,Transporte,Fila 3463
2026-06-28,44.50,Transporte,Fila 3464
2026-06-29,45.50,Transporte,Fila 3465
2026-06-30,46.50,Transporte,Fila 3466
2026-07-01,47.50,Transporte,Fila 3467
2026-07-02,48.50,Transporte,Fila 3468
2026-07-03,49.50,Transporte,Fila 3469
2026-07-04,50.50,Transporte,Fila 3470
2026-07-05,51.50,Transporte,Fila 3471
2026-07-06,52.50,Transporte,Fila 3472
2026-07-07,53.50,Transporte,Fila 3473
2026-07-08,54.50,Transporte,Fila 3474
2026-07-09,55.50,Transporte,Fila 3475
2026-07-10,56.50,Transporte,Fila 3476
2026-07-11,57.50,Transporte,Fila 3477
2026-07-12,58.50,Transporte,Fila 3478
2026-07-13,59.50,Transporte,Fila 3479
2026-07-14,60.50,Transporte,Fila 3480
2026-07-15,61.50,Transporte,Fila 3481
2026-07-16,62.50,Transporte,Fila 3482
2026-07-17,63.50,Transporte,Fila 3483
2026-07-18,64.50,Transporte,Fila 3484
2026-07-19,65.50,Transporte,Fila 3485
2026-07-20,66.50,Transporte,Fila 3486
2026-07-21,67.50,Transporte,Fila 3487
2026-07-22,68.50,Transporte,Fila 3488
2026-07-23,69.50,Transporte,Fila 3489
2026-07-24,70.50,Transporte,Fila 3490
2026-07-25,71.50,Transporte,Fila 3491
2026-07-26,72.50,Transporte,Fila 3492
2026-07-27,73.50,Transporte,Fila 3493
2026-07-28,74.50,Transporte,Fila 3494
2026-07-29,75.50,Transporte,Fila 3495
2026-07-30,76.50,Transporte,Fila 3496
2026-07-31,77.50,Transporte,Fila 3497
2026-08-01,78.50,Transporte,Fila 3498
2026-08-02,79.50,Transporte,Fila 3499
2026-08-03,80.50,Transporte,Fila 3500
2026-08-04,81.50,Transporte,Fila 3501
2026-08-05,82.50,Transporte,Fila 3502
2026-08-06,83.50,Transporte,Fila 3503
2026-08-07,84.50,Transporte,Fila 3504
2026-08-08,85.50,Transporte,Fila 3505
2026-08-09,86.50,Transporte,Fila 3506
2026-08-10,87.50,Transporte,Fila 3507
2026-08-11,88.50,Transporte,Fila 3508
2026-08-12,89.50,Transporte,Fila 3509
2026-08-13,90.50,Transporte,Fila 3510
2026-08-14,1.50,Transporte,Fila 3511
2026-08-15,2.50,Transporte,Fila 3512
2026-08-16,3.50,Transporte,Fila 3513
2026-08-17,4.50,Transporte,Fila 3514
2026-08-18,5.50,Transporte,Fila 3515
2026-08-19,6.50,Transporte,Fila 3516
2026-08-20,7.50,Transporte,Fila 3517
2026-08-21,8.50,Transporte,Fila 3518
2026-08-22,9.50,Transporte,Fila 3519
2026-08-23,10.50,Transporte,Fila 3520
2026-08-24,11.50,Transporte,Fila 3521
2026-08-25,12.50,Transporte,Fila 3522
2026-08-26,13.50,Transporte,Fila 3523
2026-08-27,14.50,Transporte,Fila 3524
2026-08-28,15.50,Transporte,Fila 3525
2026-08-29,16.50,Transporte,Fila 3526
2026-08-30,17.50,Transporte,Fila 3527
2026-08-31,18.50,Transporte,Fila 3528
2026-09-01,19.50,Transporte,Fila 3529
2026-09-02,20.50,Transporte,Fila 3530
2026-09-03,21.50,Transporte,Fila 3531
2026-09-04,22.50,Transporte,Fila 3532
2026-09-05,23.50,Transporte,Fila 3533
2026-09-06,24.50,Transporte,Fila 3534
2026-09-07,25.50,Transporte,Fila 3535
2026-09-08,26.50,Transporte,Fila 3536
2026-09-09,27.50,Transporte,Fila 3537
2026-09-10,28.50,Transporte,Fila 3538
2026-09-11,29.50,Transporte,Fila 3539
2026-09-12,30.50,Transporte,Fila 3540
2026-09-13,31.50,Transporte,Fila 3541
2026-09-14,32.50,Transporte,Fila 3542
2026-09-15,33.50,Transporte,Fila 3543
2026-09-16,34.50,Transporte,Fila 3544
2026-09-17,35.50,Transporte,Fila 3545
2026-09-18,36.50,Transporte,Fila 3546
2026-09-19,37.50,Transporte,Fila 3547
2026-09-20,38.50,Transporte,Fila 3548
2026-09-21,39.50,Transporte,Fila 3549
2026-09-22,40.50,Transporte,Fila 3550
2026-09-23,41.50,Transporte,Fila 3551
2026-09-24,42.50,Transporte,Fila 3552
2026-09-25,43.50,Transporte,Fila 3553
2026-09-26,44.50,Transporte,Fila 3554
2026-09-27,45.50,Transporte,Fila 3555
2026-09-28,46.50,Transporte,Fila 3556
2026-09-29,47.50,Transporte,Fila 3557
2026-09-30,48.50,Transporte,Fila 3558
2026-10-01,49.50,Transporte,Fila 3559
2026-10-02,50.50,Transporte,Fila 3560
2026-10-03,51.50,Transporte,Fila 3561
2026-10-04,52.50,Transporte,Fila 3562
2026-10-05,53.50,Transporte,Fila 3563
2026-10-06,54.50,Transporte,Fila 3564
2026-10-07,55.50,Transporte,Fila 3565
2026-10-08,56.50,Transporte,Fila 3566
2026-10-09,57.50,Transporte,Fila 3567
2026-10-10,58.50,Transporte,Fila 3568
2026-10-11,59.50,Transporte,Fila 3569
2026-10-12,60.50,Transporte,Fila 3570
2026-10-13,61.50,Transporte,Fila 3571
2026-10-14,62.50,Transporte,Fila 3572
2026-10-15,63.50,Transporte,Fila 3573
2026-10-16,64.50,Transporte,Fila 3574
2026-10-17,65.50,Transporte,Fila 3575
2026-10-18,66.50,Transporte,Fila 3576
2026-10-19,67.50,Transporte,Fila 3577
2026-10-20,68.50,Transporte,Fila 3578
2026-10-21,69.50,Transporte,Fila 3579
2026-10-22,70.50,Transporte,Fila 3580
2026-10-23,71.50,Transporte,Fila 3581
2026-10-24,72.50,Transporte,Fila 3582
2026-10-25,73.50,Transporte,Fila 3583
2026-10-26,74.50,Transporte,Fila 3584
2026-10-27,75.50,Transporte,Fila 3585
2026-10-28,76.50,Transporte,Fila 3586
2026-10-29,77.50,Transporte,Fila 3587
2026-10-30,78.50,Transporte,Fila 3588
2026-10-31,79.50,Transporte,Fila 3589
2026-11-01,80.50,Transporte,Fila 3590
2026-11-02,81.50,Transporte,Fila 3591
2026-11-03,82.50,Transporte,Fila 3592
2026-11-04,83.50,Transporte,Fila 3593
2026-11-05,84.50,Transporte,Fila 3594
2026-11-06,85.50,Transporte,Fila 3595
2026-11-07,86.50,Transporte,Fila 3596
2026-11-08,87.50,Transporte,Fila 3597
2026-11-09,88.50,Transporte,Fila 3598
2026-11-10,89.50,Transporte,Fila 3599
2026-11-11,90.50,Transporte,Fila 3600
2026-11-12,1.50,Transporte,Fila 3601
2026-11-13,2.50,Transporte,Fila 3602
2026-11-14,3.50,Transporte,Fila 3603
2026-11-15,4.50,Transporte,Fila 3604
2026-11-16,5.50,Transporte,Fila 3605
2026-11-17,6.50,Transporte,Fila 3606
2026-11-18,7.50,Transporte,Fila 3607
2026-11-19,8.50,Transporte,Fila 3608
2026-11-20,9.50,Transporte,Fila 3609
2026-11-21,10.50,Transporte,Fila 3610
2026-11-22,11.50,Transporte,Fila 3611
2026-11-23,12.50,Transporte,Fila 3612
2026-11-24,13.50,Transporte,Fila 3613
2026-11-25,14.50,Transporte,Fila 3614
2026-11-26,15.50,Transporte,Fila 3615
2026-11-27,16.50,Transporte,Fila 3616
2026-11-28,17.50,Transporte,Fila 3617
2026-11-29,18.50,Transporte,Fila 3618
2026-11-30,19.50,Transporte,Fila 3619
2026-12-01,20.50,Transporte,Fila 3620
2026-12-02,21.50,Transporte,Fila 3621
2026-12-03,22.50,Transporte,Fila 3622
2026-12-04,23.50,Transporte,Fila 3623
2026-12-05,24.50,Transporte,Fila 3624
2026-12-06,25.50,Transporte,Fila 3625
2026-12-07,26.50,Transporte,Fila 3626
2026-12-08,27.50,Transporte,Fila 3627
2026-12-09,28.50,Transporte,Fila 3628
2026-12-10,29.50,Transporte,Fila 3629
2026-12-11,30.50,Transporte,Fila 3630
2026-12-12,31.50,Transporte,Fila 3631
2026-12-13,32.50,Transporte,Fila 3632
2026-12-14,33.50,Transporte,Fila 3633
2026-12-15,34.50,Transporte,Fila 3634
2026-12-16,35.50,Transporte,Fila 3635
2026-12-17,36.50,Transporte,Fila 3636
2026-12-18,37.50,Transporte,Fila 3637
2026-12-19,38.50,Transporte,Fila 3638
2026-12-20,39.50,Transporte,Fila 3639
2026-12-21,40.50,Transporte,Fila 3640
2026-12-22,41.50,Transporte,Fila 3641
2026-12-23,42.50,Transporte,Fila 3642
2026-12-24,43.50,Transporte,Fila 3643
2026-12-25,44.50,Transporte,Fila 3644
2026-12-26,45.50,Transporte,Fila 3645
2026-12-27,46.50,Transporte,Fila 3646
2026-12-28,47.50,Transporte,Fila 3647
2026-12-29,48.50,Transporte,Fila 3648
2026-12-30,49.50,Transporte,Fila 3649
2026-12-31,50.50,Transporte,Fila 3650
2026-01-01,51.50,Transporte,Fila 3651
2026-01-02,52.50,Transporte,Fila 3652
2026-01-03,53.50,Transporte,Fila 3653
2026-01-04,54.50,Transporte,Fila 3654
2026-01-05,55.50,Transporte,Fila 3655
2026-01-06,56.50,Transporte,Fila 3656
2026-01-07,57.50,Transporte,Fila 3657
2026-01-08,58.50,Transporte,Fila 3658
2026-01-09,59.50,Transporte,Fila 3659
2026-01-10,60.50,Transporte,Fila 3660
2026-01-11,61.50,Transporte,Fila 3661
2026-01-12,62.50,Transporte,Fila 3662
2026-01-13,63.50,Transporte,Fila 3663
2026-01-14,64.50,Transporte,Fila 3664
2026-01-15,65.50,Transporte,Fila 3665
2026-01-16,66.50,Transporte,Fila 3666
2026-01-17,67.50,Transporte,Fila 3667
2026-01-18,68.50,Transporte,Fila 3668
2026-01-19,69.50,Transporte,Fila 3669
2026-01-20,70.50,Transporte,Fila 3670
2026-01-21,71.50,Transporte,Fila 3671
2026-01-22,72.50,Transporte,Fila 3672
2026-01-23,73.50,Transporte,Fila 3673
2026-01-24,74.50,Transporte,Fila 3674
2026-01-25,75.50,Transporte,Fila 3675
2026-01-26,76.50,Transporte,Fila 3676
2026-01-27,77.50,Transporte,Fila 3677
2026-01-28,78.50,Transporte,Fila 3678
2026-01-29,79.50,Transporte,Fila 3679
2026-01-30,80.50,Transporte,Fila 3680
2026-01-31,81.50,Transporte,Fila 3681
2026-02-01,82.50,Transporte,Fila 3682
2026-02-02,83.50,Transporte,Fila 3683
2026-02-03,84.50,Transporte,Fila 3684
2026-02-04,85.50,Transporte,Fila 3685
2026-02-05,86.50,Transporte,Fila 3686
2026-02-06,87.50,Transporte,Fila 3687
2026-02-07,88.50,Transporte,Fila 3688
2026-02-08,89.50,Transporte,Fila 3689
2026-02-09,90.50,Transporte,Fila 3690
2026-02-10,1.50,Transporte,Fila 3691
2026-02-11,2.50,Transporte,Fila 3692
2026-02-12,3.50,Transporte,Fila 3693
2026-02-13,4.50,Transporte,Fila 3694
2026-02-14,5.50,Transporte,Fila 3695
2026-02-15,6.50,Transporte,Fila 3696
2026-02-16,7.50,Transporte,Fila 3697
2026-02-17,8.50,Transporte,Fila 3698
2026-02-18,9.50,Transporte,Fila 3699
2026-02-19,10.50,Transporte,Fila 3700
2026-02-20,11.50,Transporte,Fila 3701
2026-02-21,12.50,Transporte,Fila 3702
2026-02-22,13.50,Transporte,Fila 3703
2026-02-23,14.50,Transporte,Fila 3704
2026-02-24,15.50,Transporte,Fila 3705
2026-02-25,16.50,Transporte,Fila 3706
2026-02-26,17.50,Transporte,Fila 3707
2026-02-27,18.50,Transporte,Fila 3708
2026-02-28,19.50,Transporte,Fila 3709
2026-03-01,20.50,Transporte,Fila 3710
2026-03-02,21.50,Transporte,Fila 3711
2026-03-03,22.50,Transporte,Fila 3712
2026-03-04,23.50,Transporte,Fila 3713
2026-03-05,24.50,Transporte,Fila 3714
2026-03-06,25.50,Transporte,Fila 3715
2026-03-07,26.50,Transporte,Fila 3716
2026-03-08,27.50,Transporte,Fila 3717
2026-03-09,28.50,Transporte,Fila 3718
2026-03-10,29.50,Transporte,Fila 3719
2026-03-11,30.50,Transporte,Fila 3720
2026-03-12,31.50,Transporte,Fila 3721
2026-03-13,32.50,Transporte,Fila 3722
2026-03-14,33.50,Transporte,Fila 3723
2026-03-15,34.50,Transporte,Fila 3724
2026-03-16,35.50,Transporte,Fila 3725
2026-03-17,36.50,Transporte,Fila 3726
2026-03-18,37.50,Transporte,Fila 3727
2026-03-19,38.50,Transporte,Fila 3728
2026-03-20,39.50,Transporte,Fila 3729
2026-03-21,40.50,Transporte,Fila 3730
2026-03-22,41.50,Transporte,Fila 3731
2026-03-23,42.50,Transporte,Fila 3732
2026-03-24,43.50,Transporte,Fila 3733
2026-03-25,44.50,Transporte,Fila 3734
2026-03-26,45.50,Transporte,Fila 3735
2026-03-27,46.50,Transporte,Fila 3736
2026-03-28,47.50,Transporte,Fila 3737
2026-03-29,48.50,Transporte,Fila 3738
2026-03-30,49.50,Transporte,Fila 3739
2026-03-31,50.50,Transporte,Fila 3740
2026-04-01,51.50,Transporte,Fila 3741
2026-04-02,52.50,Transporte,Fila 3742
2026-04-03,53.50,Transporte,Fila 3743
2026-04-04,54.50,Transporte,Fila 3744
2026-04-05,55.50,Transporte,Fila 3745
2026-04-06,56.50,Transporte,Fila 3746
2026-04-07,57.50,Transporte,Fila 3747
2026-04-08,58.50,Transporte,Fila 3748
2026-04-09,59.50,Transporte,Fila 3749
2026-04-10,60.50,Transporte,Fila 3750
2026-04-11,61.50,Transporte,Fila 3751
2026-04-12,62.50,Transporte,Fila 3752
2026-04-13,63.50,Transporte,Fila 3753
2026-04-14,64.50,Transporte,Fila 3754
2026-04-15,65.50,Transporte,Fila 3755
2026-04-16,66.50,Transporte,Fila 3756
2026-04-17,67.50,Transporte,Fila 3757
2026-04-18,68.50,Transporte,Fila 3758
2026-04-19,69.50,Transporte,Fila 3759
2026-04-20,70.50,Transporte,Fila 3760
2026-04-21,71.50,Transporte,Fila 3761
2026-04-22,72.50,Transporte,Fila 3762
2026-04-23,73.50,Transporte,Fila 3763
2026-04-24,74.50,Transporte,Fila 3764
2026-04-25,75.50,Transporte,Fila 3765
2026-04-26,76.50,Transporte,Fila 3766
2026-04-27,77.50,Transporte,Fila 3767
2026-04-28,78.50,Transporte,Fila 3768
2026-04-29,79.50,Transporte,Fila 3769
2026-04-30,80.50,Transporte,Fila 3770
2026-05-01,81.50,Transporte,Fila 3771
2026-05-02,82.50,Transporte,Fila 3772
2026-05-03,83.50,Transporte,Fila 3773
2026-05-04,84.50,Transporte,Fila 3774
2026-05-05,85.50,Transporte,Fila 3775
2026-05-06,86.50,Transporte,Fila 3776
2026-05-07,87.50,Transporte,Fila 3777
2026-05-08,88.50,Transporte,Fila 3778
2026-05-09,89.50,Transporte,Fila 3779
2026-05-10,90.50,Transporte,Fila 3780
2026-05-11,1.50,Transporte,Fila 3781
2026-05-12,2.50,Transporte,Fila 3782
2026-05-13,3.50,Transporte,Fila 3783
2026-05-14,4.50,Transporte,Fila 3784
2026-05-15,5.50,Transporte,Fila 3785
2026-05-16,6.50,Transporte,Fila 3786
2026-05-17,7.50,Transporte,Fila 3787
2026-05-18,8.50,Transporte,Fila 3788
2026-05-19,9.50,Transporte,Fila 3789
2026-05-20,10.50,Transporte,Fila 3790
2026-05-21,11.50,Transporte,Fila 3791
2026-05-22,12.50,Transporte,Fila 3792
2026-05-23,13.50,Transporte,Fila 3793
2026-05-24,14.50,Transporte,Fila 3794
2026-05-25,15.50,Transporte,Fila 3795
2026-05-26,16.50,Transporte,Fila 3796
2026-05-27,17.50,Transporte,Fila 3797
2026-05-28,18.50,Transporte,Fila 3798
2026-05-29,19.50,Transporte,Fila 3799
2026-05-30,20.50,Transporte,Fila 3800
2026-05-31,21.50,Transporte,Fila 3801
2026-06-01,22.50,Transporte,Fila 3802
2026-06-02,23.50,Transporte,Fila 3803
2026-06-03,24.50,Transporte,Fila 3804
2026-06-04,25.50,Transporte,Fila 3805
2026-06-05,26.50,Transporte,Fila 3806
2026-06-06,27.50,Transporte,Fila 3807
2026-06-07,28.50,Transporte,Fila 3808
2026-06-08,29.50,Transporte,Fila 3809
2026-06-09,30.50,Transporte,Fila 3810
2026-06-10,31.50,Transporte,Fila 3811
2026-06-11,32.50,Transporte,Fila 3812
2026-06-12,33.50,Transporte,Fila 3813
2026-06-13,34.50,Transporte,Fila 3814
2026-06-14,35.50,Transporte,Fila 3815
2026-06-15,36.50,Transporte,Fila 3816
2026-06-16,37.50,Transporte,Fila 3817
2026-06-17,38.50,Transporte,Fila 3818
2026-06-18,39.50,Transporte,Fila 3819
2026-06-19,40.50,Transporte,Fila 3820
2026-06-20,41.50,Transporte,Fila 3821
2026-06-21,42.50,Transporte,Fila 3822
2026-06-22,43.50,Transporte,Fila 3823
2026-06-23,44.50,Transporte,Fila 3824
2026-06-24,45.50,Transporte,Fila 3825
2026-06-25,46.50,Transporte,Fila 3826
2026-06-26,47.50,Transporte,Fila 3827
2026-06-27,48.50,Transporte,Fila 3828
2026-06-28,49.50,Transporte,Fila 3829
2026-06-29,50.50,Transporte,Fila 3830
2026-06-30,51.50,Transporte,Fila 3831
2026-07-01,52.50,Transporte,Fila 3832
2026-07-02,53.50,Transporte,Fila 3833
2026-07-03,54.50,Transporte,Fila 3834
2026-07-04,55.50,Transporte,Fila 3835
2026-07-05,56.50,Transporte,Fila 3836
2026-07-06,57.50,Transporte,Fila 3837
2026-07-07,58.50,Transporte,Fila 3838
2026-07-08,59.50,Transporte,Fila 3839
2026-07-09,60.50,Transporte,Fila 3840
2026-07-10,61.50,Transporte,Fila 3841
2026-07-11,62.50,Transporte,Fila 3842
2026-07-12,63.50,Transporte,Fila 3843
2026-07-13,64.50,Transporte,Fila 3844
2026-07-14,65.50,Transporte,Fila 3845
2026-07-15,66.50,Transporte,Fila 3846
2026-07-16,67.50,Transporte,Fila 3847
2026-07-17,68.50,Transporte,Fila 3848
2026-07-18,69.50,Transporte,Fila 3849
2026-07-19,70.50,Transporte,Fila 3850
2026-07-20,71.50,Transporte,Fila 3851
2026-07-21,72.50,Transporte,Fila 3852
2026-07-22,73.50,Transporte,Fila 3853
2026-07-23,74.50,Transporte,Fila 3854
2026-07-24,75.50,Transporte,Fila 3855
2026-07-25,76.50,Transporte,Fila 3856
2026-07-26,77.50,Transporte,Fila 3857
2026-07-27,78.50,Transporte,Fila 3858
2026-07-28,79.50,Transporte,Fila 3859
2026-07-29,80.50,Transporte,Fila 3860
2026-07-30,81.50,Transporte,Fila 3861
2026-07-31,82.50,Transporte,Fila 3862
2026-08-01,83.50,Transporte,Fila 3863
2026-08-02,84.50,Transporte,Fila 3864
2026-08-03,85.50,Transporte,Fila 3865
2026-08-04,86.50,Transporte,Fila 3866
2026-08-05,87.50,Transporte,Fila 3867
2026-08-06,88.50,Transporte,Fila 3868
2026-08-07,89.50,Transporte,Fila 3869
2026-08-08,90.50,Transporte,Fila 3870
2026-08-09,1.50,Transporte,Fila 3871
2026-08-10,2.50,Transporte,Fila 3872
2026-08-11,3.50,Transporte,Fila 3873
2026-08-12,4.50,Transporte,Fila 3874
2026-08-13,5.50,Transporte,Fila 3875
2026-08-14,6.50,Transporte,Fila 3876
2026-08-15,7.50,Transporte,Fila 3877
2026-08-16,8.50,Transporte,Fila 3878
2026-08-17,9.50,Transporte,Fila 3879
2026-08-18,10.50,Transporte,Fila 3880
2026-08-19,11.50,Transporte,Fila 3881
2026-08-20,12.50,Transporte,Fila 3882
2026-08-21,13.50,Transporte,Fila 3883
2026-08-22,14.50,Transporte,Fila 3884
2026-08-23,15.50,Transporte,Fila 3885
2026-08-24,16.50,Transporte,Fila 3886
2026-08-25,17.50,Transporte,Fila 3887
2026-08-26,18.50,Transporte,Fila 3888
2026-08-27,19.50,Transporte,Fila 3889
2026-08-28,20.50,Transporte,Fila 3890
2026-08-29,21.50,Transporte,Fila 3891
2026-08-30,22.50,Transporte,Fila 3892
2026-08-31,23.50,Transporte,Fila 3893
2026-09-01,24.50,Transporte,Fila 3894
2026-09-02,25.50,Transporte,Fila 3895
2026-09-03,26.50,Transporte,Fila 3896
2026-09-04,27.50,Transporte,Fila 3897
2026-09-05,28.50,Transporte,Fila 3898
2026-09-06,29.50,Transporte,Fila 3899
2026-09-07,30.50,Transporte,Fila 3900
2026-09-08,31.50,Transporte,Fila 3901
2026-09-09,32.50,Transporte,Fila 3902
2026-09-10,33.50,Transporte,Fila 3903
2026-09-11,34.50,Transporte,Fila 3904
2026-09-12,35.50,Transporte,Fila 3905
2026-09-13,36.50,Transporte,Fila 3906
2026-09-14,37.50,Transporte,Fila 3907
2026-09-15,38.50,Transporte,Fila 3908
2026-09-16,39.50,Transporte,Fila 3909
2026-09-17,40.50,Transporte,Fila 3910
2026-09-18,41.50,Transporte,Fila 3911
2026-09-19,42.50,Transporte,Fila 3912
2026-09-20,43.50,Transporte,Fila 3913
2026-09-21,44.50,Transporte,Fila 3914
2026-09-22,45.50,Transporte,Fila 3915
2026-09-23,46.50,Transporte,Fila 3916
2026-09-24,47.50,Transporte,Fila 3917
2026-09-25,48.50,Transporte,Fila 3918
2026-09-26,49.50,Transporte,Fila 3919
2026-09-27,50.50,Transporte,Fila 3920
2026-09-28,51.50,Transporte,Fila 3921
2026-09-29,52.50,Transporte,Fila 3922
2026-09-30,53.50,Transporte,Fila 3923
2026-10-01,54.50,Transporte,Fila 3924
2026-10-02,55.50,Transporte,Fila 3925
2026-10-03,56.50,Transporte,Fila 3926
2026-10-04,57.50,Transporte,Fila 3927
2026-10-05,58.50,Transporte,Fila 3928
2026-10-06,59.50,Transporte,Fila 3929
2026-10-07,60.50,Transporte,Fila 3930
2026-10-08,61.50,Transporte,Fila 3931
2026-10-09,62.50,Transporte,Fila 3932
2026-10-10,63.50,Transporte,Fila 3933
2026-10-11,64.50,Transporte,Fila 3934
2026-10-12,65.50,Transporte,Fila 3935
2026-10-13,66.50,Transporte,Fila 3936
2026-10-14,67.50,Transporte,Fila 3937
2026-10-15,68.50,Transporte,Fila 3938
2026-10-16,69.50,Transporte,Fila 3939
2026-10-17,70.50,Transporte,Fila 3940
2026-10-18,71.50,Transporte,Fila 3941
2026-10-19,72.50,Transporte,Fila 3942
2026-10-20,73.50,Transporte,Fila 3943
2026-10-21,74.50,Transporte,Fila 3944
2026-10-22,75.50,Transporte,Fila 3945
2026-10-23,76.50,Transporte,Fila 3946
2026-10-24,77.50,Transporte,Fila 3947
2026-10-25,78.50,Transporte,Fila 3948
2026-10-26,79.50,Transporte,Fila 3949
2026-10-27,80.50,Transporte,Fila 3950
2026-10-28,81.50,Transporte,Fila 3951
2026-10-29,82.50,Transporte,Fila 3952
2026-10-30,83.50,Transporte,Fila 3953
2026-10-31,84.50,Transporte,Fila 3954
2026-11-01,85.50,Transporte,Fila 3955
2026-11-02,86.50,Transporte,Fila 3956
2026-11-03,87.50,Transporte,Fila 3957
2026-11-04,88.50,Transporte,Fila 3958
2026-11-05,89.50,Transporte,Fila 3959
2026-11-06,90.50,Transporte,Fila 3960
2026-11-07,1.50,Transporte,Fila 3961
2026-11-08,2.50,Transporte,Fila 3962
2026-11-09,3.50,Transporte,Fila 3963
2026-11-10,4.50,Transporte,Fila 3964
2026-11-11,5.50,Transporte,Fila 3965
2026-11-12,6.50,Transporte,Fila 3966
2026-11-13,7.50,Transporte,Fila 3967
2026-11-14,8.50,Transporte,Fila 3968
2026-11-15,9.50,Transporte,Fila 3969
2026-11-16,10.50,Transporte,Fila 3970
2026-11-17,11.50,Transporte,Fila 3971
2026-11-18,12.50,Transporte,Fila 3972
2026-11-19,13.50,Transporte,Fila 3973
2026-11-20,14.50,Transporte,Fila 3974
2026-11-21,15.50,Transporte,Fila 3975
2026-11-22,16.50,Transporte,Fila 3976
2026-11-23,17.50,Transporte,Fila 3977
2026-11-24,18.50,Transporte,Fila 3978
2026-11-25,19.50,Transporte,Fila 3979
2026-11-26,20.50,Transporte,Fila 3980
2026-11-27,21.50,Transporte,Fila 3981
2026-11-28,22.50,Transporte,Fila 3982
2026-11-29,23.50,Transporte,Fila 3983
2026-11-30,24.50,Transporte,Fila 3984
2026-12-01,25.50,Transporte,Fila 3985
2026-12-02,26.50,Transporte,Fila 3986
2026-12-03,27.50,Transporte,Fila 3987
2026-12-04,28.50,Transporte,Fila 3988
2026-12-05,29.50,Transporte,Fila 3989
2026-12-06,30.50,Transporte,Fila 3990
2026-12-07,31.50,Transporte,Fila 3991
2026-12-08,32.50,Transporte,Fila 3992
2026-12-09,33.50,Transporte,Fila 3993
2026-12-10,34.50,Transporte,Fila 3994
2026-12-11,35.50,Transporte,Fila 3995
2026-12-12,36.50,Transporte,Fila 3996
2026-12-13,37.50,Transporte,Fila 3997
2026-12-14,38.50,Transporte,Fila 3998
2026-12-15,39.50,Transporte,Fila 3999
2026-12-16,40.50,Transporte,Fila 4000
2026-12-17,41.50,Transporte,Fila 4001
2026-12-18,42.50,Transporte,Fila 4002
2026-12-19,43.50,Transporte,Fila 4003
2026-12-20,44.50,Transporte,Fila 4004
2026-12-21,45.50,Transporte,Fila 4005
2026-12-22,46.50,Transporte,Fila 4006
2026-12-23,47.50,Transporte,Fila 4007
2026-12-24,48.50,Transporte,Fila 4008
2026-12-25,49.50,Transporte,Fila 4009
2026-12-26,50.50,Transporte,Fila 4010
2026-12-27,51.50,Transporte,Fila 4011
2026-12-28,52.50,Transporte,Fila 4012
2026-12-29,53.50,Transporte,Fila 4013
2026-12-30,54.50,Transporte,Fila 4014
2026-12-31,55.50,Transporte,Fila 4015
2026-01-01,56.50,Transporte,Fila 4016
2026-01-02,57.50,Transporte,Fila 4017
2026-01-03,58.50,Transporte,Fila 4018
2026-01-04,59.50,Transporte,Fila 4019
2026-01-05,60.50,Transporte,Fila 4020
2026-01-06,61.50,Transporte,Fila 4021
2026-01-07,62.50,Transporte,Fila 4022
2026-01-08,63.50,Transporte,Fila 4023
2026-01-09,64.50,Transporte,Fila 4024
2026-01-10,65.50,Transporte,Fila 4025
2026-01-11,66.50,Transporte,Fila 4026
2026-01-12,67.50,Transporte,Fila 4027
2026-01-13,68.50,Transporte,Fila 4028
2026-01-14,69.50,Transporte,Fila 4029
2026-01-15,70.50,Transporte,Fila 4030
2026-01-16,71.50,Transporte,Fila 4031
2026-01-17,72.50,Transporte,Fila 4032
2026-01-18,73.50,Transporte,Fila 4033
2026-01-19,74.50,Transporte,Fila 4034
2026-01-20,75.50,Transporte,Fila 4035
2026-01-21,76.50,Transporte,Fila 4036
2026-01-22,77.50,Transporte,Fila 4037
2026-01-23,78.50,Transporte,Fila 4038
2026-01-24,79.50,Transporte,Fila 4039
2026-01-25,80.50,Transporte,Fila 4040
2026-01-26,81.50,Transporte,Fila 4041
2026-01-27,82.50,Transporte,Fila 4042
2026-01-28,83.50,Transporte,Fila 4043
2026-01-29,84.50,Transporte,Fila 4044
2026-01-30,85.50,Transporte,Fila 4045
2026-01-31,86.50,Transporte,Fila 4046
2026-02-01,87.50,Transporte,Fila 4047
2026-02-02,88.50,Transporte,Fila 4048
2026-02-03,89.50,Transporte,Fila 4049
2026-02-04,90.50,Transporte,Fila 4050
2026-02-05,1.50,Transporte,Fila 4051
2026-02-06,2.50,Transporte,Fila 4052
2026-02-07,3.50,Transporte,Fila 4053
2026-02-08,4.50,Transporte,Fila 4054
2026-02-09,5.50,Transporte,Fila 4055
2026-02-10,6.50,Transporte,Fila 4056
2026-02-11,7.50,Transporte,Fila 4057
2026-02-12,8.50,Transporte,Fila 4058
2026-02-13,9.50,Transporte,Fila 4059
2026-02-14,10.50,Transporte,Fila 4060
2026-02-15,11.50,Transporte,Fila 4061
2026-02-16,12.50,Transporte,Fila 4062
2026-02-17,13.50,Transporte,Fila 4063
2026-02-18,14.50,Transporte,Fila 4064
2026-02-19,15.50,Transporte,Fila 4065
2026-02-20,16.50,Transporte,Fila 4066
2026-02-21,17.50,Transporte,Fila 4067
2026-02-22,18.50,Transporte,Fila 4068
2026-02-23,19.50,Transporte,Fila 4069
2026-02-24,20.50,Transporte,Fila 4070
2026-02-25,21.50,Transporte,Fila 4071
2026-02-26,22.50,Transporte,Fila 4072
2026-02-27,23.50,Transporte,Fila 4073
2026-02-28,24.50,Transporte,Fila 4074
2026-03-01,25.50,Transporte,Fila 4075
2026-03-02,26.50,Transporte,Fila 4076
2026-03-03,27.50,Transporte,Fila 4077
2026-03-04,28.50,Transporte,Fila 4078
2026-03-05,29.50,Transporte,Fila 4079
2026-03-06,30.50,Transporte,Fila 4080
2026-03-07,31.50,Transporte,Fila 4081
2026-03-08,32.50,Transporte,Fila 4082
2026-03-09,33.50,Transporte,Fila 4083
2026-03-10,34.50,Transporte,Fila 4084
2026-03-11,35.50,Transporte,Fila 4085
2026-03-12,36.50,Transporte,Fila 4086
2026-03-13,37.50,Transporte,Fila 4087
2026-03-14,38.50,Transporte,Fila 4088
2026-03-15,39.50,Transporte,Fila 4089
2026-03-16,40.50,Transporte,Fila 4090
2026-03-17,41.50,Transporte,Fila 4091
2026-03-18,42.50,Transporte,Fila 4092
2026-03-19,43.50,Transporte,Fila 4093
2026-03-20,44.50,Transporte,Fila 4094
2026-03-21,45.50,Transporte,Fila 4095
2026-03-22,46.50,Transporte,Fila 4096
2026-03-23,47.50,Transporte,Fila 4097
2026-03-24,48.50,Transporte,Fila 4098
2026-03-25,49.50,Transporte,Fila 4099
2026-03-26,50.50,Transporte,Fila 4100
2026-03-27,51.50,Transporte,Fila 4101
2026-03-28,52.50,Transporte,Fila 4102
2026-03-29,53.50,Transporte,Fila 4103
2026-03-30,54.50,Transporte,Fila 4104
2026-03-31,55.50,Transporte,Fila 4105
2026-04-01,56.50,Transporte,Fila 4106
2026-04-02,57.50,Transporte,Fila 4107
2026-04-03,58.50,Transporte,Fila 4108
2026-04-04,59.50,Transporte,Fila 4109
2026-04-05,60.50,Transporte,Fila 4110
2026-04-06,61.50,Transporte,Fila 4111
2026-04-07,62.50,Transporte,Fila 4112
2026-04-08,63.50,Transporte,Fila 4113
2026-04-09,64.50,Transporte,Fila 4114
2026-04-10,65.50,Transporte,Fila 4115
2026-04-11,66.50,Transporte,Fila 4116
2026-04-12,67.50,Transporte,Fila 4117
2026-04-13,68.50,Transporte,Fila 4118
2026-04-14,69.50,Transporte,Fila 4119
2026-04-15,70.50,Transporte,Fila 4120
2026-04-16,71.50,Transporte,Fila 4121
2026-04-17,72.50,Transporte,Fila 4122
2026-04-18,73.50,Transporte,Fila 4123
2026-04-19,74.50,Transporte,Fila 4124
2026-04-20,75.50,Transporte,Fila 4125
2026-04-21,76.50,Transporte,Fila 4126
2026-04-22,77.50,Transporte,Fila 4127
2026-04-23,78.50,Transporte,Fila 4128
2026-04-24,79.50,Transporte,Fila 4129
2026-04-25,80.50,Transporte,Fila 4130
2026-04-26,81.50,Transporte,Fila 4131
2026-04-27,82.50,Transporte,Fila 4132
2026-04-28,83.50,Transporte,Fila 4133
2026-04-29,84.50,Transporte,Fila 4134
2026-04-30,85.50,Transporte,Fila 4135
2026-05-01,86.50,Transporte,Fila 4136
2026-05-02,87.50,Transporte,Fila 4137
2026-05-03,88.50,Transporte,Fila 4138
2026-05-04,89.50,Transporte,Fila 4139
2026-05-05,90.50,Transporte,Fila 4140
2026-05-06,1.50,Transporte,Fila 4141
2026-05-07,2.50,Transporte,Fila 4142
2026-05-08,3.50,Transporte,Fila 4143
2026-05-09,4.50,Transporte,Fila 4144
2026-05-10,5.50,Transporte,Fila 4145
2026-05-11,6.50,Transporte,Fila 4146
2026-05-12,7.50,Transporte,Fila 4147
2026-05-13,8.50,Transporte,Fila 4148
2026-05-14,9.50,Transporte,Fila 4149
2026-05-15,10.50,Transporte,Fila 4150
2026-05-16,11.50,Transporte,Fila 4151
2026-05-17,12.50,Transporte,Fila 4152
2026-05-18,13.50,Transporte,Fila 4153
2026-05-19,14.50,Transporte,Fila 4154
2026-05-20,15.50,Transporte,Fila 4155
2026-05-21,16.50,Transporte,Fila 4156
2026-05-22,17.50,Transporte,Fila 4157
2026-05-23,18.50,Transporte,Fila 4158
2026-05-24,19.50,Transporte,Fila 4159
2026-05-25,20.50,Transporte,Fila 4160
2026-05-26,21.50,Transporte,Fila 4161
2026-05-27,22.50,Transporte,Fila 4162
2026-05-28,23.50,Transporte,Fila 4163
2026-05-29,24.50,Transporte,Fila 4164
2026-05-30,25.50,Transporte,Fila 4165
2026-05-31,26.50,Transporte,Fila 4166
2026-06-01,27.50,Transporte,Fila 4167
2026-06-02,28.50,Transporte,Fila 4168
2026-06-03,29.50,Transporte,Fila 4169
2026-06-04,30.50,Transporte,Fila 4170
2026-06-05,31.50,Transporte,Fila 4171
2026-06-06,32.50,Transporte,Fila 4172
2026-06-07,33.50,Transporte,Fila 4173
2026-06-08,34.50,Transporte,Fila 4174
2026-06-09,35.50,Transporte,Fila 4175
2026-06-10,36.50,Transporte,Fila 4176
2026-06-11,37.50,Transporte,Fila 4177
2026-06-12,38.50,Transporte,Fila 4178
2026-06-13,39.50,Transporte,Fila 4179
2026-06-14,40.50,Transporte,Fila 4180
2026-06-15,41.50,Transporte,Fila 4181
2026-06-16,42.50,Transporte,Fila 4182
2026-06-17,43.50,Transporte,Fila 4183
2026-06-18,44.50,Transporte,Fila 4184
2026-06-19,45.50,Transporte,Fila 4185
2026-06-20,46.50,Transporte,Fila 4186
2026-06-21,47.50,Transporte,Fila 4187
2026-06-22,48.50,Transporte,Fila 4188
2026-06-23,49.50,Transporte,Fila 4189
2026-06-24,50.50,Transporte,Fila 4190
2026-06-25,51.50,Transporte,Fila 4191
2026-06-26,52.50,Transporte,Fila 4192
2026-06-27,53.50,Transporte,Fila 4193
2026-06-28,54.50,Transporte,Fila 4194
2026-06-29,55.50,Transporte,Fila 4195
2026-06-30,56.50,Transporte,Fila 4196
2026-07-01,57.50,Transporte,Fila 4197
2026-07-02,58.50,Transporte,Fila 4198
2026-07-03,59.50,Transporte,Fila 4199
2026-07-04,60.50,Transporte,Fila 4200
2026-07-05,61.50,Transporte,Fila 4201
2026-07-06,62.50,Transporte,Fila 4202
2026-07-07,63.50,Transporte,Fila 4203
2026-07-08,64.50,Transporte,Fila 4204
2026-07-09,65.50,Transporte,Fila 4205
2026-07-10,66.50,Transporte,Fila 4206
2026-07-11,67.50,Transporte,Fila 4207
2026-07-12,68.50,Transporte,Fila 4208
2026-07-13,69.50,Transporte,Fila 4209
2026-07-14,70.50,Transporte,Fila 4210
2026-07-15,71.50,Transporte,Fila 4211
2026-07-16,72.50,Transporte,Fila 4212
2026-07-17,73.50,Transporte,Fila 4213
2026-07-18,74.50,Transporte,Fila 4214
2026-07-19,75.50,Transporte,Fila 4215
2026-07-20,76.50,Transporte,Fila 4216
2026-07-21,77.50,Transporte,Fila 4217
2026-07-22,78.50,Transporte,Fila 4218
2026-07-23,79.50,Transporte,Fila 4219
2026-07-24,80.50,Transporte,Fila 4220
2026-07-25,81.50,Transporte,Fila 4221
2026-07-26,82.50,Transporte,Fila 4222
2026-07-27,83.50,Transporte,Fila 4223
2026-07-28,84.50,Transporte,Fila 4224
2026-07-29,85.50,Transporte,Fila 4225
2026-07-30,86.50,Transporte,Fila 4226
2026-07-31,87.50,Transporte,Fila 4227
2026-08-01,88.50,Transporte,Fila 4228
2026-08-02,89.50,Transporte,Fila 4229
2026-08-03,90.50,Transporte,Fila 4230
2026-08-04,1.50,Transporte,Fila 4231
2026-08-05,2.50,Transporte,Fila 4232
2026-08-06,3.50,Transporte,Fila 4233
2026-08-07,4.50,Transporte,Fila 4234
2026-08-08,5.50,Transporte,Fila 4235
2026-08-09,6.50,Transporte,Fila 4236
2026-08-10,7.50,Transporte,Fila 4237
2026-08-11,8.50,Transporte,Fila 4238
2026-08-12,9.50,Transporte,Fila 4239
2026-08-13,10.50,Transporte,Fila 4240
2026-08-14,11.50,Transporte,Fila 4241
2026-08-15,12.50,Transporte,Fila 4242
2026-08-16,13.50,Transporte,Fila 4243
2026-08-17,14.50,Transporte,Fila 4244
2026-08-18,15.50,Transporte,Fila 4245
2026-08-19,16.50,Transporte,Fila 4246
2026-08-20,17.50,Transporte,Fila 4247
2026-08-21,18.50,Transporte,Fila 4248
2026-08-22,19.50,Transporte,Fila 4249
2026-08-23,20.50,Transporte,Fila 4250
2026-08-24,21.50,Transporte,Fila 4251
2026-08-25,22.50,Transporte,Fila 4252
2026-08-26,23.50,Transporte,Fila 4253
2026-08-27,24.50,Transporte,Fila 4254
2026-08-28,25.50,Transporte,Fila 4255
2026-08-29,26.50,Transporte,Fila 4256
2026-08-30,27.50,Transporte,Fila 4257
2026-08-31,28.50,Transporte,Fila 4258
2026-09-01,29.50,Transporte,Fila 4259
2026-09-02,30.50,Transporte,Fila 4260
2026-09-03,31.50,Transporte,Fila 4261
2026-09-04,32.50,Transporte,Fila 4262
2026-09-05,33.50,Transporte,Fila 4263
2026-09-06,34.50,Transporte,Fila 4264
2026-09-07,35.50,Transporte,Fila 4265
2026-09-08,36.50,Transporte,Fila 4266
2026-09-09,37.50,Transporte,Fila 4267
2026-09-10,38.50,Transporte,Fila 4268
2026-09-11,39.50,Transporte,Fila 4269
2026-09-12,40.50,Transporte,Fila 4270
2026-09-13,41.50,Transporte,Fila 4271
2026-09-14,42.50,Transporte,Fila 4272
2026-09-15,43.50,Transporte,Fila 4273
2026-09-16,44.50,Transporte,Fila 4274
2026-09-17,45.50,Transporte,Fila 4275
2026-09-18,46.50,Transporte,Fila 4276
2026-09-19,47.50,Transporte,Fila 4277
2026-09-20,48.50,Transporte,Fila 4278
2026-09-21,49.50,Transporte,Fila 4279
2026-09-22,50.50,Transporte,Fila 4280
2026-09-23,51.50,Transporte,Fila 4281
2026-09-24,52.50,Transporte,Fila 4282
2026-09-25,53.50,Transporte,Fila 4283
2026-09-26,54.50,Transporte,Fila 4284
2026-09-27,55.50,Transporte,Fila 4285
2026-09-28,56.50,Transporte,Fila 4286
2026-09-29,57.50,Transporte,Fila 4287
2026-09-30,58.50,Transporte,Fila 4288
2026-10-01,59.50,Transporte,Fila 4289
2026-10-02,60.50,Transporte,Fila 4290
2026-10-03,61.50,Transporte,Fila 4291
2026-10-04,62.50,Transporte,Fila 4292
2026-10-05,63.50,Transporte,Fila 4293
2026-10-06,64.50,Transporte,Fila 4294
2026-10-07,65.50,Transporte,Fila 4295
2026-10-08,66.50,Transporte,Fila 4296
2026-10-09,67.50,Transporte,Fila 4297
2026-10-10,68.50,Transporte,Fila 4298
2026-10-11,69.50,Transporte,Fila 4299
2026-10-12,70.50,Transporte,Fila 4300
2026-10-13,71.50,Transporte,Fila 4301
2026-10-14,72.50,Transporte,Fila 4302
2026-10-15,73.50,Transporte,Fila 4303
2026-10-16,74.50,Transporte,Fila 4304
2026-10-17,75.50,Transporte,Fila 4305
2026-10-18,76.50,Transporte,Fila 4306
2026-10-19,77.50,Transporte,Fila 4307
2026-10-20,78.50,Transporte,Fila 4308
2026-10-21,79.50,Transporte,Fila 4309
2026-10-22,80.50,Transporte,Fila 4310
2026-10-23,81.50,Transporte,Fila 4311
2026-10-24,82.50,Transporte,Fila 4312
2026-10-25,83.50,Transporte,Fila 4313
2026-10-26,84.50,Transporte,Fila 4314
2026-10-27,85.50,Transporte,Fila 4315
2026-10-28,86.50,Transporte,Fila 4316
2026-10-29,87.50,Transporte,Fila 4317
2026-10-30,88.50,Transporte,Fila 4318
2026-10-31,89.50,Transporte,Fila 4319
2026-11-01,90.50,Transporte,Fila 4320
2026-11-02,1.50,Transporte,Fila 4321
2026-11-03,2.50,Transporte,Fila 4322
2026-11-04,3.50,Transporte,Fila 4323
2026-11-05,4.50,Transporte,Fila 4324
2026-11-06,5.50,Transporte,Fila 4325
2026-11-07,6.50,Transporte,Fila 4326
2026-11-08,7.50,Transporte,Fila 4327
2026-11-09,8.50,Transporte,Fila 4328
2026-11-10,9.50,Transporte,Fila 4329
2026-11-11,10.50,Transporte,Fila 4330
2026-11-12,11.50,Transporte,Fila 4331
2026-11-13,12.50,Transporte,Fila 4332
2026-11-14,13.50,Transporte,Fila 4333
2026-11-15,14.50,Transporte,Fila 4334
2026-11-16,15.50,Transporte,Fila 4335
2026-11-17,16.50,Transporte,Fila 4336
2026-11-18,17.50,Transporte,Fila 4337
2026-11-19,18.50,Transporte,Fila 4338
2026-11-20,19.50,Transporte,Fila 4339
2026-11-21,20.50,Transporte,Fila 4340
2026-11-22,21.50,Transporte,Fila 4341
2026-11-23,22.50,Transporte,Fila 4342
2026-11-24,23.50,Transporte,Fila 4343
2026-11-25,24.50,Transporte,Fila 4344
2026-11-26,25.50,Transporte,Fila 4345
2026-11-27,26.50,Transporte,Fila 4346
2026-11-28,27.50,Transporte,Fila 4347
2026-11-29,28.50,Transporte,Fila 4348
2026-11-30,29.50,Transporte,Fila 4349
2026-12-01,30.50,Transporte,Fila 4350
2026-12-02,31.50,Transporte,Fila 4351
2026-12-03,32.50,Transporte,Fila 4352
2026-12-04,33.50,Transporte,Fila 4353
2026-12-05,34.50,Transporte,Fila 4354
2026-12-06,35.50,Transporte,Fila 4355
2026-12-07,36.50,Transporte,Fila 4356
2026-12-08,37.50,Transporte,Fila 4357
2026-12-09,38.50,Transporte,Fila 4358
2026-12-10,39.50,Transporte,Fila 4359
2026-12-11,40.50,Transporte,Fila 4360
2026-12-12,41.50,Transporte,Fila 4361
2026-12-13,42.50,Transporte,Fila 4362
2026-12-14,43.50,Transporte,Fila 4363
2026-12-15,44.50,Transporte,Fila 4364
2026-12-16,45.50,Transporte,Fila 4365
2026-12-17,46.50,Transporte,Fila 4366
2026-12-18,47.50,Transporte,Fila 4367
2026-12-19,48.50,Transporte,Fila 4368
2026-12-20,49.50,Transporte,Fila 4369
2026-12-21,50.50,Transporte,Fila 4370
2026-12-22,51.50,Transporte,Fila 4371
2026-12-23,52.50,Transporte,Fila 4372
2026-12-24,53.50,Transporte,Fila 4373
2026-12-25,54.50,Transporte,Fila 4374
2026-12-26,55.50,Transporte,Fila 4375
2026-12-27,56.50,Transporte,Fila 4376
2026-12-28,57.50,Transporte,Fila 4377
2026-12-29,58.50,Transporte,Fila 4378
2026-12-30,59.50,Transporte,Fila 4379
2026-12-31,60.50,Transporte,Fila 4380
2026-01-01,61.50,Transporte,Fila 4381
2026-01-02,62.50,Transporte,Fila 4382
2026-01-03,63.50,Transporte,Fila 4383
2026-01-04,64.50,Transporte,Fila 4384
2026-01-05,65.50,Transporte,Fila 4385
2026-01-06,66.50,Transporte,Fila 4386
2026-01-07,67.50,Transporte,Fila 4387
2026-01-08,68.50,Transporte,Fila 4388
2026-01-09,69.50,Transporte,Fila 4389
2026-01-10,70.50,Transporte,Fila 4390
2026-01-11,71.50,Transporte,Fila 4391
2026-01-12,72.50,Transporte,Fila 4392
2026-01-13,73.50,Transporte,Fila 4393
2026-01-14,74.50,Transporte,Fila 4394
2026-01-15,75.50,Transporte,Fila 4395
2026-01-16,76.50,Transporte,Fila 4396
2026-01-17,77.50,Transporte,Fila 4397
2026-01-18,78.50,Transporte,Fila 4398
2026-01-19,79.50,Transporte,Fila 4399
2026-01-20,80.50,Transporte,Fila 4400
2026-01-21,81.50,Transporte,Fila 4401
2026-01-22,82.50,Transporte,Fila 4402
2026-01-23,83.50,Transporte,Fila 4403
2026-01-24,84.50,Transporte,Fila 4404
2026-01-25,85.50,Transporte,Fila 4405
2026-01-26,86.50,Transporte,Fila 4406
2026-01-27,87.50,Transporte,Fila 4407
2026-01-28,88.50,Transporte,Fila 4408
2026-01-29,89.50,Transporte,Fila 4409
2026-01-30,90.50,Transporte,Fila 4410
2026-01-31,1.50,Transporte,Fila 4411
2026-02-01,2.50,Transporte,Fila 4412
2026-02-02,3.50,Transporte,Fila 4413
2026-02-03,4.50,Transporte,Fila 4414
2026-02-04,5.50,Transporte,Fila 4415
2026-02-05,6.50,Transporte,Fila 4416
2026-02-06,7.50,Transporte,Fila 4417
2026-02-07,8.50,Transporte,Fila 4418
2026-02-08,9.50,Transporte,Fila 4419
2026-02-09,10.50,Transporte,Fila 4420
2026-02-10,11.50,Transporte,Fila 4421
2026-02-11,12.50,Transporte,Fila 4422
2026-02-12,13.50,Transporte,Fila 4423
2026-02-13,14.50,Transporte,Fila 4424
2026-02-14,15.50,Transporte,Fila 4425
2026-02-15,16.50,Transporte,Fila 4426
2026-02-16,17.50,Transporte,Fila 4427
2026-02-17,18.50,Transporte,Fila 4428
2026-02-18,19.50,Transporte,Fila 4429
2026-02-19,20.50,Transporte,Fila 4430
2026-02-20,21.50,Transporte,Fila 4431
2026-02-21,22.50,Transporte,Fila 4432
2026-02-22,23.50,Transporte,Fila 4433
2026-02-23,24.50,Transporte,Fila 4434
2026-02-24,25.50,Transporte,Fila 4435
2026-02-25,26.50,Transporte,Fila 4436
2026-02-26,27.50,Transporte,Fila 4437
2026-02-27,28.50,Transporte,Fila 4438
2026-02-28,29.50,Transporte,Fila 4439
2026-03-01,30.50,Transporte,Fila 4440
2026-03-02,31.50,Transporte,Fila 4441
2026-03-03,32.50,Transporte,Fila 4442
2026-03-04,33.50,Transporte,Fila 4443
2026-03-05,34.50,Transporte,Fila 4444
2026-03-06,35.50,Transporte,Fila 4445
2026-03-07,36.50,Transporte,Fila 4446
2026-03-08,37.50,Transporte,Fila 4447
2026-03-09,38.50,Transporte,Fila 4448
2026-03-10,39.50,Transporte,Fila 4449
2026-03-11,40.50,Transporte,Fila 4450
2026-03-12,41.50,Transporte,Fila 4451
2026-03-13,42.50,Transporte,Fila 4452
2026-03-14,43.50,Transporte,Fila 4453
2026-03-15,44.50,Transporte,Fila 4454
2026-03-16,45.50,Transporte,Fila 4455
2026-03-17,46.50,Transporte,Fila 4456
2026-03-18,47.50,Transporte,Fila 4457
2026-03-19,48.50,Transporte,Fila 4458
2026-03-20,49.50,Transporte,Fila 4459
2026-03-21,50.50,Transporte,Fila 4460
2026-03-22,51.50,Transporte,Fila 4461
2026-03-23,52.50,Transporte,Fila 4462
2026-03-24,53.50,Transporte,Fila 4463
2026-03-25,54.50,Transporte,Fila 4464
2026-03-26,55.50,Transporte,Fila 4465
2026-03-27,56.50,Transporte,Fila 4466
2026-03-28,57.50,Transporte,Fila 4467
2026-03-29,58.50,Transporte,Fila 4468
2026-03-30,59.50,Transporte,Fila 4469
2026-03-31,60.50,Transporte,Fila 4470
2026-04-01,61.50,Transporte,Fila 4471
2026-04-02,62.50,Transporte,Fila 4472
2026-04-03,63.50,Transporte,Fila 4473
2026-04-04,64.50,Transporte,Fila 4474
2026-04-05,65.50,Transporte,Fila 4475
2026-04-06,66.50,Transporte,Fila 4476
2026-04-07,67.50,Transporte,Fila 4477
2026-04-08,68.50,Transporte,Fila 4478
2026-04-09,69.50,Transporte,Fila 4479
2026-04-10,70.50,Transporte,Fila 4480
2026-04-11,71.50,Transporte,Fila 4481
2026-04-12,72.50,Transporte,Fila 4482
2026-04-13,73.50,Transporte,Fila 4483
2026-04-14,74.50,Transporte,Fila 4484
2026-04-15,75.50,Transporte,Fila 4485
2026-04-16,76.50,Transporte,Fila 4486
2026-04-17,77.50,Transporte,Fila 4487
2026-04-18,78.50,Transporte,Fila 4488
2026-04-19,79.50,Transporte,Fila 4489
2026-04-20,80.50,Transporte,Fila 4490
2026-04-21,81.50,Transporte,Fila 4491
2026-04-22,82.50,Transporte,Fila 4492
2026-04-23,83.50,Transporte,Fila 4493
2026-04-24,84.50,Transporte,Fila 4494
2026-04-25,85.50,Transporte,Fila 4495
2026-04-26,86.50,Transporte,Fila 4496
2026-04-27,87.50,Transporte,Fila 4497
2026-04-28,88.50,Transporte,Fila 4498
2026-04-29,89.50,Transporte,Fila 4499
2026-04-30,90.50,Transporte,Fila 4500
2026-05-01,1.50,Transporte,Fila 4501
2026-05-02,2.50,Transporte,Fila 4502
2026-05-03,3.50,Transporte,Fila 4503
2026-05-04,4.50,Transporte,Fila 4504
2026-05-05,5.50,Transporte,Fila 4505
2026-05-06,6.50,Transporte,Fila 4506
2026-05-07,7.50,Transporte,Fila 4507
2026-05-08,8.50,Transporte,Fila 4508
2026-05-09,9.50,Transporte,Fila 4509
2026-05-10,10.50,Transporte,Fila 4510
2026-05-11,11.50,Transporte,Fila 4511
2026-05-12,12.50,Transporte,Fila 4512
2026-05-13,13.50,Transporte,Fila 4513
2026-05-14,14.50,Transporte,Fila 4514
2026-05-15,15.50,Transporte,Fila 4515
2026-05-16,16.50,Transporte,Fila 4516
2026-05-17,17.50,Transporte,Fila 4517
2026-05-18,18.50,Transporte,Fila 4518
2026-05-19,19.50,Transporte,Fila 4519
2026-05-20,20.50,Transporte,Fila 4520
2026-05-21,21.50,Transporte,Fila 4521
2026-05-22,22.50,Transporte,Fila 4522
2026-05-23,23.50,Transporte,Fila 4523
2026-05-24,24.50,Transporte,Fila 4524
2026-05-25,25.50,Transporte,Fila 4525
2026-05-26,26.50,Transporte,Fila 4526
2026-05-27,27.50,Transporte,Fila 4527
2026-05-28,28.50,Transporte,Fila 4528
2026-05-29,29.50,Transporte,Fila 4529
2026-05-30,30.50,Transporte,Fila 4530
2026-05-31,31.50,Transporte,Fila 4531
2026-06-01,32.50,Transporte,Fila 4532
2026-06-02,33.50,Transporte,Fila 4533
2026-06-03,34.50,Transporte,Fila 4534
2026-06-04,35.50,Transporte,Fila 4535
2026-06-05,36.50,Transporte,Fila 4536
2026-06-06,37.50,Transporte,Fila 4537
2026-06-07,38.50,Transporte,Fila 4538
2026-06-08,39.50,Transporte,Fila 4539
2026-06-09,40.50,Transporte,Fila 4540
2026-06-10,41.50,Transporte,Fila 4541
2026-06-11,42.50,Transporte,Fila 4542
2026-06-12,43.50,Transporte,Fila 4543
2026-06-13,44.50,Transporte,Fila 4544
2026-06-14,45.50,Transporte,Fila 4545
2026-06-15,46.50,Transporte,Fila 4546
2026-06-16,47.50,Transporte,Fila 4547
2026-06-17,48.50,Transporte,Fila 4548
2026-06-18,49.50,Transporte,Fila 4549
2026-06-19,50.50,Transporte,Fila 4550
2026-06-20,51.50,Transporte,Fila 4551
2026-06-21,52.50,Transporte,Fila 4552
2026-06-22,53.50,Transporte,Fila 4553
2026-06-23,54.50,Transporte,Fila 4554
2026-06-24,55.50,Transporte,Fila 4555
2026-06-25,56.50,Transporte,Fila 4556
2026-06-26,57.50,Transporte,Fila 4557
2026-06-27,58.50,Transporte,Fila 4558
2026-06-28,59.50,Transporte,Fila 4559
2026-06-29,60.50,Transporte,Fila 4560
2026-06-30,61.50,Transporte,Fila 4561
2026-07-01,62.50,Transporte,Fila 4562
2026-07-02,63.50,Transporte,Fila 4563
2026-07-03,64.50,Transporte,Fila 4564
2026-07-04,65.50,Transporte,Fila 4565
2026-07-05,66.50,Transporte,Fila 4566
2026-07-06,67.50,Transporte,Fila 4567
2026-07-07,68.50,Transporte,Fila 4568
2026-07-08,69.50,Transporte,Fila 4569
2026-07-09,70.50,Transporte,Fila 4570
2026-07-10,71.50,Transporte,Fila 4571
2026-07-11,72.50,Transporte,Fila 4572
2026-07-12,73.50,Transporte,Fila 4573
2026-07-13,74.50,Transporte,Fila 4574
2026-07-14,75.50,Transporte,Fila 4575
2026-07-15,76.50,Transporte,Fila 4576
2026-07-16,77.50,Transporte,Fila 4577
2026-07-17,78.50,Transporte,Fila 4578
2026-07-18,79.50,Transporte,Fila 4579
2026-07-19,80.50,Transporte,Fila 4580
2026-07-20,81.50,Transporte,Fila 4581
2026-07-21,82.50,Transporte,Fila 4582
2026-07-22,83.50,Transporte,Fila 4583
2026-07-23,84.50,Transporte,Fila 4584
2026-07-24,85.50,Transporte,Fila 4585
2026-07-25,86.50,Transporte,Fila 4586
2026-07-26,87.50,Transporte,Fila 4587
2026-07-27,88.50,Transporte,Fila 4588
2026-07-28,89.50,Transporte,Fila 4589
2026-07-29,90.50,Transporte,Fila 4590
2026-07-30,1.50,Transporte,Fila 4591
2026-07-31,2.50,Transporte,Fila 4592
2026-08-01,3.50,Transporte,Fila 4593
2026-08-02,4.50,Transporte,Fila 4594
2026-08-03,5.50,Transporte,Fila 4595
2026-08-04,6.50,Transporte,Fila 4596
2026-08-05,7.50,Transporte,Fila 4597
2026-08-06,8.50,Transporte,Fila 4598
2026-08-07,9.50,Transporte,Fila 4599
2026-08-08,10.50,Transporte,Fila 4600
2026-08-09,11.50,Transporte,Fila 4601
2026-08-10,12.50,Transporte,Fila 4602
2026-08-11,13.50,Transporte,Fila 4603
2026-08-12,14.50,Transporte,Fila 4604
2026-08-13,15.50,Transporte,Fila 4605
2026-08-14,16.50,Transporte,Fila 4606
2026-08-15,17.50,Transporte,Fila 4607
2026-08-16,18.50,Transporte,Fila 4608
2026-08-17,19.50,Transporte,Fila 4609
2026-08-18,20.50,Transporte,Fila 4610
2026-08-19,21.50,Transporte,Fila 4611
2026-08-20,22.50,Transporte,Fila 4612
2026-08-21,23.50,Transporte,Fila 4613
2026-08-22,24.50,Transporte,Fila 4614
2026-08-23,25.50,Transporte,Fila 4615
2026-08-24,26.50,Transporte,Fila 4616
2026-08-25,27.50,Transporte,Fila 4617
2026-08-26,28.50,Transporte,Fila 4618
2026-08-27,29.50,Transporte,Fila 4619
2026-08-28,30.50,Transporte,Fila 4620
2026-08-29,31.50,Transporte,Fila 4621
2026-08-30,32.50,Transporte,Fila 4622
2026-08-31,33.50,Transporte,Fila 4623
2026-09-01,34.50,Transporte,Fila 4624
2026-09-02,35.50,Transporte,Fila 4625
2026-09-03,36.50,Transporte,Fila 4626
2026-09-04,37.50,Transporte,Fila 4627
2026-09-05,38.50,Transporte,Fila 4628
2026-09-06,39.50,Transporte,Fila 4629
2026-09-07,40.50,Transporte,Fila 4630
2026-09-08,41.50,Transporte,Fila 4631
2026-09-09,42.50,Transporte,Fila 4632
2026-09-10,43.50,Transporte,Fila 4633
2026-09-11,44.50,Transporte,Fila 4634
2026-09-12,45.50,Transporte,Fila 4635
2026-09-13,46.50,Transporte,Fila 4636
2026-09-14,47.50,Transporte,Fila 4637
2026-09-15,48.50,Transporte,Fila 4638
2026-09-16,49.50,Transporte,Fila 4639
2026-09-17,50.50,Transporte,Fila 4640
2026-09-18,51.50,Transporte,Fila 4641
2026-09-19,52.50,Transporte,Fila 4642
2026-09-20,53.50,Transporte,Fila 4643
2026-09-21,54.50,Transporte,Fila 4644
2026-09-22,55.50,Transporte,Fila 4645
2026-09-23,56.50,Transporte,Fila 4646
2026-09-24,57.50,Transporte,Fila 4647
2026-09-25,58.50,Transporte,Fila 4648
2026-09-26,59.50,Transporte,Fila 4649
2026-09-27,60.50,Transporte,Fila 4650
2026-09-28,61.50,Transporte,Fila 4651
2026-09-29,62.50,Transporte,Fila 4652
2026-09-30,63.50,Transporte,Fila 4653
2026-10-01,64.50,Transporte,Fila 4654
2026-10-02,65.50,Transporte,Fila 4655
2026-10-03,66.50,Transporte,Fila 4656
2026-10-04,67.50,Transporte,Fila 4657
2026-10-05,68.50,Transporte,Fila 4658
2026-10-06,69.50,Transporte,Fila 4659
2026-10-07,70.50,Transporte,Fila 4660
2026-10-08,71.50,Transporte,Fila 4661
2026-10-09,72.50,Transporte,Fila 4662
2026-10-10,73.50,Transporte,Fila 4663
2026-10-11,74.50,Transporte,Fila 4664
2026-10-12,75.50,Transporte,Fila 4665
2026-10-13,76.50,Transporte,Fila 4666
2026-10-14,77.50,Transporte,Fila 4667
2026-10-15,78.50,Transporte,Fila 4668
2026-10-16,79.50,Transporte,Fila 4669
2026-10-17,80.50,Transporte,Fila 4670
2026-10-18,81.50,Transporte,Fila 4671
2026-10-19,82.50,Transporte,Fila 4672
2026-10-20,83.50,Transporte,Fila 4673
2026-10-21,84.50,Transporte,Fila 4674
2026-10-22,85.50,Transporte,Fila 4675
2026-10-23,86.50,Transporte,Fila 4676
2026-10-24,87.50,Transporte,Fila 4677
2026-10-25,88.50,Transporte,Fila 4678
2026-10-26,89.50,Transporte,Fila 4679
2026-10-27,90.50,Transporte,Fila 4680
2026-10-28,1.50,Transporte,Fila 4681
2026-10-29,2.50,Transporte,Fila 4682
2026-10-30,3.50,Transporte,Fila 4683
2026-10-31,4.50,Transporte,Fila 4684
2026-11-01,5.50,Transporte,Fila 4685
2026-11-02,6.50,Transporte,Fila 4686
2026-11-03,7.50,Transporte,Fila 4687
2026-11-04,8.50,Transporte,Fila 4688
2026-11-05,9.50,Transporte,Fila 4689
2026-11-06,10.50,Transporte,Fila 4690
2026-11-07,11.50,Transporte,Fila 4691
2026-11-08,12.50,Transporte,Fila 4692
2026-11-09,13.50,Transporte,Fila 4693
2026-11-10,14.50,Transporte,Fila 4694
2026-11-11,15.50,Transporte,Fila 4695
2026-11-12,16.50,Transporte,Fila 4696
2026-11-13,17.50,Transporte,Fila 4697
2026-11-14,18.50,Transporte,Fila 4698
2026-11-15,19.50,Transporte,Fila 4699
2026-11-16,20.50,Transporte,Fila 4700
2026-11-17,21.50,Transporte,Fila 4701
2026-11-18,22.50,Transporte,Fila 4702
2026-11-19,23.50,Transporte,Fila 4703
2026-11-20,24.50,Transporte,Fila 4704
2026-11-21,25.50,Transporte,Fila 4705
2026-11-22,26.50,Transporte,Fila 4706
2026-11-23,27.50,Transporte,Fila 4707
2026-11-24,28.50,Transporte,Fila 4708
2026-11-25,29.50,Transporte,Fila 4709
2026-11-26,30.50,Transporte,Fila 4710
2026-11-27,31.50,Transporte,Fila 4711
2026-11-28,32.50,Transporte,Fila 4712
2026-11-29,33.50,Transporte,Fila 4713
2026-11-30,34.50,Transporte,Fila 4714
2026-12-01,35.50,Transporte,Fila 4715
2026-12-02,36.50,Transporte,Fila 4716
2026-12-03,37.50,Transporte,Fila 4717
2026-12-04,38.50,Transporte,Fila 4718
2026-12-05,39.50,Transporte,Fila 4719
2026-12-06,40.50,Transporte,Fila 4720
2026-12-07,41.50,Transporte,Fila 4721
2026-12-08,42.50,Transporte,Fila 4722
2026-12-09,43.50,Transporte,Fila 4723
2026-12-10,44.50,Transporte,Fila 4724
2026-12-11,45.50,Transporte,Fila 4725
2026-12-12,46.50,Transporte,Fila 4726
2026-12-13,47.50,Transporte,Fila 4727
2026-12-14,48.50,Transporte,Fila 4728
2026-12-15,49.50,Transporte,Fila 4729
2026-12-16,50.50,Transporte,Fila 4730
2026-12-17,51.50,Transporte,Fila 4731
2026-12-18,52.50,Transporte,Fila 4732
2026-12-19,53.50,Transporte,Fila 4733
2026-12-20,54.50,Transporte,Fila 4734
2026-12-21,55.50,Transporte,Fila 4735
2026-12-22,56.50,Transporte,Fila 4736
2026-12-23,57.50,Transporte,Fila 4737
2026-12-24,58.50,Transporte,Fila 4738
2026-12-25,59.50,Transporte,Fila 4739
2026-12-26,60.50,Transporte,Fila 4740
2026-12-27,61.50,Transporte,Fila 4741
2026-12-28,62.50,Transporte,Fila 4742
2026-12-29,63.50,Transporte,Fila 4743
2026-12-30,64.50,Transporte,Fila 4744
2026-12-31,65.50,Transporte,Fila 4745
2026-01-01,66.50,Transporte,Fila 4746
2026-01-02,67.50,Transporte,Fila 4747
2026-01-03,68.50,Transporte,Fila 4748
2026-01-04,69.50,Transporte,Fila 4749
2026-01-05,70.50,Transporte,Fila 4750
2026-01-06,71.50,Transporte,Fila 4751
2026-01-07,72.50,Transporte,Fila 4752
2026-01-08,73.50,Transporte,Fila 4753
2026-01-09,74.50,Transporte,Fila 4754
2026-01-10,75.50,Transporte,Fila 4755
2026-01-11,76.50,Transporte,Fila 4756
2026-01-12,77.50,Transporte,Fila 4757
2026-01-13,78.50,Transporte,Fila 4758
2026-01-14,79.50,Transporte,Fila 4759
2026-01-15,80.50,Transporte,Fila 4760
2026-01-16,81.50,Transporte,Fila 4761
2026-01-17,82.50,Transporte,Fila 4762
2026-01-18,83.50,Transporte,Fila 4763
2026-01-19,84.50,Transporte,Fila 4764
2026-01-20,85.50,Transporte,Fila 4765
2026-01-21,86.50,Transporte,Fila 4766
2026-01-22,87.50,Transporte,Fila 4767
2026-01-23,88.50,Transporte,Fila 4768
2026-01-24,89.50,Transporte,Fila 4769
2026-01-25,90.50,Transporte,Fila 4770
2026-01-26,1.50,Transporte,Fila 4771
2026-01-27,2.50,Transporte,Fila 4772
2026-01-28,3.50,Transporte,Fila 4773
2026-01-29,4.50,Transporte,Fila 4774
2026-01-30,5.50,Transporte,Fila 4775
2026-01-31,6.50,Transporte,Fila 4776
2026-02-01,7.50,Transporte,Fila 4777
2026-02-02,8.50,Transporte,Fila 4778
2026-02-03,9.50,Transporte,Fila 4779
2026-02-04,10.50,Transporte,Fila 4780
2026-02-05,11.50,Transporte,Fila 4781
2026-02-06,12.50,Transporte,Fila 4782
2026-02-07,13.50,Transporte,Fila 4783
2026-02-08,14.50,Transporte,Fila 4784
2026-02-09,15.50,Transporte,Fila 4785
2026-02-10,16.50,Transporte,Fila 4786
2026-02-11,17.50,Transporte,Fila 4787
2026-02-12,18.50,Transporte,Fila 4788
2026-02-13,19.50,Transporte,Fila 4789
2026-02-14,20.50,Transporte,Fila 4790
2026-02-15,21.50,Transporte,Fila 4791
2026-02-16,22.50,Transporte,Fila 4792
2026-02-17,23.50,Transporte,Fila 4793
2026-02-18,24.50,Transporte,Fila 4794
2026-02-19,25.50,Transporte,Fila 4795
2026-02-20,26.50,Transporte,Fila 4796
2026-02-21,27.50,Transporte,Fila 4797
2026-02-22,28.50,Transporte,Fila 4798
2026-02-23,29.50,Transporte,Fila 4799
2026-02-24,30.50,Transporte,Fila 4800
2026-02-25,31.50,Transporte,Fila 4801
2026-02-26,32.50,Transporte,Fila 4802
2026-02-27,33.50,Transporte,Fila 4803
2026-02-28,34.50,Transporte,Fila 4804
2026-03-01,35.50,Transporte,Fila 4805
2026-03-02,36.50,Transporte,Fila 4806
2026-03-03,37.50,Transporte,Fila 4807
2026-03-04,38.50,Transporte,Fila 4808
2026-03-05,39.50,Transporte,Fila 4809
2026-03-06,40.50,Transporte,Fila 4810
2026-03-07,41.50,Transporte,Fila 4811
2026-03-08,42.50,Transporte,Fila 4812
2026-03-09,43.50,Transporte,Fila 4813
2026-03-10,44.50,Transporte,Fila 4814
2026-03-11,45.50,Transporte,Fila 4815
2026-03-12,46.50,Transporte,Fila 4816
2026-03-13,47.50,Transporte,Fila 4817
2026-03-14,48.50,Transporte,Fila 4818
2026-03-15,49.50,Transporte,Fila 4819
2026-03-16,50.50,Transporte,Fila 4820
2026-03-17,51.50,Transporte,Fila 4821
2026-03-18,52.50,Transporte,Fila 4822
2026-03-19,53.50,Transporte,Fila 4823
2026-03-20,54.50,Transporte,Fila 4824
2026-03-21,55.50,Transporte,Fila 4825
2026-03-22,56.50,Transporte,Fila 4826
2026-03-23,57.50,Transporte,Fila 4827
2026-03-24,58.50,Transporte,Fila 4828
2026-03-25,59.50,Transporte,Fila 4829
2026-03-26,60.50,Transporte,Fila 4830
2026-03-27,61.50,Transporte,Fila 4831
2026-03-28,62.50,Transporte,Fila 4832
2026-03-29,63.50,Transporte,Fila 4833
2026-03-30,64.50,Transporte,Fila 4834
2026-03-31,65.50,Transporte,Fila 4835
2026-04-01,66.50,Transporte,Fila 4836
2026-04-02,67.50,Transporte,Fila 4837
2026-04-03,68.50,Transporte,Fila 4838
2026-04-04,69.50,Transporte,Fila 4839
2026-04-05,70.50,Transporte,Fila 4840
2026-04-06,71.50,Transporte,Fila 4841
2026-04-07,72.50,Transporte,Fila 4842
2026-04-08,73.50,Transporte,Fila 4843
2026-04-09,74.50,Transporte,Fila 4844
2026-04-10,75.50,Transporte,Fila 4845
2026-04-11,76.50,Transporte,Fila 4846
2026-04-12,77.50,Transporte,Fila 4847
2026-04-13,78.50,Transporte,Fila 4848
2026-04-14,79.50,Transporte,Fila 4849
2026-04-15,80.50,Transporte,Fila 4850
2026-04-16,81.50,Transporte,Fila 4851
2026-04-17,82.50,Transporte,Fila 4852
2026-04-18,83.50,Transporte,Fila 4853
2026-04-19,84.50,Transporte,Fila 4854
2026-04-20,85.50,Transporte,Fila 4855
2026-04-21,86.50,Transporte,Fila 4856
2026-04-22,87.50,Transporte,Fila 4857
2026-04-23,88.50,Transporte,Fila 4858
2026-04-24,89.50,Transporte,Fila 4859
2026-04-25,90.50,Transporte,Fila 4860
2026-04-26,1.50,Transporte,Fila 4861
2026-04-27,2.50,Transporte,Fila 4862
2026-04-28,3.50,Transporte,Fila 4863
2026-04-29,4.50,Transporte,Fila 4864
2026-04-30,5.50,Transporte,Fila 4865
2026-05-01,6.50,Transporte,Fila 4866
2026-05-02,7.50,Transporte,Fila 4867
2026-05-03,8.50,Transporte,Fila 4868
2026-05-04,9.50,Transporte,Fila 4869
2026-05-05,10.50,Transporte,Fila 4870
2026-05-06,11.50,Transporte,Fila 4871
2026-05-07,12.50,Transporte,Fila 4872
2026-05-08,13.50,Transporte,Fila 4873
2026-05-09,14.50,Transporte,Fila 4874
2026-05-10,15.50,Transporte,Fila 4875
2026-05-11,16.50,Transporte,Fila 4876
2026-05-12,17.50,Transporte,Fila 4877
2026-05-13,18.50,Transporte,Fila 4878
2026-05-14,19.50,Transporte,Fila 4879
2026-05-15,20.50,Transporte,Fila 4880
2026-05-16,21.50,Transporte,Fila 4881
2026-05-17,22.50,Transporte,Fila 4882
2026-05-18,23.50,Transporte,Fila 4883
2026-05-19,24.50,Transporte,Fila 4884
2026-05-20,25.50,Transporte,Fila 4885
2026-05-21,26.50,Transporte,Fila 4886
2026-05-22,27.50,Transporte,Fila 4887
2026-05-23,28.50,Transporte,Fila 4888
2026-05-24,29.50,Transporte,Fila 4889
2026-05-25,30.50,Transporte,Fila 4890
2026-05-26,31.50,Transporte,Fila 4891
2026-05-27,32.50,Transporte,Fila 4892
2026-05-28,33.50,Transporte,Fila 4893
2026-05-29,34.50,Transporte,Fila 4894
2026-05-30,35.50,Transporte,Fila 4895
2026-05-31,36.50,Transporte,Fila 4896
2026-06-01,37.50,Transporte,Fila 4897
2026-06-02,38.50,Transporte,Fila 4898
2026-06-03,39.50,Transporte,Fila 4899
2026-06-04,40.50,Transporte,Fila 4900
2026-06-05,41.50,Transporte,Fila 4901
2026-06-06,42.50,Transporte,Fila 4902
2026-06-07,43.50,Transporte,Fila 4903
2026-06-08,44.50,Transporte,Fila 4904
2026-06-09,45.50,Transporte,Fila 4905
2026-06-10,46.50,Transporte,Fila 4906
2026-06-11,47.50,Transporte,Fila 4907
2026-06-12,48.50,Transporte,Fila 4908
2026-06-13,49.50,Transporte,Fila 4909
2026-06-14,50.50,Transporte,Fila 4910
2026-06-15,51.50,Transporte,Fila 4911
2026-06-16,52.50,Transporte,Fila 4912
2026-06-17,53.50,Transporte,Fila 4913
2026-06-18,54.50,Transporte,Fila 4914
2026-06-19,55.50,Transporte,Fila 4915
2026-06-20,56.50,Transporte,Fila 4916
2026-06-21,57.50,Transporte,Fila 4917
2026-06-22,58.50,Transporte,Fila 4918
2026-06-23,59.50,Transporte,Fila 4919
2026-06-24,60.50,Transporte,Fila 4920
2026-06-25,61.50,Transporte,Fila 4921
2026-06-26,62.50,Transporte,Fila 4922
2026-06-27,63.50,Transporte,Fila 4923
2026-06-28,64.50,Transporte,Fila 4924
2026-06-29,65.50,Transporte,Fila 4925
2026-06-30,66.50,Transporte,Fila 4926
2026-07-01,67.50,Transporte,Fila 4927
2026-07-02,68.50,Transporte,Fila 4928
2026-07-03,69.50,Transporte,Fila 4929
2026-07-04,70.50,Transporte,Fila 4930
2026-07-05,71.50,Transporte,Fila 4931
2026-07-06,72.50,Transporte,Fila 4932
2026-07-07,73.50,Transporte,Fila 4933
2026-07-08,74.50,Transporte,Fila 4934
2026-07-09,75.50,Transporte,Fila 4935
2026-07-10,76.50,Transporte,Fila 4936
2026-07-11,77.50,Transporte,Fila 4937
2026-07-12,78.50,Transporte,Fila 4938
2026-07-13,79.50,Transporte,Fila 4939
2026-07-14,80.50,Transporte,Fila 4940
2026-07-15,81.50,Transporte,Fila 4941
2026-07-16,82.50,Transporte,Fila 4942
2026-07-17,83.50,Transporte,Fila 4943
2026-07-18,84.50,Transporte,Fila 4944
2026-07-19,85.50,Transporte,Fila 4945
2026-07-20,86.50,Transporte,Fila 4946
2026-07-21,87.50,Transporte,Fila 4947
2026-07-22,88.50,Transporte,Fila 4948
2026-07-23,89.50,Transporte,Fila 4949
2026-07-24,90.50,Transporte,Fila 4950
2026-07-25,1.50,Transporte,Fila 4951
2026-07-26,2.50,Transporte,Fila 4952
2026-07-27,3.50,Transporte,Fila 4953
2026-07-28,4.50,Transporte,Fila 4954
2026-07-29,5.50,Transporte,Fila 4955
2026-07-30,6.50,Transporte,Fila 4956
2026-07-31,7.50,Transporte,Fila 4957
2026-08-01,8.50,Transporte,Fila 4958
2026-08-02,9.50,Transporte,Fila 4959
2026-08-03,10.50,Transporte,Fila 4960
2026-08-04,11.50,Transporte,Fila 4961
2026-08-05,12.50,Transporte,Fila 4962
2026-08-06,13.50,Transporte,Fila 4963
2026-08-07,14.50,Transporte,Fila 4964
2026-08-08,15.50,Transporte,Fila 4965
2026-08-09,16.50,Transporte,Fila 4966
2026-08-10,17.50,Transporte,Fila 4967
2026-08-11,18.50,Transporte,Fila 4968
2026-08-12,19.50,Transporte,Fila 4969
2026-08-13,20.50,Transporte,Fila 4970
2026-08-14,21.50,Transporte,Fila 4971
2026-08-15,22.50,Transporte,Fila 4972
2026-08-16,23.50,Transporte,Fila 4973
2026-08-17,24.50,Transporte,Fila 4974
2026-08-18,25.50,Transporte,Fila 4975
2026-08-19,26.50,Transporte,Fila 4976
2026-08-20,27.50,Transporte,Fila 4977
2026-08-21,28.50,Transporte,Fila 4978
2026-08-22,29.50,Transporte,Fila 4979
2026-08-23,30.50,Transporte,Fila 4980
2026-08-24,31.50,Transporte,Fila 4981
2026-08-25,32.50,Transporte,Fila 4982
2026-08-26,33.50,Transporte,Fila 4983
2026-08-27,34.50,Transporte,Fila 4984
2026-08-28,35.50,Transporte,Fila 4985
2026-08-29,36.50,Transporte,Fila 4986
2026-08-30,37.50,Transporte,Fila 4987
2026-08-31,38.50,Transporte,Fila 4988
2026-09-01,39.50,Transporte,Fila 4989
2026-09-02,40.50,Transporte,Fila 4990
2026-09-03,41.50,Transporte,Fila 4991
2026-09-04,42.50,Transporte,Fila 4992
2026-09-05,43.50,Transporte,Fila 4993
2026-09-06,44.50,Transporte,Fila 4994
2026-09-07,45.50,Transporte,Fila 4995
2026-09-08,46.50,Transporte,Fila 4996
2026-09-09,47.50,Transporte,Fila 4997
2026-09-10,48.50,Transporte,Fila 4998
2026-09-11,49.50,Transporte,Fila 4999
2026-09-12,50.50,Transporte,Fila 5000
2026-09-13,51.50,Transporte,Fila 5001
2026-09-14,52.50,Transporte,Fila 5002
2026-09-15,53.50,Transporte,Fila 5003
2026-09-16,54.50,Transporte,Fila 5004
2026-09-17,55.50,Transporte,Fila 5005
2026-09-18,56.50,Transporte,Fila 5006
2026-09-19,57.50,Transporte,Fila 5007
2026-09-20,58.50,Transporte,Fila 5008
2026-09-21,59.50,Transporte,Fila 5009
2026-09-22,60.50,Transporte,Fila 5010
2026-09-23,61.50,Transporte,Fila 5011
2026-09-24,62.50,Transporte,Fila 5012
2026-09-25,63.50,Transporte,Fila 5013
2026-09-26,64.50,Transporte,Fila 5014
2026-09-27,65.50,Transporte,Fila 5015
2026-09-28,66.50,Transporte,Fila 5016
2026-09-29,67.50,Transporte,Fila 5017
2026-09-30,68.50,Transporte,Fila 5018
2026-10-01,69.50,Transporte,Fila 5019
2026-10-02,70.50,Transporte,Fila 5020
2026-10-03,71.50,Transporte,Fila 5021
2026-10-04,72.50,Transporte,Fila 5022
2026-10-05,73.50,Transporte,Fila 5023
2026-10-06,74.50,Transporte,Fila 5024
2026-10-07,75.50,Transporte,Fila 5025
2026-10-08,76.50,Transporte,Fila 5026
2026-10-09,77.50,Transporte,Fila 5027
2026-10-10,78.50,Transporte,Fila 5028
2026-10-11,79.50,Transporte,Fila 5029
2026-10-12,80.50,Transporte,Fila 5030
2026-10-13,81.50,Transporte,Fila 5031
2026-10-14,82.50,Transporte,Fila 5032
2026-10-15,83.50,Transporte,Fila 5033
2026-10-16,84.50,Transporte,Fila 5034
2026-10-17,85.50,Transporte,Fila 5035
2026-10-18,86.50,Transporte,Fila 5036
2026-10-19,87.50,Transporte,Fila 5037
2026-10-20,88.50,Transporte,Fila 5038
2026-10-21,89.50,Transporte,Fila 5039
2026-10-22,90.50,Transporte,Fila 5040
2026-10-23,1.50,Transporte,Fila 5041
2026-10-24,2.50,Transporte,Fila 5042
2026-10-25,3.50,Transporte,Fila 5043
2026-10-26,4.50,Transporte,Fila 5044
2026-10-27,5.50,Transporte,Fila 5045
2026-10-28,6.50,Transporte,Fila 5046
2026-10-29,7.50,Transporte,Fila 5047
2026-10-30,8.50,Transporte,Fila 5048
2026-10-31,9.50,Transporte,Fila 5049
2026-11-01,10.50,Transporte,Fila 5050
2026-11-02,11.50,Transporte,Fila 5051
2026-11-03,12.50,Transporte,Fila 5052
2026-11-04,13.50,Transporte,Fila 5053
2026-11-05,14.50,Transporte,Fila 5054
2026-11-06,15.50,Transporte,Fila 5055
2026-11-07,16.50,Transporte,Fila 5056
2026-11-08,17.50,Transporte,Fila 5057
2026-11-09,18.50,Transporte,Fila 5058
2026-11-10,19.50,Transporte,Fila 5059
2026-11-11,20.50,Transporte,Fila 5060
2026-11-12,21.50,Transporte,Fila 5061
2026-11-13,22.50,Transporte,Fila 5062
2026-11-14,23.50,Transporte,Fila 5063
2026-11-15,24.50,Transporte,Fila 5064
2026-11-16,25.50,Transporte,Fila 5065
2026-11-17,26.50,Transporte,Fila 5066
2026-11-18,27.50,Transporte,Fila 5067
2026-11-19,28.50,Transporte,Fila 5068
2026-11-20,29.50,Transporte,Fila 5069
2026-11-21,30.50,Transporte,Fila 5070
2026-11-22,31.50,Transporte,Fila 5071
2026-11-23,32.50,Transporte,Fila 5072
2026-11-24,33.50,Transporte,Fila 5073
2026-11-25,34.50,Transporte,Fila 5074
2026-11-26,35.50,Transporte,Fila 5075
2026-11-27,36.50,Transporte,Fila 5076
2026-11-28,37.50,Transporte,Fila 5077
2026-11-29,38.50,Transporte,Fila 5078
2026-11-30,39.50,Transporte,Fila 5079
2026-12-01,40.50,Transporte,Fila 5080
2026-12-02,41.50,Transporte,Fila 5081
2026-12-03,42.50,Transporte,Fila 5082
2026-12-04,43.50,Transporte,Fila 5083
2026-12-05,44.50,Transporte,Fila 5084
2026-12-06,45.50,Transporte,Fila 5085
2026-12-07,46.50,Transporte,Fila 5086
2026-12-08,47.50,Transporte,Fila 5087
2026-12-09,48.50,Transporte,Fila 5088
2026-12-10,49.50,Transporte,Fila 5089
2026-12-11,50.50,Transporte,Fila 5090
2026-12-12,51.50,Transporte,Fila 5091
2026-12-13,52.50,Transporte,Fila 5092
2026-12-14,53.50,Transporte,Fila 5093
2026-12-15,54.50,Transporte,Fila 5094
2026-12-16,55.50,Transporte,Fila 5095
2026-12-17,56.50,Transporte,Fila 5096
2026-12-18,57.50,Transporte,Fila 5097
2026-12-19,58.50,Transporte,Fila 5098
2026-12-20,59.50,Transporte,Fila 5099
2026-12-21,60.50,Transporte,Fila 5100
2026-12-22,61.50,Transporte,Fila 5101
2026-12-23,62.50,Transporte,Fila 5102
2026-12-24,63.50,Transporte,Fila 5103
2026-12-25,64.50,Transporte,Fila 5104
2026-12-26,65.50,Transporte,Fila 5105
2026-12-27,66.50,Transporte,Fila 5106
2026-12-28,67.50,Transporte,Fila 5107
2026-12-29,68.50,Transporte,Fila 5108
2026-12-30,69.50,Transporte,Fila 5109
2026-12-31,70.50,Transporte,Fila 5110
2026-01-01,71.50,Transporte,Fila 5111
2026-01-02,72.50,Transporte,Fila 5112
2026-01-03,73.50,Transporte,Fila 5113
2026-01-04,74.50,Transporte,Fila 5114
2026-01-05,75.50,Transporte,Fila 5115
2026-01-06,76.50,Transporte,Fila 5116
2026-01-07,77.50,Transporte,Fila 5117
2026-01-08,78.50,Transporte,Fila 5118
2026-01-09,79.50,Transporte,Fila 5119
2026-01-10,80.50,Transporte,Fila 5120
2026-01-11,81.50,Transporte,Fila 5121
2026-01-12,82.50,Transporte,Fila 5122
2026-01-13,83.50,Transporte,Fila 5123
2026-01-14,84.50,Transporte,Fila 5124
2026-01-15,85.50,Transporte,Fila 5125
2026-01-16,86.50,Transporte,Fila 5126
2026-01-17,87.50,Transporte,Fila 5127
2026-01-18,88.50,Transporte,Fila 5128
2026-01-19,89.50,Transporte,Fila 5129
2026-01-20,90.50,Transporte,Fila 5130
2026-01-21,1.50,Transporte,Fila 5131
2026-01-22,2.50,Transporte,Fila 5132
2026-01-23,3.50,Transporte,Fila 5133
2026-01-24,4.50,Transporte,Fila 5134
2026-01-25,5.50,Transporte,Fila 5135
2026-01-26,6.50,Transporte,Fila 5136
2026-01-27,7.50,Transporte,Fila 5137
2026-01-28,8.50,Transporte,Fila 5138
2026-01-29,9.50,Transporte,Fila 5139
2026-01-30,10.50,Transporte,Fila 5140
2026-01-31,11.50,Transporte,Fila 5141
2026-02-01,12.50,Transporte,Fila 5142
2026-02-02,13.50,Transporte,Fila 5143
2026-02-03,14.50,Transporte,Fila 5144
2026-02-04,15.50,Transporte,Fila 5145
2026-02-05,16.50,Transporte,Fila 5146
2026-02-06,17.50,Transporte,Fila 5147
2026-02-07,18.50,Transporte,Fila 5148
2026-02-08,19.50,Transporte,Fila 5149
2026-02-09,20.50,Transporte,Fila 5150
2026-02-10,21.50,Transporte,Fila 5151
2026-02-11,22.50,Transporte,Fila 5152
2026-02-12,23.50,Transporte,Fila 5153
2026-02-13,24.50,Transporte,Fila 5154
2026-02-14,25.50,Transporte,Fila 5155
2026-02-15,26.50,Transporte,Fila 5156
2026-02-16,27.50,Transporte,Fila 5157
2026-02-17,28.50,Transporte,Fila 5158
2026-02-18,29.50,Transporte,Fila 5159
2026-02-19,30.50,Transporte,Fila 5160
2026-02-20,31.50,Transporte,Fila 5161
2026-02-21,32.50,Transporte,Fila 5162
2026-02-22,33.50,Transporte,Fila 5163
2026-02-23,34.50,Transporte,Fila 5164
2026-02-24,35.50,Transporte,Fila 5165
2026-02-25,36.50,Transporte,Fila 5166
2026-02-26,37.50,Transporte,Fila 5167
2026-02-27,38.50,Transporte,Fila 5168
2026-02-28,39.50,Transporte,Fila 5169
2026-03-01,40.50,Transporte,Fila 5170
2026-03-02,41.50,Transporte,Fila 5171
2026-03-03,42.50,Transporte,Fila 5172
2026-03-04,43.50,Transporte,Fila 5173
2026-03-05,44.50,Transporte,Fila 5174
2026-03-06,45.50,Transporte,Fila 5175
2026-03-07,46.50,Transporte,Fila 5176
2026-03-08,47.50,Transporte,Fila 5177
2026-03-09,48.50,Transporte,Fila 5178
2026-03-10,49.50,Transporte,Fila 5179
2026-03-11,50.50,Transporte,Fila 5180
2026-03-12,51.50,Transporte,Fila 5181
2026-03-13,52.50,Transporte,Fila 5182
2026-03-14,53.50,Transporte,Fila 5183
2026-03-15,54.50,Transporte,Fila 5184
2026-03-16,55.50,Transporte,Fila 5185
2026-03-17,56.50,Transporte,Fila 5186
2026-03-18,57.50,Transporte,Fila 5187
2026-03-19,58.50,Transporte,Fila 5188
2026-03-20,59.50,Transporte,Fila 5189
2026-03-21,60.50,Transporte,Fila 5190
2026-03-22,61.50,Transporte,Fila 5191
2026-03-23,62.50,Transporte,Fila 5192
2026-03-24,63.50,Transporte,Fila 5193
2026-03-25,64.50,Transporte,Fila 5194
2026-03-26,65.50,Transporte,Fila 5195
2026-03-27,66.50,Transporte,Fila 5196
2026-03-28,67.50,Transporte,Fila 5197
2026-03-29,68.50,Transporte,Fila 5198
2026-03-30,69.50,Transporte,Fila 5199
2026-03-31,70.50,Transporte,Fila 5200
2026-04-01,71.50,Transporte,Fila 5201
2026-04-02,72.50,Transporte,Fila 5202
2026-04-03,73.50,Transporte,Fila 5203
2026-04-04,74.50,Transporte,Fila 5204
2026-04-05,75.50,Transporte,Fila 5205
2026-04-06,76.50,Transporte,Fila 5206
2026-04-07,77.50,Transporte,Fila 5207
2026-04-08,78.50,Transporte,Fila 5208
2026-04-09,79.50,Transporte,Fila 5209
2026-04-10,80.50,Transporte,Fila 5210
2026-04-11,81.50,Transporte,Fila 5211
2026-04-12,82.50,Transporte,Fila 5212
2026-04-13,83.50,Transporte,Fila 5213
2026-04-14,84.50,Transporte,Fila 5214
2026-04-15,85.50,Transporte,Fila 5215
2026-04-16,86.50,Transporte,Fila 5216
2026-04-17,87.50,Transporte,Fila 5217
2026-04-18,88.50,Transporte,Fila 5218
2026-04-19,89.50,Transporte,Fila 5219
2026-04-20,90.50,Transporte,Fila 5220
2026-04-21,1.50,Transporte,Fila 5221
2026-04-22,2.50,Transporte,Fila 5222
2026-04-23,3.50,Transporte,Fila 5223
2026-04-24,4.50,Transporte,Fila 5224
2026-04-25,5.50,Transporte,Fila 5225
2026-04-26,6.50,Transporte,Fila 5226
2026-04-27,7.50,Transporte,Fila 5227
2026-04-28,8.50,Transporte,Fila 5228
2026-04-29,9.50,Transporte,Fila 5229
2026-04-30,10.50,Transporte,Fila 5230
2026-05-01,11.50,Transporte,Fila 5231
2026-05-02,12.50,Transporte,Fila 5232
2026-05-03,13.50,Transporte,Fila 5233
2026-05-04,14.50,Transporte,Fila 5234
2026-05-05,15.50,Transporte,Fila 5235
2026-05-06,16.50,Transporte,Fila 5236
2026-05-07,17.50,Transporte,Fila 5237
2026-05-08,18.50,Transporte,Fila 5238
2026-05-09,19.50,Transporte,Fila 5239
2026-05-10,20.50,Transporte,Fila 5240
2026-05-11,21.50,Transporte,Fila 5241
2026-05-12,22.50,Transporte,Fila 5242
2026-05-13,23.50,Transporte,Fila 5243
2026-05-14,24.50,Transporte,Fila 5244
2026-05-15,25.50,Transporte,Fila 5245
2026-05-16,26.50,Transporte,Fila 5246
2026-05-17,27.50,Transporte,Fila 5247
2026-05-18,28.50,Transporte,Fila 5248
2026-05-19,29.50,Transporte,Fila 5249
2026-05-20,30.50,Transporte,Fila 5250
2026-05-21,31.50,Transporte,Fila 5251
2026-05-22,32.50,Transporte,Fila 5252
2026-05-23,33.50,Transporte,Fila 5253
2026-05-24,34.50,Transporte,Fila 5254
2026-05-25,35.50,Transporte,Fila 5255
2026-05-26,36.50,Transporte,Fila 5256
2026-05-27,37.50,Transporte,Fila 5257
2026-05-28,38.50,Transporte,Fila 5258
2026-05-29,39.50,Transporte,Fila 5259
2026-05-30,40.50,Transporte,Fila 5260
2026-05-31,41.50,Transporte,Fila 5261
2026-06-01,42.50,Transporte,Fila 5262
2026-06-02,43.50,Transporte,Fila 5263
2026-06-03,44.50,Transporte,Fila 5264
2026-06-04,45.50,Transporte,Fila 5265
2026-06-05,46.50,Transporte,Fila 5266
2026-06-06,47.50,Transporte,Fila 5267
2026-06-07,48.50,Transporte,Fila 5268
2026-06-08,49.50,Transporte,Fila 5269
2026-06-09,50.50,Transporte,Fila 5270
2026-06-10,51.50,Transporte,Fila 5271
2026-06-11,52.50,Transporte,Fila 5272
2026-06-12,53.50,Transporte,Fila 5273
2026-06-13,54.50,Transporte,Fila 5274
2026-06-14,55.50,Transporte,Fila 5275
2026-06-15,56.50,Transporte,Fila 5276
2026-06-16,57.50,Transporte,Fila 5277
2026-06-17,58.50,Transporte,Fila 5278
2026-06-18,59.50,Transporte,Fila 5279
2026-06-19,60.50,Transporte,Fila 5280
2026-06-20,61.50,Transporte,Fila 5281
2026-06-21,62.50,Transporte,Fila 5282
2026-06-22,63.50,Transporte,Fila 5283
2026-06-23,64.50,Transporte,Fila 5284
2026-06-24,65.50,Transporte,Fila 5285
2026-06-25,66.50,Transporte,Fila 5286
2026-06-26,67.50,Transporte,Fila 5287
2026-06-27,68.50,Transporte,Fila 5288
2026-06-28,69.50,Transporte,Fila 5289
2026-06-29,70.50,Transporte,Fila 5290
2026-06-30,71.50,Transporte,Fila 5291
2026-07-01,72.50,Transporte,Fila 5292
2026-07-02,73.50,Transporte,Fila 5293
2026-07-03,74.50,Transporte,Fila 5294
2026-07-04,75.50,Transporte,Fila 5295
2026-07-05,76.50,Transporte,Fila 5296
2026-07-06,77.50,Transporte,Fila 5297
2026-07-07,78.50,Transporte,Fila 5298
2026-07-08,79.50,Transporte,Fila 5299
2026-07-09,80.50,Transporte,Fila 5300
2026-07-10,81.50,Transporte,Fila 5301
2026-07-11,82.50,Transporte,Fila 5302
2026-07-12,83.50,Transporte,Fila 5303
2026-07-13,84.50,Transporte,Fila 5304
2026-07-14,85.50,Transporte,Fila 5305
2026-07-15,86.50,Transporte,Fila 5306
2026-07-16,87.50,Transporte,Fila 5307
2026-07-17,88.50,Transporte,Fila 5308
2026-07-18,89.50,Transporte,Fila 5309
2026-07-19,90.50,Transporte,Fila 5310
2026-07-20,1.50,Transporte,Fila 5311
2026-07-21,2.50,Transporte,Fila 5312
2026-07-22,3.50,Transporte,Fila 5313
2026-07-23,4.50,Transporte,Fila 5314
2026-07-24,5.50,Transporte,Fila 5315
2026-07-25,6.50,Transporte,Fila 5316
2026-07-26,7.50,Transporte,Fila 5317
2026-07-27,8.50,Transporte,Fila 5318
2026-07-28,9.50,Transporte,Fila 5319
2026-07-29,10.50,Transporte,Fila 5320
2026-07-30,11.50,Transporte,Fila 5321
2026-07-31,12.50,Transporte,Fila 5322
2026-08-01,13.50,Transporte,Fila 5323
2026-08-02,14.50,Transporte,Fila 5324
2026-08-03,15.50,Transporte,Fila 5325
2026-08-04,16.50,Transporte,Fila 5326
2026-08-05,17.50,Transporte,Fila 5327
2026-08-06,18.50,Transporte,Fila 5328
2026-08-07,19.50,Transporte,Fila 5329
2026-08-08,20.50,Transporte,Fila 5330
2026-08-09,21.50,Transporte,Fila 5331
2026-08-10,22.50,Transporte,Fila 5332
2026-08-11,23.50,Transporte,Fila 5333
2026-08-12,24.50,Transporte,Fila 5334
2026-08-13,25.50,Transporte,Fila 5335
2026-08-14,26.50,Transporte,Fila 5336
2026-08-15,27.50,Transporte,Fila 5337
2026-08-16,28.50,Transporte,Fila 5338
2026-08-17,29.50,Transporte,Fila 5339
2026-08-18,30.50,Transporte,Fila 5340
2026-08-19,31.50,Transporte,Fila 5341
2026-08-20,32.50,Transporte,Fila 5342
2026-08-21,33.50,Transporte,Fila 5343
2026-08-22,34.50,Transporte,Fila 5344
2026-08-23,35.50,Transporte,Fila 5345
2026-08-24,36.50,Transporte,Fila 5346
2026-08-25,37.50,Transporte,Fila 5347
2026-08-26,38.50,Transporte,Fila 5348
2026-08-27,39.50,Transporte,Fila 5349
2026-08-28,40.50,Transporte,Fila 5350
2026-08-29,41.50,Transporte,Fila 5351
2026-08-30,42.50,Transporte,Fila 5352
2026-08-31,43.50,Transporte,Fila 5353
2026-09-01,44.50,Transporte,Fila 5354
2026-09-02,45.50,Transporte,Fila 5355
2026-09-03,46.50,Transporte,Fila 5356
2026-09-04,47.50,Transporte,Fila 5357
2026-09-05,48.50,Transporte,Fila 5358
2026-09-06,49.50,Transporte,Fila 5359
2026-09-07,50.50,Transporte,Fila 5360
2026-09-08,51.50,Transporte,Fila 5361
2026-09-09,52.50,Transporte,Fila 5362
2026-09-10,53.50,Transporte,Fila 5363
2026-09-11,54.50,Transporte,Fila 5364
2026-09-12,55.50,Transporte,Fila 5365
2026-09-13,56.50,Transporte,Fila 5366
2026-09-14,57.50,Transporte,Fila 5367
2026-09-15,58.50,Transporte,Fila 5368
2026-09-16,59.50,Transporte,Fila 5369
2026-09-17,60.50,Transporte,Fila 5370
2026-09-18,61.50,Transporte,Fila 5371
2026-09-19,62.50,Transporte,Fila 5372
2026-09-20,63.50,Transporte,Fila 5373
2026-09-21,64.50,Transporte,Fila 5374
2026-09-22,65.50,Transporte,Fila 5375
2026-09-23,66.50,Transporte,Fila 5376
2026-09-24,67.50,Transporte,Fila 5377
2026-09-25,68.50,Transporte,Fila 5378
2026-09-26,69.50,Transporte,Fila 5379
2026-09-27,70.50,Transporte,Fila 5380
2026-09-28,71.50,Transporte,Fila 5381
2026-09-29,72.50,Transporte,Fila 5382
2026-09-30,73.50,Transporte,Fila 5383
2026-10-01,74.50,Transporte,Fila 5384
2026-10-02,75.50,Transporte,Fila 5385
2026-10-03,76.50,Transporte,Fila 5386
2026-10-04,77.50,Transporte,Fila 5387
2026-10-05,78.50,Transporte,Fila 5388
2026-10-06,79.50,Transporte,Fila 5389
2026-10-07,80.50,Transporte,Fila 5390
2026-10-08,81.50,Transporte,Fila 5391
2026-10-09,82.50,Transporte,Fila 5392
2026-10-10,83.50,Transporte,Fila 5393
2026-10-11,84.50,Transporte,Fila 5394
2026-10-12,85.50,Transporte,Fila 5395
2026-10-13,86.50,Transporte,Fila 5396
2026-10-14,87.50,Transporte,Fila 5397
2026-10-15,88.50,Transporte,Fila 5398
2026-10-16,89.50,Transporte,Fila 5399
2026-10-17,90.50,Transporte,Fila 5400
2026-10-18,1.50,Transporte,Fila 5401
2026-10-19,2.50,Transporte,Fila 5402
2026-10-20,3.50,Transporte,Fila 5403
2026-10-21,4.50,Transporte,Fila 5404
2026-10-22,5.50,Transporte,Fila 5405
2026-10-23,6.50,Transporte,Fila 5406
2026-10-24,7.50,Transporte,Fila 5407
2026-10-25,8.50,Transporte,Fila 5408
2026-10-26,9.50,Transporte,Fila 5409
2026-10-27,10.50,Transporte,Fila 5410
2026-10-28,11.50,Transporte,Fila 5411
2026-10-29,12.50,Transporte,Fila 5412
2026-10-30,13.50,Transporte,Fila 5413
2026-10-31,14.50,Transporte,Fila 5414
2026-11-01,15.50,Transporte,Fila 5415
2026-11-02,16.50,Transporte,Fila 5416
2026-11-03,17.50,Transporte,Fila 5417
2026-11-04,18.50,Transporte,Fila 5418
2026-11-05,19.50,Transporte,Fila 5419
2026-11-06,20.50,Transporte,Fila 5420
2026-11-07,21.50,Transporte,Fila 5421
2026-11-08,22.50,Transporte,Fila 5422
2026-11-09,23.50,Transporte,Fila 5423
2026-11-10,24.50,Transporte,Fila 5424
2026-11-11,25.50,Transporte,Fila 5425
2026-11-12,26.50,Transporte,Fila 5426
2026-11-13,27.50,Transporte,Fila 5427
2026-11-14,28.50,Transporte,Fila 5428
2026-11-15,29.50,Transporte,Fila 5429
2026-11-16,30.50,Transporte,Fila 5430
2026-11-17,31.50,Transporte,Fila 5431
2026-11-18,32.50,Transporte,Fila 5432
2026-11-19,33.50,Transporte,Fila 5433
2026-11-20,34.50,Transporte,Fila 5434
2026-11-21,35.50,Transporte,Fila 5435
2026-11-22,36.50,Transporte,Fila 5436
2026-11-23,37.50,Transporte,Fila 5437
2026-11-24,38.50,Transporte,Fila 5438
2026-11-25,39.50,Transporte,Fila 5439
2026-11-26,40.50,Transporte,Fila 5440
2026-11-27,41.50,Transporte,Fila 5441
2026-11-28,42.50,Transporte,Fila 5442
2026-11-29,43.50,Transporte,Fila 5443
2026-11-30,44.50,Transporte,Fila 5444
2026-12-01,45.50,Transporte,Fila 5445
2026-12-02,46.50,Transporte,Fila 5446
2026-12-03,47.50,Transporte,Fila 5447
2026-12-04,48.50,Transporte,Fila 5448
2026-12-05,49.50,Transporte,Fila 5449
2026-12-06,50.50,Transporte,Fila 5450
2026-12-07,51.50,Transporte,Fila 5451
2026-12-08,52.50,Transporte,Fila 5452
2026-12-09,53.50,Transporte,Fila 5453
2026-12-10,54.50,Transporte,Fila 5454
2026-12-11,55.50,Transporte,Fila 5455
2026-12-12,56.50,Transporte,Fila 5456
2026-12-13,57.50,Transporte,Fila 5457
2026-12-14,58.50,Transporte,Fila 5458
2026-12-15,59.50,Transporte,Fila 5459
2026-12-16,60.50,Transporte,Fila 5460
2026-12-17,61.50,Transporte,Fila 5461
2026-12-18,62.50,Transporte,Fila 5462
2026-12-19,63.50,Transporte,Fila 5463
2026-12-20,64.50,Transporte,Fila 5464
2026-12-21,65.50,Transporte,Fila 5465
2026-12-22,66.50,Transporte,Fila 5466
2026-12-23,67.50,Transporte,Fila 5467
2026-12-24,68.50,Transporte,Fila 5468
2026-12-25,69.50,Transporte,Fila 5469
2026-12-26,70.50,Transporte,Fila 5470
2026-12-27,71.50,Transporte,Fila 5471
2026-12-28,72.50,Transporte,Fila 5472
2026-12-29,73.50,Transporte,Fila 5473
2026-12-30,74.50,Transporte,Fila 5474
2026-12-31,75.50,Transporte,Fila 5475
2026-01-01,76.50,Transporte,Fila 5476
2026-01-02,77.50,Transporte,Fila 5477
2026-01-03,78.50,Transporte,Fila 5478
2026-01-04,79.50,Transporte,Fila 5479
2026-01-05,80.50,Transporte,Fila 5480
2026-01-06,81.50,Transporte,Fila 5481
2026-01-07,82.50,Transporte,Fila 5482
2026-01-08,83.50,Transporte,Fila 5483
2026-01-09,84.50,Transporte,Fila 5484
2026-01-10,85.50,Transporte,Fila 5485
2026-01-11,86.50,Transporte,Fila 5486
2026-01-12,87.50,Transporte,Fila 5487
2026-01-13,88.50,Transporte,Fila 5488
2026-01-14,89.50,Transporte,Fila 5489
2026-01-15,90.50,Transporte,Fila 5490
2026-01-16,1.50,Transporte,Fila 5491
2026-01-17,2.50,Transporte,Fila 5492
2026-01-18,3.50,Transporte,Fila 5493
2026-01-19,4.50,Transporte,Fila 5494
2026-01-20,5.50,Transporte,Fila 5495
2026-01-21,6.50,Transporte,Fila 5496
2026-01-22,7.50,Transporte,Fila 5497
2026-01-23,8.50,Transporte,Fila 5498
2026-01-24,9.50,Transporte,Fila 5499
2026-01-25,10.50,Transporte,Fila 5500
2026-01-26,11.50,Transporte,Fila 5501
2026-01-27,12.50,Transporte,Fila 5502
2026-01-28,13.50,Transporte,Fila 5503
2026-01-29,14.50,Transporte,Fila 5504
2026-01-30,15.50,Transporte,Fila 5505
2026-01-31,16.50,Transporte,Fila 5506
2026-02-01,17.50,Transporte,Fila 5507
2026-02-02,18.50,Transporte,Fila 5508
2026-02-03,19.50,Transporte,Fila 5509
2026-02-04,20.50,Transporte,Fila 5510
2026-02-05,21.50,Transporte,Fila 5511
2026-02-06,22.50,Transporte,Fila 5512
2026-02-07,23.50,Transporte,Fila 5513
2026-02-08,24.50,Transporte,Fila 5514
2026-02-09,25.50,Transporte,Fila 5515
2026-02-10,26.50,Transporte,Fila 5516
2026-02-11,27.50,Transporte,Fila 5517
2026-02-12,28.50,Transporte,Fila 5518
2026-02-13,29.50,Transporte,Fila 5519
2026-02-14,30.50,Transporte,Fila 5520
2026-02-15,31.50,Transporte,Fila 5521
2026-02-16,32.50,Transporte,Fila 5522
2026-02-17,33.50,Transporte,Fila 5523
2026-02-18,34.50,Transporte,Fila 5524
2026-02-19,35.50,Transporte,Fila 5525
2026-02-20,36.50,Transporte,Fila 5526
2026-02-21,37.50,Transporte,Fila 5527
2026-02-22,38.50,Transporte,Fila 5528
2026-02-23,39.50,Transporte,Fila 5529
2026-02-24,40.50,Transporte,Fila 5530
2026-02-25,41.50,Transporte,Fila 5531
2026-02-26,42.50,Transporte,Fila 5532
2026-02-27,43.50,Transporte,Fila 5533
2026-02-28,44.50,Transporte,Fila 5534
2026-03-01,45.50,Transporte,Fila 5535
2026-03-02,46.50,Transporte,Fila 5536
2026-03-03,47.50,Transporte,Fila 5537
2026-03-04,48.50,Transporte,Fila 5538
2026-03-05,49.50,Transporte,Fila 5539
2026-03-06,50.50,Transporte,Fila 5540
2026-03-07,51.50,Transporte,Fila 5541
2026-03-08,52.50,Transporte,Fila 5542
2026-03-09,53.50,Transporte,Fila 5543
2026-03-10,54.50,Transporte,Fila 5544
2026-03-11,55.50,Transporte,Fila 5545
2026-03-12,56.50,Transporte,Fila 5546
2026-03-13,57.50,Transporte,Fila 5547
2026-03-14,58.50,Transporte,Fila 5548
2026-03-15,59.50,Transporte,Fila 5549
2026-03-16,60.50,Transporte,Fila 5550
2026-03-17,61.50,Transporte,Fila 5551
2026-03-18,62.50,Transporte,Fila 5552
2026-03-19,63.50,Transporte,Fila 5553
2026-03-20,64.50,Transporte,Fila 5554
2026-03-21,65.50,Transporte,Fila 5555
2026-03-22,66.50,Transporte,Fila 5556
2026-03-23,67.50,Transporte,Fila 5557
2026-03-24,68.50,Transporte,Fila 5558
2026-03-25,69.50,Transporte,Fila 5559
2026-03-26,70.50,Transporte,Fila 5560
2026-03-27,71.50,Transporte,Fila 5561
2026-03-28,72.50,Transporte,Fila 5562
2026-03-29,73.50,Transporte,Fila 5563
2026-03-30,74.50,Transporte,Fila 5564
2026-03-31,75.50,Transporte,Fila 5565
2026-04-01,76.50,Transporte,Fila 5566
2026-04-02,77.50,Transporte,Fila 5567
2026-04-03,78.50,Transporte,Fila 5568
2026-04-04,79.50,Transporte,Fila 5569
2026-04-05,80.50,Transporte,Fila 5570
2026-04-06,81.50,Transporte,Fila 5571
2026-04-07,82.50,Transporte,Fila 5572
2026-04-08,83.50,Transporte,Fila 5573
2026-04-09,84.50,Transporte,Fila 5574
2026-04-10,85.50,Transporte,Fila 5575
2026-04-11,86.50,Transporte,Fila 5576
2026-04-12,87.50,Transporte,Fila 5577
2026-04-13,88.50,Transporte,Fila 5578
2026-04-14,89.50,Transporte,Fila 5579
2026-04-15,90.50,Transporte,Fila 5580
2026-04-16,1.50,Transporte,Fila 5581
2026-04-17,2.50,Transporte,Fila 5582
2026-04-18,3.50,Transporte,Fila 5583
2026-04-19,4.50,Transporte,Fila 5584
2026-04-20,5.50,Transporte,Fila 5585
2026-04-21,6.50,Transporte,Fila 5586
2026-04-22,7.50,Transporte,Fila 5587
2026-04-23,8.50,Transporte,Fila 5588
2026-04-24,9.50,Transporte,Fila 5589
2026-04-25,10.50,Transporte,Fila 5590
2026-04-26,11.50,Transporte,Fila 5591
2026-04-27,12.50,Transporte,Fila 5592
2026-04-28,13.50,Transporte,Fila 5593
2026-04-29,14.50,Transporte,Fila 5594
2026-04-30,15.50,Transporte,Fila 5595
2026-05-01,16.50,Transporte,Fila 5596
2026-05-02,17.50,Transporte,Fila 5597
2026-05-03,18.50,Transporte,Fila 5598
2026-05-04,19.50,Transporte,Fila 5599
2026-05-05,20.50,Transporte,Fila 5600
2026-05-06,21.50,Transporte,Fila 5601
2026-05-07,22.50,Transporte,Fila 5602
2026-05-08,23.50,Transporte,Fila 5603
2026-05-09,24.50,Transporte,Fila 5604
2026-05-10,25.50,Transporte,Fila 5605
2026-05-11,26.50,Transporte,Fila 5606
2026-05-12,27.50,Transporte,Fila 5607
2026-05-13,28.50,Transporte,Fila 5608
2026-05-14,29.50,Transporte,Fila 5609
2026-05-15,30.50,Transporte,Fila 5610
2026-05-16,31.50,Transporte,Fila 5611
2026-05-17,32.50,Transporte,Fila 5612
2026-05-18,33.50,Transporte,Fila 5613
2026-05-19,34.50,Transporte,Fila 5614
2026-05-20,35.50,Transporte,Fila 5615
2026-05-21,36.50,Transporte,Fila 5616
2026-05-22,37.50,Transporte,Fila 5617
2026-05-23,38.50,Transporte,Fila 5618
2026-05-24,39.50,Transporte,Fila 5619
2026-05-25,40.50,Transporte,Fila 5620
2026-05-26,41.50,Transporte,Fila 5621
2026-05-27,42.50,Transporte,Fila 5622
2026-05-28,43.50,Transporte,Fila 5623
2026-05-29,44.50,Transporte,Fila 5624
2026-05-30,45.50,Transporte,Fila 5625
2026-05-31,46.50,Transporte,Fila 5626
2026-06-01,47.50,Transporte,Fila 5627
2026-06-02,48.50,Transporte,Fila 5628
2026-06-03,49.50,Transporte,Fila 5629
2026-06-04,50.50,Transporte,Fila 5630
2026-06-05,51.50,Transporte,Fila 5631
2026-06-06,52.50,Transporte,Fila 5632
2026-06-07,53.50,Transporte,Fila 5633
2026-06-08,54.50,Transporte,Fila 5634
2026-06-09,55.50,Transporte,Fila 5635
2026-06-10,56.50,Transporte,Fila 5636
2026-06-11,57.50,Transporte,Fila 5637
2026-06-12,58.50,Transporte,Fila 5638
2026-06-13,59.50,Transporte,Fila 5639
2026-06-14,60.50,Transporte,Fila 5640
2026-06-15,61.50,Transporte,Fila 5641
2026-06-16,62.50,Transporte,Fila 5642
2026-06-17,63.50,Transporte,Fila 5643
2026-06-18,64.50,Transporte,Fila 5644
2026-06-19,65.50,Transporte,Fila 5645
2026-06-20,66.50,Transporte,Fila 5646
2026-06-21,67.50,Transporte,Fila 5647
2026-06-22,68.50,Transporte,Fila 5648
2026-06-23,69.50,Transporte,Fila 5649
2026-06-24,70.50,Transporte,Fila 5650
2026-06-25,71.50,Transporte,Fila 5651
2026-06-26,72.50,Transporte,Fila 5652
2026-06-27,73.50,Transporte,Fila 5653
2026-06-28,74.50,Transporte,Fila 5654
2026-06-29,75.50,Transporte,Fila 5655
2026-06-30,76.50,Transporte,Fila 5656
2026-07-01,77.50,Transporte,Fila 5657
2026-07-02,78.50,Transporte,Fila 5658
2026-07-03,79.50,Transporte,Fila 5659
2026-07-04,80.50,Transporte,Fila 5660
2026-07-05,81.50,Transporte,Fila 5661
2026-07-06,82.50,Transporte,Fila 5662
2026-07-07,83.50,Transporte,Fila 5663
2026-07-08,84.50,Transporte,Fila 5664
2026-07-09,85.50,Transporte,Fila 5665
2026-07-10,86.50,Transporte,Fila 5666
2026-07-11,87.50,Transporte,Fila 5667
2026-07-12,88.50,Transporte,Fila 5668
2026-07-13,89.50,Transporte,Fila 5669
2026-07-14,90.50,Transporte,Fila 5670
2026-07-15,1.50,Transporte,Fila 5671
2026-07-16,2.50,Transporte,Fila 5672
2026-07-17,3.50,Transporte,Fila 5673
2026-07-18,4.50,Transporte,Fila 5674
2026-07-19,5.50,Transporte,Fila 5675
2026-07-20,6.50,Transporte,Fila 5676
2026-07-21,7.50,Transporte,Fila 5677
2026-07-22,8.50,Transporte,Fila 5678
2026-07-23,9.50,Transporte,Fila 5679
2026-07-24,10.50,Transporte,Fila 5680
2026-07-25,11.50,Transporte,Fila 5681
2026-07-26,12.50,Transporte,Fila 5682
2026-07-27,13.50,Transporte,Fila 5683
2026-07-28,14.50,Transporte,Fila 5684
2026-07-29,15.50,Transporte,Fila 5685
2026-07-30,16.50,Transporte,Fila 5686
2026-07-31,17.50,Transporte,Fila 5687
2026-08-01,18.50,Transporte,Fila 5688
2026-08-02,19.50,Transporte,Fila 5689
2026-08-03,20.50,Transporte,Fila 5690
2026-08-04,21.50,Transporte,Fila 5691
2026-08-05,22.50,Transporte,Fila 5692
2026-08-06,23.50,Transporte,Fila 5693
2026-08-07,24.50,Transporte,Fila 5694
2026-08-08,25.50,Transporte,Fila 5695
2026-08-09,26.50,Transporte,Fila 5696
2026-08-10,27.50,Transporte,Fila 5697
2026-08-11,28.50,Transporte,Fila 5698
2026-08-12,29.50,Transporte,Fila 5699
2026-08-13,30.50,Transporte,Fila 5700
2026-08-14,31.50,Transporte,Fila 5701
2026-08-15,32.50,Transporte,Fila 5702
2026-08-16,33.50,Transporte,Fila 5703
2026-08-17,34.50,Transporte,Fila 5704
2026-08-18,35.50,Transporte,Fila 5705
2026-08-19,36.50,Transporte,Fila 5706
2026-08-20,37.50,Transporte,Fila 5707
2026-08-21,38.50,Transporte,Fila 5708
2026-08-22,39.50,Transporte,Fila 5709
2026-08-23,40.50,Transporte,Fila 5710
2026-08-24,41.50,Transporte,Fila 5711
2026-08-25,42.50,Transporte,Fila 5712
2026-08-26,43.50,Transporte,Fila 5713
2026-08-27,44.50,Transporte,Fila 5714
2026-08-28,45.50,Transporte,Fila 5715
2026-08-29,46.50,Transporte,Fila 5716
2026-08-30,47.50,Transporte,Fila 5717
2026-08-31,48.50,Transporte,Fila 5718
2026-09-01,49.50,Transporte,Fila 5719
2026-09-02,50.50,Transporte,Fila 5720
2026-09-03,51.50,Transporte,Fila 5721
2026-09-04,52.50,Transporte,Fila 5722
2026-09-05,53.50,Transporte,Fila 5723
2026-09-06,54.50,Transporte,Fila 5724
2026-09-07,55.50,Transporte,Fila 5725
2026-09-08,56.50,Transporte,Fila 5726
2026-09-09,57.50,Transporte,Fila 5727
2026-09-10,58.50,Transporte,Fila 5728
2026-09-11,59.50,Transporte,Fila 5729
2026-09-12,60.50,Transporte,Fila 5730
2026-09-13,61.50,Transporte,Fila 5731
2026-09-14,62.50,Transporte,Fila 5732
2026-09-15,63.50,Transporte,Fila 5733
2026-09-16,64.50,Transporte,Fila 5734
2026-09-17,65.50,Transporte,Fila 5735
2026-09-18,66.50,Transporte,Fila 5736
2026-09-19,67.50,Transporte,Fila 5737
2026-09-20,68.50,Transporte,Fila 5738
2026-09-21,69.50,Transporte,Fila 5739
2026-09-22,70.50,Transporte,Fila 5740
2026-09-23,71.50,Transporte,Fila 5741
2026-09-24,72.50,Transporte,Fila 5742
2026-09-25,73.50,Transporte,Fila 5743
2026-09-26,74.50,Transporte,Fila 5744
2026-09-27,75.50,Transporte,Fila 5745
2026-09-28,76.50,Transporte,Fila 5746
2026-09-29,77.50,Transporte,Fila 5747
2026-09-30,78.50,Transporte,Fila 5748
2026-10-01,79.50,Transporte,Fila 5749
2026-10-02,80.50,Transporte,Fila 5750
2026-10-03,81.50,Transporte,Fila 5751
2026-10-04,82.50,Transporte,Fila 5752
2026-10-05,83.50,Transporte,Fila 5753
2026-10-06,84.50,Transporte,Fila 5754
2026-10-07,85.50,Transporte,Fila 5755
2026-10-08,86.50,Transporte,Fila 5756
2026-10-09,87.50,Transporte,Fila 5757
2026-10-10,88.50,Transporte,Fila 5758
2026-10-11,89.50,Transporte,Fila 5759
2026-10-12,90.50,Transporte,Fila 5760
2026-10-13,1.50,Transporte,Fila 5761
2026-10-14,2.50,Transporte,Fila 5762
2026-10-15,3.50,Transporte,Fila 5763
2026-10-16,4.50,Transporte,Fila 5764
2026-10-17,5.50,Transporte,Fila 5765
2026-10-18,6.50,Transporte,Fila 5766
2026-10-19,7.50,Transporte,Fila 5767
2026-10-20,8.50,Transporte,Fila 5768
2026-10-21,9.50,Transporte,Fila 5769
2026-10-22,10.50,Transporte,Fila 5770
2026-10-23,11.50,Transporte,Fila 5771
2026-10-24,12.50,Transporte,Fila 5772
2026-10-25,13.50,Transporte,Fila 5773
2026-10-26,14.50,Transporte,Fila 5774
2026-10-27,15.50,Transporte,Fila 5775
2026-10-28,16.50,Transporte,Fila 5776
2026-10-29,17.50,Transporte,Fila 5777
2026-10-30,18.50,Transporte,Fila 5778
2026-10-31,19.50,Transporte,Fila 5779
2026-11-01,20.50,Transporte,Fila 5780
2026-11-02,21.50,Transporte,Fila 5781
2026-11-03,22.50,Transporte,Fila 5782
2026-11-04,23.50,Transporte,Fila 5783
2026-11-05,24.50,Transporte,Fila 5784
2026-11-06,25.50,Transporte,Fila 5785
2026-11-07,26.50,Transporte,Fila 5786
2026-11-08,27.50,Transporte,Fila 5787
2026-11-09,28.50,Transporte,Fila 5788
2026-11-10,29.50,Transporte,Fila 5789
2026-11-11,30.50,Transporte,Fila 5790
2026-11-12,31.50,Transporte,Fila 5791
2026-11-13,32.50,Transporte,Fila 5792
2026-11-14,33.50,Transporte,Fila 5793
2026-11-15,34.50,Transporte,Fila 5794
2026-11-16,35.50,Transporte,Fila 5795
2026-11-17,36.50,Transporte,Fila 5796
2026-11-18,37.50,Transporte,Fila 5797
2026-11-19,38.50,Transporte,Fila 5798
2026-11-20,39.50,Transporte,Fila 5799
2026-11-21,40.50,Transporte,Fila 5800
2026-11-22,41.50,Transporte,Fila 5801
2026-11-23,42.50,Transporte,Fila 5802
2026-11-24,43.50,Transporte,Fila 5803
2026-11-25,44.50,Transporte,Fila 5804
2026-11-26,45.50,Transporte,Fila 5805
2026-11-27,46.50,Transporte,Fila 5806
2026-11-28,47.50,Transporte,Fila 5807
2026-11-29,48.50,Transporte,Fila 5808
2026-11-30,49.50,Transporte,Fila 5809
2026-12-01,50.50,Transporte,Fila 5810
2026-12-02,51.50,Transporte,Fila 5811
2026-12-03,52.50,Transporte,Fila 5812
2026-12-04,53.50,Transporte,Fila 5813
2026-12-05,54.50,Transporte,Fila 5814
2026-12-06,55.50,Transporte,Fila 5815
2026-12-07,56.50,Transporte,Fila 5816
2026-12-08,57.50,Transporte,Fila 5817
2026-12-09,58.50,Transporte,Fila 5818
2026-12-10,59.50,Transporte,Fila 5819
2026-12-11,60.50,Transporte,Fila 5820
2026-12-12,61.50,Transporte,Fila 5821
2026-12-13,62.50,Transporte,Fila 5822
2026-12-14,63.50,Transporte,Fila 5823
2026-12-15,64.50,Transporte,Fila 5824
2026-12-16,65.50,Transporte,Fila 5825
2026-12-17,66.50,Transporte,Fila 5826
2026-12-18,67.50,Transporte,Fila 5827
2026-12-19,68.50,Transporte,Fila 5828
2026-12-20,69.50,Transporte,Fila 5829
2026-12-21,70.50,Transporte,Fila 5830
2026-12-22,71.50,Transporte,Fila 5831
2026-12-23,72.50,Transporte,Fila 5832
2026-12-24,73.50,Transporte,Fila 5833
2026-12-25,74.50,Transporte,Fila 5834
2026-12-26,75.50,Transporte,Fila 5835
2026-12-27,76.50,Transporte,Fila 5836
2026-12-28,77.50,Transporte,Fila 5837
2026-12-29,78.50,Transporte,Fila 5838
2026-12-30,79.50,Transporte,Fila 5839
2026-12-31,80.50,Transporte,Fila 5840
2026-01-01,81.50,Transporte,Fila 5841
2026-01-02,82.50,Transporte,Fila 5842
2026-01-03,83.50,Transporte,Fila 5843
2026-01-04,84.50,Transporte,Fila 5844
2026-01-05,85.50,Transporte,Fila 5845
2026-01-06,86.50,Transporte,Fila 5846
2026-01-07,87.50,Transporte,Fila 5847
2026-01-08,88.50,Transporte,Fila 5848
2026-01-09,89.50,Transporte,Fila 5849
2026-01-10,90.50,Transporte,Fila 5850
2026-01-11,1.50,Transporte,Fila 5851
2026-01-12,2.50,Transporte,Fila 5852
2026-01-13,3.50,Transporte,Fila 5853
2026-01-14,4.50,Transporte,Fila 5854
2026-01-15,5.50,Transporte,Fila 5855
2026-01-16,6.50,Transporte,Fila 5856
2026-01-17,7.50,Transporte,Fila 5857
2026-01-18,8.50,Transporte,Fila 5858
2026-01-19,9.50,Transporte,Fila 5859
2026-01-20,10.50,Transporte,Fila 5860
2026-01-21,11.50,Transporte,Fila 5861
2026-01-22,12.50,Transporte,Fila 5862
2026-01-23,13.50,Transporte,Fila 5863
2026-01-24,14.50,Transporte,Fila 5864
2026-01-25,15.50,Transporte,Fila 5865
2026-01-26,16.50,Transporte,Fila 5866
2026-01-27,17.50,Transporte,Fila 5867
2026-01-28,18.50,Transporte,Fila 5868
2026-01-29,19.50,Transporte,Fila 5869
2026-01-30,20.50,Transporte,Fila 5870
2026-01-31,21.50,Transporte,Fila 5871
2026-02-01,22.50,Transporte,Fila 5872
2026-02-02,23.50,Transporte,Fila 5873
2026-02-03,24.50,Transporte,Fila 5874
2026-02-04,25.50,Transporte,Fila 5875
2026-02-05,26.50,Transporte,Fila 5876
2026-02-06,27.50,Transporte,Fila 5877
2026-02-07,28.50,Transporte,Fila 5878
2026-02-08,29.50,Transporte,Fila 5879
2026-02-09,30.50,Transporte,Fila 5880
2026-02-10,31.50,Transporte,Fila 5881
2026-02-11,32.50,Transporte,Fila 5882
2026-02-12,33.50,Transporte,Fila 5883
2026-02-13,34.50,Transporte,Fila 5884
2026-02-14,35.50,Transporte,Fila 5885
2026-02-15,36.50,Transporte,Fila 5886
2026-02-16,37.50,Transporte,Fila 5887
2026-02-17,38.50,Transporte,Fila 5888
2026-02-18,39.50,Transporte,Fila 5889
2026-02-19,40.50,Transporte,Fila 5890
2026-02-20,41.50,Transporte,Fila 5891
2026-02-21,42.50,Transporte,Fila 5892
2026-02-22,43.50,Transporte,Fila 5893
2026-02-23,44.50,Transporte,Fila 5894
2026-02-24,45.50,Transporte,Fila 5895
2026-02-25,46.50,Transporte,Fila 5896
2026-02-26,47.50,Transporte,Fila 5897
2026-02-27,48.50,Transporte,Fila 5898
2026-02-28,49.50,Transporte,Fila 5899
2026-03-01,50.50,Transporte,Fila 5900
2026-03-02,51.50,Transporte,Fila 5901
2026-03-03,52.50,Transporte,Fila 5902
2026-03-04,53.50,Transporte,Fila 5903
2026-03-05,54.50,Transporte,Fila 5904
2026-03-06,55.50,Transporte,Fila 5905
2026-03-07,56.50,Transporte,Fila 5906
2026-03-08,57.50,Transporte,Fila 5907
2026-03-09,58.50,Transporte,Fila 5908
2026-03-10,59.50,Transporte,Fila 5909
2026-03-11,60.50,Transporte,Fila 5910
2026-03-12,61.50,Transporte,Fila 5911
2026-03-13,62.50,Transporte,Fila 5912
2026-03-14,63.50,Transporte,Fila 5913
2026-03-15,64.50,Transporte,Fila 5914
2026-03-16,65.50,Transporte,Fila 5915
2026-03-17,66.50,Transporte,Fila 5916
2026-03-18,67.50,Transporte,Fila 5917
2026-03-19,68.50,Transporte,Fila 5918
2026-03-20,69.50,Transporte,Fila 5919
2026-03-21,70.50,Transporte,Fila 5920
2026-03-22,71.50,Transporte,Fila 5921
2026-03-23,72.50,Transporte,Fila 5922
2026-03-24,73.50,Transporte,Fila 5923
2026-03-25,74.50,Transporte,Fila 5924
2026-03-26,75.50,Transporte,Fila 5925
2026-03-27,76.50,Transporte,Fila 5926
2026-03-28,77.50,Transporte,Fila 5927
2026-03-29,78.50,Transporte,Fila 5928
2026-03-30,79.50,Transporte,Fila 5929
2026-03-31,80.50,Transporte,Fila 5930
2026-04-01,81.50,Transporte,Fila 5931
2026-04-02,82.50,Transporte,Fila 5932
2026-04-03,83.50,Transporte,Fila 5933
2026-04-04,84.50,Transporte,Fila 5934
2026-04-05,85.50,Transporte,Fila 5935
2026-04-06,86.50,Transporte,Fila 5936
2026-04-07,87.50,Transporte,Fila 5937
2026-04-08,88.50,Transporte,Fila 5938
2026-04-09,89.50,Transporte,Fila 5939
2026-04-10,90.50,Transporte,Fila 5940
2026-04-11,1.50,Transporte,Fila 5941
2026-04-12,2.50,Transporte,Fila 5942
2026-04-13,3.50,Transporte,Fila 5943
2026-04-14,4.50,Transporte,Fila 5944
2026-04-15,5.50,Transporte,Fila 5945
2026-04-16,6.50,Transporte,Fila 5946
2026-04-17,7.50,Transporte,Fila 5947
2026-04-18,8.50,Transporte,Fila 5948
2026-04-19,9.50,Transporte,Fila 5949
2026-04-20,10.50,Transporte,Fila 5950
2026-04-21,11.50,Transporte,Fila 5951
2026-04-22,12.50,Transporte,Fila 5952
2026-04-23,13.50,Transporte,Fila 5953
2026-04-24,14.50,Transporte,Fila 5954
2026-04-25,15.50,Transporte,Fila 5955
2026-04-26,16.50,Transporte,Fila 5956
2026-04-27,17.50,Transporte,Fila 5957
2026-04-28,18.50,Transporte,Fila 5958
2026-04-29,19.50,Transporte,Fila 5959
2026-04-30,20.50,Transporte,Fila 5960
2026-05-01,21.50,Transporte,Fila 5961
2026-05-02,22.50,Transporte,Fila 5962
2026-05-03,23.50,Transporte,Fila 5963
2026-05-04,24.50,Transporte,Fila 5964
2026-05-05,25.50,Transporte,Fila 5965
2026-05-06,26.50,Transporte,Fila 5966
2026-05-07,27.50,Transporte,Fila 5967
2026-05-08,28.50,Transporte,Fila 5968
2026-05-09,29.50,Transporte,Fila 5969
2026-05-10,30.50,Transporte,Fila 5970
2026-05-11,31.50,Transporte,Fila 5971
2026-05-12,32.50,Transporte,Fila 5972
2026-05-13,33.50,Transporte,Fila 5973
2026-05-14,34.50,Transporte,Fila 5974
2026-05-15,35.50,Transporte,Fila 5975
2026-05-16,36.50,Transporte,Fila 5976
2026-05-17,37.50,Transporte,Fila 5977
2026-05-18,38.50,Transporte,Fila 5978
2026-05-19,39.50,Transporte,Fila 5979
2026-05-20,40.50,Transporte,Fila 5980
2026-05-21,41.50,Transporte,Fila 5981
2026-05-22,42.50,Transporte,Fila 5982
2026-05-23,43.50,Transporte,Fila 5983
2026-05-24,44.50,Transporte,Fila 5984
2026-05-25,45.50,Transporte,Fila 5985
2026-05-26,46.50,Transporte,Fila 5986
2026-05-27,47.50,Transporte,Fila 5987
2026-05-28,48.50,Transporte,Fila 5988
2026-05-29,49.50,Transporte,Fila 5989
2026-05-30,50.50,Transporte,Fila 5990
2026-05-31,51.50,Transporte,Fila 5991
2026-06-01,52.50,Transporte,Fila 5992
2026-06-02,53.50,Transporte,Fila 5993
2026-06-03,54.50,Transporte,Fila 5994
2026-06-04,55.50,Transporte,Fila 5995
2026-06-05,56.50,Transporte,Fila 5996
2026-06-06,57.50,Transporte,Fila 5997
2026-06-07,58.50,Transporte,Fila 5998
2026-06-08,59.50,Transporte,Fila 5999
2026-06-09,60.50,Transporte,Fila 6000
2026-06-10,61.50,Transporte,Fila 6001
2026-06-11,62.50,Transporte,Fila 6002
2026-06-12,63.50,Transporte,Fila 6003
2026-06-13,64.50,Transporte,Fila 6004
2026-06-14,65.50,Transporte,Fila 6005
2026-06-15,66.50,Transporte,Fila 6006
2026-06-16,67.50,Transporte,Fila 6007
2026-06-17,68.50,Transporte,Fila 6008
2026-06-18,69.50,Transporte,Fila 6009
2026-06-19,70.50,Transporte,Fila 6010
2026-06-20,71.50,Transporte,Fila 6011
2026-06-21,72.50,Transporte,Fila 6012
2026-06-22,73.50,Transporte,Fila 6013
2026-06-23,74.50,Transporte,Fila 6014
2026-06-24,75.50,Transporte,Fila 6015
2026-06-25,76.50,Transporte,Fila 6016
2026-06-26,77.50,Transporte,Fila 6017
2026-06-27,78.50,Transporte,Fila 6018
2026-06-28,79.50,Transporte,Fila 6019
2026-06-29,80.50,Transporte,Fila 6020
2026-06-30,81.50,Transporte,Fila 6021
2026-07-01,82.50,Transporte,Fila 6022
2026-07-02,83.50,Transporte,Fila 6023
2026-07-03,84.50,Transporte,Fila 6024
2026-07-04,85.50,Transporte,Fila 6025
2026-07-05,86.50,Transporte,Fila 6026
2026-07-06,87.50,Transporte,Fila 6027
2026-07-07,88.50,Transporte,Fila 6028
2026-07-08,89.50,Transporte,Fila 6029
2026-07-09,90.50,Transporte,Fila 6030
2026-07-10,1.50,Transporte,Fila 6031
2026-07-11,2.50,Transporte,Fila 6032
2026-07-12,3.50,Transporte,Fila 6033
2026-07-13,4.50,Transporte,Fila 6034
2026-07-14,5.50,Transporte,Fila 6035
2026-07-15,6.50,Transporte,Fila 6036
2026-07-16,7.50,Transporte,Fila 6037
2026-07-17,8.50,Transporte,Fila 6038
2026-07-18,9.50,Transporte,Fila 6039
2026-07-19,10.50,Transporte,Fila 6040
2026-07-20,11.50,Transporte,Fila 6041
2026-07-21,12.50,Transporte,Fila 6042
2026-07-22,13.50,Transporte,Fila 6043
2026-07-23,14.50,Transporte,Fila 6044
2026-07-24,15.50,Transporte,Fila 6045
2026-07-25,16.50,Transporte,Fila 6046
2026-07-26,17.50,Transporte,Fila 6047
2026-07-27,18.50,Transporte,Fila 6048
2026-07-28,19.50,Transporte,Fila 6049
2026-07-29,20.50,Transporte,Fila 6050
2026-07-30,21.50,Transporte,Fila 6051
2026-07-31,22.50,Transporte,Fila 6052
2026-08-01,23.50,Transporte,Fila 6053
2026-08-02,24.50,Transporte,Fila 6054
2026-08-03,25.50,Transporte,Fila 6055
2026-08-04,26.50,Transporte,Fila 6056
2026-08-05,27.50,Transporte,Fila 6057
2026-08-06,28.50,Transporte,Fila 6058
2026-08-07,29.50,Transporte,Fila 6059
2026-08-08,30.50,Transporte,Fila 6060
2026-08-09,31.50,Transporte,Fila 6061
2026-08-10,32.50,Transporte,Fila 6062
2026-08-11,33.50,Transporte,Fila 6063
2026-08-12,34.50,Transporte,Fila 6064
2026-08-13,35.50,Transporte,Fila 6065
2026-08-14,36.50,Transporte,Fila 6066
2026-08-15,37.50,Transporte,Fila 6067
2026-08-16,38.50,Transporte,Fila 6068
2026-08-17,39.50,Transporte,Fila 6069
2026-08-18,40.50,Transporte,Fila 6070
2026-08-19,41.50,Transporte,Fila 6071
2026-08-20,42.50,Transporte,Fila 6072
2026-08-21,43.50,Transporte,Fila 6073
2026-08-22,44.50,Transporte,Fila 6074
2026-08-23,45.50,Transporte,Fila 6075
2026-08-24,46.50,Transporte,Fila 6076
2026-08-25,47.50,Transporte,Fila 6077
2026-08-26,48.50,Transporte,Fila 6078
2026-08-27,49.50,Transporte,Fila 6079
2026-08-28,50.50,Transporte,Fila 6080
2026-08-29,51.50,Transporte,Fila 6081
2026-08-30,52.50,Transporte,Fila 6082
2026-08-31,53.50,Transporte,Fila 6083
2026-09-01,54.50,Transporte,Fila 6084
2026-09-02,55.50,Transporte,Fila 6085
2026-09-03,56.50,Transporte,Fila 6086
2026-09-04,57.50,Transporte,Fila 6087
2026-09-05,58.50,Transporte,Fila 6088
2026-09-06,59.50,Transporte,Fila 6089
2026-09-07,60.50,Transporte,Fila 6090
2026-09-08,61.50,Transporte,Fila 6091
2026-09-09,62.50,Transporte,Fila 6092
2026-09-10,63.50,Transporte,Fila 6093
2026-09-11,64.50,Transporte,Fila 6094
2026-09-12,65.50,Transporte,Fila 6095
2026-09-13,66.50,Transporte,Fila 6096
2026-09-14,67.50,Transporte,Fila 6097
2026-09-15,68.50,Transporte,Fila 6098
2026-09-16,69.50,Transporte,Fila 6099
2026-09-17,70.50,Transporte,Fila 6100
2026-09-18,71.50,Transporte,Fila 6101
2026-09-19,72.50,Transporte,Fila 6102
2026-09-20,73.50,Transporte,Fila 6103
2026-09-21,74.50,Transporte,Fila 6104
2026-09-22,75.50,Transporte,Fila 6105
2026-09-23,76.50,Transporte,Fila 6106
2026-09-24,77.50,Transporte,Fila 6107
2026-09-25,78.50,Transporte,Fila 6108
2026-09-26,79.50,Transporte,Fila 6109
2026-09-27,80.50,Transporte,Fila 6110
2026-09-28,81.50,Transporte,Fila 6111
2026-09-29,82.50,Transporte,Fila 6112
2026-09-30,83.50,Transporte,Fila 6113
2026-10-01,84.50,Transporte,Fila 6114
2026-10-02,85.50,Transporte,Fila 6115
2026-10-03,86.50,Transporte,Fila 6116
2026-10-04,87.50,Transporte,Fila 6117
2026-10-05,88.50,Transporte,Fila 6118
2026-10-06,89.50,Transporte,Fila 6119
2026-10-07,90.50,Transporte,Fila 6120
2026-10-08,1.50,Transporte,Fila 6121
2026-10-09,2.50,Transporte,Fila 6122
2026-10-10,3.50,Transporte,Fila 6123
2026-10-11,4.50,Transporte,Fila 6124
2026-10-12,5.50,Transporte,Fila 6125
2026-10-13,6.50,Transporte,Fila 6126
2026-10-14,7.50,Transporte,Fila 6127
2026-10-15,8.50,Transporte,Fila 6128
2026-10-16,9.50,Transporte,Fila 6129
2026-10-17,10.50,Transporte,Fila 6130
2026-10-18,11.50,Transporte,Fila 6131
2026-10-19,12.50,Transporte,Fila 6132
2026-10-20,13.50,Transporte,Fila 6133
2026-10-21,14.50,Transporte,Fila 6134
2026-10-22,15.50,Transporte,Fila 6135
2026-10-23,16.50,Transporte,Fila 6136
2026-10-24,17.50,Transporte,Fila 6137
2026-10-25,18.50,Transporte,Fila 6138
2026-10-26,19.50,Transporte,Fila 6139
2026-10-27,20.50,Transporte,Fila 6140
2026-10-28,21.50,Transporte,Fila 6141
2026-10-29,22.50,Transporte,Fila 6142
2026-10-30,23.50,Transporte,Fila 6143
2026-10-31,24.50,Transporte,Fila 6144
2026-11-01,25.50,Transporte,Fila 6145
2026-11-02,26.50,Transporte,Fila 6146
2026-11-03,27.50,Transporte,Fila 6147
2026-11-04,28.50,Transporte,Fila 6148
2026-11-05,29.50,Transporte,Fila 6149
2026-11-06,30.50,Transporte,Fila 6150
2026-11-07,31.50,Transporte,Fila 6151
2026-11-08,32.50,Transporte,Fila 6152
2026-11-09,33.50,Transporte,Fila 6153
2026-11-10,34.50,Transporte,Fila 6154
2026-11-11,35.50,Transporte,Fila 6155
2026-11-12,36.50,Transporte,Fila 6156
2026-11-13,37.50,Transporte,Fila 6157
2026-11-14,38.50,Transporte,Fila 6158
2026-11-15,39.50,Transporte,Fila 6159
2026-11-16,40.50,Transporte,Fila 6160
2026-11-17,41.50,Transporte,Fila 6161
2026-11-18,42.50,Transporte,Fila 6162
2026-11-19,43.50,Transporte,Fila 6163
2026-11-20,44.50,Transporte,Fila 6164
2026-11-21,45.50,Transporte,Fila 6165
2026-11-22,46.50,Transporte,Fila 6166
2026-11-23,47.50,Transporte,Fila 6167
2026-11-24,48.50,Transporte,Fila 6168
2026-11-25,49.50,Transporte,Fila 6169
2026-11-26,50.50,Transporte,Fila 6170
2026-11-27,51.50,Transporte,Fila 6171
2026-11-28,52.50,Transporte,Fila 6172
2026-11-29,53.50,Transporte,Fila 6173
2026-11-30,54.50,Transporte,Fila 6174
2026-12-01,55.50,Transporte,Fila 6175
2026-12-02,56.50,Transporte,Fila 6176
2026-12-03,57.50,Transporte,Fila 6177
2026-12-04,58.50,Transporte,Fila 6178
2026-12-05,59.50,Transporte,Fila 6179
2026-12-06,60.50,Transporte,Fila 6180
2026-12-07,61.50,Transporte,Fila 6181
2026-12-08,62.50,Transporte,Fila 6182
2026-12-09,63.50,Transporte,Fila 6183
2026-12-10,64.50,Transporte,Fila 6184
2026-12-11,65.50,Transporte,Fila 6185
2026-12-12,66.50,Transporte,Fila 6186
2026-12-13,67.50,Transporte,Fila 6187
2026-12-14,68.50,Transporte,Fila 6188
2026-12-15,69.50,Transporte,Fila 6189
2026-12-16,70.50,Transporte,Fila 6190
2026-12-17,71.50,Transporte,Fila 6191
2026-12-18,72.50,Transporte,Fila 6192
2026-12-19,73.50,Transporte,Fila 6193
2026-12-20,74.50,Transporte,Fila 6194
2026-12-21,75.50,Transporte,Fila 6195
2026-12-22,76.50,Transporte,Fila 6196
2026-12-23,77.50,Transporte,Fila 6197
2026-12-24,78.50,Transporte,Fila 6198
2026-12-25,79.50,Transporte,Fila 6199
2026-12-26,80.50,Transporte,Fila 6200
2026-12-27,81.50,Transporte,Fila 6201
2026-12-28,82.50,Transporte,Fila 6202
2026-12-29,83.50,Transporte,Fila 6203
2026-12-30,84.50,Transporte,Fila 6204
2026-12-31,85.50,Transporte,Fila 6205
2026-01-01,86.50,Transporte,Fila 6206
2026-01-02,87.50,Transporte,Fila 6207
2026-01-03,88.50,Transporte,Fila 6208
2026-01-04,89.50,Transporte,Fila 6209
2026-01-05,90.50,Transporte,Fila 6210
2026-01-06,1.50,Transporte,Fila 6211
2026-01-07,2.50,Transporte,Fila 6212
2026-01-08,3.50,Transporte,Fila 6213
2026-01-09,4.50,Transporte,Fila 6214
2026-01-10,5.50,Transporte,Fila 6215
2026-01-11,6.50,Transporte,Fila 6216
2026-01-12,7.50,Transporte,Fila 6217
2026-01-13,8.50,Transporte,Fila 6218
2026-01-14,9.50,Transporte,Fila 6219
2026-01-15,10.50,Transporte,Fila 6220
2026-01-16,11.50,Transporte,Fila 6221
2026-01-17,12.50,Transporte,Fila 6222
2026-01-18,13.50,Transporte,Fila 6223
2026-01-19,14.50,Transporte,Fila 6224
2026-01-20,15.50,Transporte,Fila 6225
2026-01-21,16.50,Transporte,Fila 6226
2026-01-22,17.50,Transporte,Fila 6227
2026-01-23,18.50,Transporte,Fila 6228
2026-01-24,19.50,Transporte,Fila 6229
2026-01-25,20.50,Transporte,Fila 6230
2026-01-26,21.50,Transporte,Fila 6231
2026-01-27,22.50,Transporte,Fila 6232
2026-01-28,23.50,Transporte,Fila 6233
2026-01-29,24.50,Transporte,Fila 6234
2026-01-30,25.50,Transporte,Fila 6235
2026-01-31,26.50,Transporte,Fila 6236
2026-02-01,27.50,Transporte,Fila 6237
2026-02-02,28.50,Transporte,Fila 6238
2026-02-03,29.50,Transporte,Fila 6239
2026-02-04,30.50,Transporte,Fila 6240
2026-02-05,31.50,Transporte,Fila 6241
2026-02-06,32.50,Transporte,Fila 6242
2026-02-07,33.50,Transporte,Fila 6243
2026-02-08,34.50,Transporte,Fila 6244
2026-02-09,35.50,Transporte,Fila 6245
2026-02-10,36.50,Transporte,Fila 6246
2026-02-11,37.50,Transporte,Fila 6247
2026-02-12,38.50,Transporte,Fila 6248
2026-02-13,39.50,Transporte,Fila 6249
2026-02-14,40.50,Transporte,Fila 6250
2026-02-15,41.50,Transporte,Fila 6251
2026-02-16,42.50,Transporte,Fila 6252
2026-02-17,43.50,Transporte,Fila 6253
2026-02-18,44.50,Transporte,Fila 6254
2026-02-19,45.50,Transporte,Fila 6255
2026-02-20,46.50,Transporte,Fila 6256
2026-02-21,47.50,Transporte,Fila 6257
2026-02-22,48.50,Transporte,Fila 6258
2026-02-23,49.50,Transporte,Fila 6259
2026-02-24,50.50,Transporte,Fila 6260
2026-02-25,51.50,Transporte,Fila 6261
2026-02-26,52.50,Transporte,Fila 6262
2026-02-27,53.50,Transporte,Fila 6263
2026-02-28,54.50,Transporte,Fila 6264
2026-03-01,55.50,Transporte,Fila 6265
2026-03-02,56.50,Transporte,Fila 6266
2026-03-03,57.50,Transporte,Fila 6267
2026-03-04,58.50,Transporte,Fila 6268
2026-03-05,59.50,Transporte,Fila 6269
2026-03-06,60.50,Transporte,Fila 6270
2026-03-07,61.50,Transporte,Fila 6271
2026-03-08,62.50,Transporte,Fila 6272
2026-03-09,63.50,Transporte,Fila 6273
2026-03-10,64.50,Transporte,Fila 6274
2026-03-11,65.50,Transporte,Fila 6275
2026-03-12,66.50,Transporte,Fila 6276
2026-03-13,67.50,Transporte,Fila 6277
2026-03-14,68.50,Transporte,Fila 6278
2026-03-15,69.50,Transporte,Fila 6279
2026-03-16,70.50,Transporte,Fila 6280
2026-03-17,71.50,Transporte,Fila 6281
2026-03-18,72.50,Transporte,Fila 6282
2026-03-19,73.50,Transporte,Fila 6283
2026-03-20,74.50,Transporte,Fila 6284
2026-03-21,75.50,Transporte,Fila 6285
2026-03-22,76.50,Transporte,Fila 6286
2026-03-23,77.50,Transporte,Fila 6287
2026-03-24,78.50,Transporte,Fila 6288
2026-03-25,79.50,Transporte,Fila 6289
2026-03-26,80.50,Transporte,Fila 6290
2026-03-27,81.50,Transporte,Fila 6291
2026-03-28,82.50,Transporte,Fila 6292
2026-03-29,83.50,Transporte,Fila 6293
2026-03-30,84.50,Transporte,Fila 6294
2026-03-31,85.50,Transporte,Fila 6295
2026-04-01,86.50,Transporte,Fila 6296
2026-04-02,87.50,Transporte,Fila 6297
2026-04-03,88.50,Transporte,Fila 6298
2026-04-04,89.50,Transporte,Fila 6299
2026-04-05,90.50,Transporte,Fila 6300
2026-04-06,1.50,Transporte,Fila 6301
2026-04-07,2.50,Transporte,Fila 6302
2026-04-08,3.50,Transporte,Fila 6303
2026-04-09,4.50,Transporte,Fila 6304
2026-04-10,5.50,Transporte,Fila 6305
2026-04-11,6.50,Transporte,Fila 6306
2026-04-12,7.50,Transporte,Fila 6307
2026-04-13,8.50,Transporte,Fila 6308
2026-04-14,9.50,Transporte,Fila 6309
2026-04-15,10.50,Transporte,Fila 6310
2026-04-16,11.50,Transporte,Fila 6311
2026-04-17,12.50,Transporte,Fila 6312
2026-04-18,13.50,Transporte,Fila 6313
2026-04-19,14.50,Transporte,Fila 6314
2026-04-20,15.50,Transporte,Fila 6315
2026-04-21,16.50,Transporte,Fila 6316
2026-04-22,17.50,Transporte,Fila 6317
2026-04-23,18.50,Transporte,Fila 6318
2026-04-24,19.50,Transporte,Fila 6319
2026-04-25,20.50,Transporte,Fila 6320
2026-04-26,21.50,Transporte,Fila 6321
2026-04-27,22.50,Transporte,Fila 6322
2026-04-28,23.50,Transporte,Fila 6323
2026-04-29,24.50,Transporte,Fila 6324
2026-04-30,25.50,Transporte,Fila 6325
2026-05-01,26.50,Transporte,Fila 6326
2026-05-02,27.50,Transporte,Fila 6327
2026-05-03,28.50,Transporte,Fila 6328
2026-05-04,29.50,Transporte,Fila 6329
2026-05-05,30.50,Transporte,Fila 6330
2026-05-06,31.50,Transporte,Fila 6331
2026-05-07,32.50,Transporte,Fila 6332
2026-05-08,33.50,Transporte,Fila 6333
2026-05-09,34.50,Transporte,Fila 6334
2026-05-10,35.50,Transporte,Fila 6335
2026-05-11,36.50,Transporte,Fila 6336
2026-05-12,37.50,Transporte,Fila 6337
2026-05-13,38.50,Transporte,Fila 6338
2026-05-14,39.50,Transporte,Fila 6339
2026-05-15,40.50,Transporte,Fila 6340
2026-05-16,41.50,Transporte,Fila 6341
2026-05-17,42.50,Transporte,Fila 6342
2026-05-18,43.50,Transporte,Fila 6343
2026-05-19,44.50,Transporte,Fila 6344
2026-05-20,45.50,Transporte,Fila 6345
2026-05-21,46.50,Transporte,Fila 6346
2026-05-22,47.50,Transporte,Fila 6347
2026-05-23,48.50,Transporte,Fila 6348
2026-05-24,49.50,Transporte,Fila 6349
2026-05-25,50.50,Transporte,Fila 6350
2026-05-26,51.50,Transporte,Fila 6351
2026-05-27,52.50,Transporte,Fila 6352
2026-05-28,53.50,Transporte,Fila 6353
2026-05-29,54.50,Transporte,Fila 6354
2026-05-30,55.50,Transporte,Fila 6355
2026-05-31,56.50,Transporte,Fila 6356
2026-06-01,57.50,Transporte,Fila 6357
2026-06-02,58.50,Transporte,Fila 6358
2026-06-03,59.50,Transporte,Fila 6359
2026-06-04,60.50,Transporte,Fila 6360
2026-06-05,61.50,Transporte,Fila 6361
2026-06-06,62.50,Transporte,Fila 6362
2026-06-07,63.50,Transporte,Fila 6363
2026-06-08,64.50,Transporte,Fila 6364
2026-06-09,65.50,Transporte,Fila 6365
2026-06-10,66.50,Transporte,Fila 6366
2026-06-11,67.50,Transporte,Fila 6367
2026-06-12,68.50,Transporte,Fila 6368
2026-06-13,69.50,Transporte,Fila 6369
2026-06-14,70.50,Transporte,Fila 6370
2026-06-15,71.50,Transporte,Fila 6371
2026-06-16,72.50,Transporte,Fila 6372
2026-06-17,73.50,Transporte,Fila 6373
2026-06-18,74.50,Transporte,Fila 6374
2026-06-19,75.50,Transporte,Fila 6375
2026-06-20,76.50,Transporte,Fila 6376
2026-06-21,77.50,Transporte,Fila 6377
2026-06-22,78.50,Transporte,Fila 6378
2026-06-23,79.50,Transporte,Fila 6379
2026-06-24,80.50,Transporte,Fila 6380
2026-06-25,81.50,Transporte,Fila 6381
2026-06-26,82.50,Transporte,Fila 6382
2026-06-27,83.50,Transporte,Fila 6383
2026-06-28,84.50,Transporte,Fila 6384
2026-06-29,85.50,Transporte,Fila 6385
2026-06-30,86.50,Transporte,Fila 6386
2026-07-01,87.50,Transporte,Fila 6387
2026-07-02,88.50,Transporte,Fila 6388
2026-07-03,89.50,Transporte,Fila 6389
2026-07-04,90.50,Transporte,Fila 6390
2026-07-05,1.50,Transporte,Fila 6391
2026-07-06,2.50,Transporte,Fila 6392
2026-07-07,3.50,Transporte,Fila 6393
2026-07-08,4.50,Transporte,Fila 6394
2026-07-09,5.50,Transporte,Fila 6395
2026-07-10,6.50,Transporte,Fila 6396
2026-07-11,7.50,Transporte,Fila 6397
2026-07-12,8.50,Transporte,Fila 6398
2026-07-13,9.50,Transporte,Fila 6399
2026-07-14,10.50,Transporte,Fila 6400
2026-07-15,11.50,Transporte,Fila 6401
2026-07-16,12.50,Transporte,Fila 6402
2026-07-17,13.50,Transporte,Fila 6403
2026-07-18,14.50,Transporte,Fila 6404
2026-07-19,15.50,Transporte,Fila 6405
2026-07-20,16.50,Transporte,Fila 6406
2026-07-21,17.50,Transporte,Fila 6407
2026-07-22,18.50,Transporte,Fila 6408
2026-07-23,19.50,Transporte,Fila 6409
2026-07-24,20.50,Transporte,Fila 6410
2026-07-25,21.50,Transporte,Fila 6411
2026-07-26,22.50,Transporte,Fila 6412
2026-07-27,23.50,Transporte,Fila 6413
2026-07-28,24.50,Transporte,Fila 6414
2026-07-29,25.50,Transporte,Fila 6415
2026-07-30,26.50,Transporte,Fila 6416
2026-07-31,27.50,Transporte,Fila 6417
2026-08-01,28.50,Transporte,Fila 6418
2026-08-02,29.50,Transporte,Fila 6419
2026-08-03,30.50,Transporte,Fila 6420
2026-08-04,31.50,Transporte,Fila 6421
2026-08-05,32.50,Transporte,Fila 6422
2026-08-06,33.50,Transporte,Fila 6423
2026-08-07,34.50,Transporte,Fila 6424
2026-08-08,35.50,Transporte,Fila 6425
2026-08-09,36.50,Transporte,Fila 6426
2026-08-10,37.50,Transporte,Fila 6427
2026-08-11,38.50,Transporte,Fila 6428
2026-08-12,39.50,Transporte,Fila 6429
2026-08-13,40.50,Transporte,Fila 6430
2026-08-14,41.50,Transporte,Fila 6431
2026-08-15,42.50,Transporte,Fila 6432
2026-08-16,43.50,Transporte,Fila 6433
2026-08-17,44.50,Transporte,Fila 6434
2026-08-18,45.50,Transporte,Fila 6435
2026-08-19,46.50,Transporte,Fila 6436
2026-08-20,47.50,Transporte,Fila 6437
2026-08-21,48.50,Transporte,Fila 6438
2026-08-22,49.50,Transporte,Fila 6439
2026-08-23,50.50,Transporte,Fila 6440
2026-08-24,51.50,Transporte,Fila 6441
2026-08-25,52.50,Transporte,Fila 6442
2026-08-26,53.50,Transporte,Fila 6443
2026-08-27,54.50,Transporte,Fila 6444
2026-08-28,55.50,Transporte,Fila 6445
2026-08-29,56.50,Transporte,Fila 6446
2026-08-30,57.50,Transporte,Fila 6447
2026-08-31,58.50,Transporte,Fila 6448
2026-09-01,59.50,Transporte,Fila 6449
2026-09-02,60.50,Transporte,Fila 6450
2026-09-03,61.50,Transporte,Fila 6451
2026-09-04,62.50,Transporte,Fila 6452
2026-09-05,63.50,Transporte,Fila 6453
2026-09-06,64.50,Transporte,Fila 6454
2026-09-07,65.50,Transporte,Fila 6455
2026-09-08,66.50,Transporte,Fila 6456
2026-09-09,67.50,Transporte,Fila 6457
2026-09-10,68.50,Transporte,Fila 6458
2026-09-11,69.50,Transporte,Fila 6459
2026-09-12,70.50,Transporte,Fila 6460
2026-09-13,71.50,Transporte,Fila 6461
2026-09-14,72.50,Transporte,Fila 6462
2026-09-15,73.50,Transporte,Fila 6463
2026-09-16,74.50,Transporte,Fila 6464
2026-09-17,75.50,Transporte,Fila 6465
2026-09-18,76.50,Transporte,Fila 6466
2026-09-19,77.50,Transporte,Fila 6467
2026-09-20,78.50,Transporte,Fila 6468
2026-09-21,79.50,Transporte,Fila 6469
2026-09-22,80.50,Transporte,Fila 6470
2026-09-23,81.50,Transporte,Fila 6471
2026-09-24,82.50,Transporte,Fila 6472
2026-09-25,83.50,Transporte,Fila 6473
2026-09-26,84.50,Transporte,Fila 6474
2026-09-27,85.50,Transporte,Fila 6475
2026-09-28,86.50,Transporte,Fila 6476
2026-09-29,87.50,Transporte,Fila 6477
2026-09-30,88.50,Transporte,Fila 6478
2026-10-01,89.50,Transporte,Fila 6479
2026-10-02,90.50,Transporte,Fila 6480
2026-10-03,1.50,Transporte,Fila 6481
2026-10-04,2.50,Transporte,Fila 6482
2026-10-05,3.50,Transporte,Fila 6483
2026-10-06,4.50,Transporte,Fila 6484
2026-10-07,5.50,Transporte,Fila 6485
2026-10-08,6.50,Transporte,Fila 6486
2026-10-09,7.50,Transporte,Fila 6487
2026-10-10,8.50,Transporte,Fila 6488
2026-10-11,9.50,Transporte,Fila 6489
2026-10-12,10.50,Transporte,Fila 6490
2026-10-13,11.50,Transporte,Fila 6491
2026-10-14,12.50,Transporte,Fila 6492
2026-10-15,13.50,Transporte,Fila 6493
2026-10-16,14.50,Transporte,Fila 6494
2026-10-17,15.50,Transporte,Fila 6495
2026-10-18,16.50,Transporte,Fila 6496
2026-10-19,17.50,Transporte,Fila 6497
2026-10-20,18.50,Transporte,Fila 6498
2026-10-21,19.50,Transporte,Fila 6499
2026-10-22,20.50,Transporte,Fila 6500
2026-10-23,21.50,Transporte,Fila 6501
2026-10-24,22.50,Transporte,Fila 6502
2026-10-25,23.50,Transporte,Fila 6503
2026-10-26,24.50,Transporte,Fila 6504
2026-10-27,25.50,Transporte,Fila 6505
2026-10-28,26.50,Transporte,Fila 6506
2026-10-29,27.50,Transporte,Fila 6507
2026-10-30,28.50,Transporte,Fila 6508
2026-10-31,29.50,Transporte,Fila 6509
2026-11-01,30.50,Transporte,Fila 6510
2026-11-02,31.50,Transporte,Fila 6511
2026-11-03,32.50,Transporte,Fila 6512
2026-11-04,33.50,Transporte,Fila 6513
2026-11-05,34.50,Transporte,Fila 6514
2026-11-06,35.50,Transporte,Fila 6515
2026-11-07,36.50,Transporte,Fila 6516
2026-11-08,37.50,Transporte,Fila 6517
2026-11-09,38.50,Transporte,Fila 6518
2026-11-10,39.50,Transporte,Fila 6519
2026-11-11,40.50,Transporte,Fila 6520
2026-11-12,41.50,Transporte,Fila 6521
2026-11-13,42.50,Transporte,Fila 6522
2026-11-14,43.50,Transporte,Fila 6523
2026-11-15,44.50,Transporte,Fila 6524
2026-11-16,45.50,Transporte,Fila 6525
2026-11-17,46.50,Transporte,Fila 6526
2026-11-18,47.50,Transporte,Fila 6527
2026-11-19,48.50,Transporte,Fila 6528
2026-11-20,49.50,Transporte,Fila 6529
2026-11-21,50.50,Transporte,Fila 6530
2026-11-22,51.50,Transporte,Fila 6531
2026-11-23,52.50,Transporte,Fila 6532
2026-11-24,53.50,Transporte,Fila 6533
2026-11-25,54.50,Transporte,Fila 6534
2026-11-26,55.50,Transporte,Fila 6535
2026-11-27,56.50,Transporte,Fila 6536
2026-11-28,57.50,Transporte,Fila 6537
2026-11-29,58.50,Transporte,Fila 6538
2026-11-30,59.50,Transporte,Fila 6539
2026-12-01,60.50,Transporte,Fila 6540
2026-12-02,61.50,Transporte,Fila 6541
2026-12-03,62.50,Transporte,Fila 6542
2026-12-04,63.50,Transporte,Fila 6543
2026-12-05,64.50,Transporte,Fila 6544
2026-12-06,65.50,Transporte,Fila 6545
2026-12-07,66.50,Transporte,Fila 6546
2026-12-08,67.50,Transporte,Fila 6547
2026-12-09,68.50,Transporte,Fila 6548
2026-12-10,69.50,Transporte,Fila 6549
2026-12-11,70.50,Transporte,Fila 6550
2026-12-12,71.50,Transporte,Fila 6551
2026-12-13,72.50,Transporte,Fila 6552
2026-12-14,73.50,Transporte,Fila 6553
2026-12-15,74.50,Transporte,Fila 6554
2026-12-16,75.50,Transporte,Fila 6555
2026-12-17,76.50,Transporte,Fila 6556
2026-12-18,77.50,Transporte,Fila 6557
2026-12-19,78.50,Transporte,Fila 6558
2026-12-20,79.50,Transporte,Fila 6559
2026-12-21,80.50,Transporte,Fila 6560
2026-12-22,81.50,Transporte,Fila 6561
2026-12-23,82.50,Transporte,Fila 6562
2026-12-24,83.50,Transporte,Fila 6563
2026-12-25,84.50,Transporte,Fila 6564
2026-12-26,85.50,Transporte,Fila 6565
2026-12-27,86.50,Transporte,Fila 6566
2026-12-28,87.50,Transporte,Fila 6567
2026-12-29,88.50,Transporte,Fila 6568
2026-12-30,89.50,Transporte,Fila 6569
2026-12-31,90.50,Transporte,Fila 6570
2026-01-01,1.50,Transporte,Fila 6571
2026-01-02,2.50,Transporte,Fila 6572
2026-01-03,3.50,Transporte,Fila 6573
2026-01-04,4.50,Transporte,Fila 6574
2026-01-05,5.50,Transporte,Fila 6575
2026-01-06,6.50,Transporte,Fila 6576
2026-01-07,7.50,Transporte,Fila 6577
2026-01-08,8.50,Transporte,Fila 6578
2026-01-09,9.50,Transporte,Fila 6579
2026-01-10,10.50,Transporte,Fila 6580
2026-01-11,11.50,Transporte,Fila 6581
2026-01-12,12.50,Transporte,Fila 6582
2026-01-13,13.50,Transporte,Fila 6583
2026-01-14,14.50,Transporte,Fila 6584
2026-01-15,15.50,Transporte,Fila 6585
2026-01-16,16.50,Transporte,Fila 6586
2026-01-17,17.50,Transporte,Fila 6587
2026-01-18,18.50,Transporte,Fila 6588
2026-01-19,19.50,Transporte,Fila 6589
2026-01-20,20.50,Transporte,Fila 6590
2026-01-21,21.50,Transporte,Fila 6591
2026-01-22,22.50,Transporte,Fila 6592
2026-01-23,23.50,Transporte,Fila 6593
2026-01-24,24.50,Transporte,Fila 6594
2026-01-25,25.50,Transporte,Fila 6595
2026-01-26,26.50,Transporte,Fila 6596
2026-01-27,27.50,Transporte,Fila 6597
2026-01-28,28.50,Transporte,Fila 6598
2026-01-29,29.50,Transporte,Fila 6599
2026-01-30,30.50,Transporte,Fila 6600
2026-01-31,31.50,Transporte,Fila 6601
2026-02-01,32.50,Transporte,Fila 6602
2026-02-02,33.50,Transporte,Fila 6603
2026-02-03,34.50,Transporte,Fila 6604
2026-02-04,35.50,Transporte,Fila 6605
2026-02-05,36.50,Transporte,Fila 6606
2026-02-06,37.50,Transporte,Fila 6607
2026-02-07,38.50,Transporte,Fila 6608
2026-02-08,39.50,Transporte,Fila 6609
2026-02-09,40.50,Transporte,Fila 6610
2026-02-10,41.50,Transporte,Fila 6611
2026-02-11,42.50,Transporte,Fila 6612
2026-02-12,43.50,Transporte,Fila 6613
2026-02-13,44.50,Transporte,Fila 6614
2026-02-14,45.50,Transporte,Fila 6615
2026-02-15,46.50,Transporte,Fila 6616
2026-02-16,47.50,Transporte,Fila 6617
2026-02-17,48.50,Transporte,Fila 6618
2026-02-18,49.50,Transporte,Fila 6619
2026-02-19,50.50,Transporte,Fila 6620
2026-02-20,51.50,Transporte,Fila 6621
2026-02-21,52.50,Transporte,Fila 6622
2026-02-22,53.50,Transporte,Fila 6623
2026-02-23,54.50,Transporte,Fila 6624
2026-02-24,55.50,Transporte,Fila 6625
2026-02-25,56.50,Transporte,Fila 6626
2026-02-26,57.50,Transporte,Fila 6627
2026-02-27,58.50,Transporte,Fila 6628
2026-02-28,59.50,Transporte,Fila 6629
2026-03-01,60.50,Transporte,Fila 6630
2026-03-02,61.50,Transporte,Fila 6631
2026-03-03,62.50,Transporte,Fila 6632
2026-03-04,63.50,Transporte,Fila 6633
2026-03-05,64.50,Transporte,Fila 6634
2026-03-06,65.50,Transporte,Fila 6635
2026-03-07,66.50,Transporte,Fila 6636
2026-03-08,67.50,Transporte,Fila 6637
2026-03-09,68.50,Transporte,Fila 6638
2026-03-10,69.50,Transporte,Fila 6639
2026-03-11,70.50,Transporte,Fila 6640
2026-03-12,71.50,Transporte,Fila 6641
2026-03-13,72.50,Transporte,Fila 6642
2026-03-14,73.50,Transporte,Fila 6643
2026-03-15,74.50,Transporte,Fila 6644
2026-03-16,75.50,Transporte,Fila 6645
2026-03-17,76.50,Transporte,Fila 6646
2026-03-18,77.50,Transporte,Fila 6647
2026-03-19,78.50,Transporte,Fila 6648
2026-03-20,79.50,Transporte,Fila 6649
2026-03-21,80.50,Transporte,Fila 6650
2026-03-22,81.50,Transporte,Fila 6651
2026-03-23,82.50,Transporte,Fila 6652
2026-03-24,83.50,Transporte,Fila 6653
2026-03-25,84.50,Transporte,Fila 6654
2026-03-26,85.50,Transporte,Fila 6655
2026-03-27,86.50,Transporte,Fila 6656
2026-03-28,87.50,Transporte,Fila 6657
2026-03-29,88.50,Transporte,Fila 6658
2026-03-30,89.50,Transporte,Fila 6659
2026-03-31,90.50,Transporte,Fila 6660
2026-04-01,1.50,Transporte,Fila 6661
2026-04-02,2.50,Transporte,Fila 6662
2026-04-03,3.50,Transporte,Fila 6663
2026-04-04,4.50,Transporte,Fila 6664
2026-04-05,5.50,Transporte,Fila 6665
2026-04-06,6.50,Transporte,Fila 6666
2026-04-07,7.50,Transporte,Fila 6667
2026-04-08,8.50,Transporte,Fila 6668
2026-04-09,9.50,Transporte,Fila 6669
2026-04-10,10.50,Transporte,Fila 6670
2026-04-11,11.50,Transporte,Fila 6671
2026-04-12,12.50,Transporte,Fila 6672
2026-04-13,13.50,Transporte,Fila 6673
2026-04-14,14.50,Transporte,Fila 6674
2026-04-15,15.50,Transporte,Fila 6675
2026-04-16,16.50,Transporte,Fila 6676
2026-04-17,17.50,Transporte,Fila 6677
2026-04-18,18.50,Transporte,Fila 6678
2026-04-19,19.50,Transporte,Fila 6679
2026-04-20,20.50,Transporte,Fila 6680
2026-04-21,21.50,Transporte,Fila 6681
2026-04-22,22.50,Transporte,Fila 6682
2026-04-23,23.50,Transporte,Fila 6683
2026-04-24,24.50,Transporte,Fila 6684
2026-04-25,25.50,Transporte,Fila 6685
2026-04-26,26.50,Transporte,Fila 6686
2026-04-27,27.50,Transporte,Fila 6687
2026-04-28,28.50,Transporte,Fila 6688
2026-04-29,29.50,Transporte,Fila 6689
2026-04-30,30.50,Transporte,Fila 6690
2026-05-01,31.50,Transporte,Fila 6691
2026-05-02,32.50,Transporte,Fila 6692
2026-05-03,33.50,Transporte,Fila 6693
2026-05-04,34.50,Transporte,Fila 6694
2026-05-05,35.50,Transporte,Fila 6695
2026-05-06,36.50,Transporte,Fila 6696
2026-05-07,37.50,Transporte,Fila 6697
2026-05-08,38.50,Transporte,Fila 6698
2026-05-09,39.50,Transporte,Fila 6699
2026-05-10,40.50,Transporte,Fila 6700
2026-05-11,41.50,Transporte,Fila 6701
2026-05-12,42.50,Transporte,Fila 6702
2026-05-13,43.50,Transporte,Fila 6703
2026-05-14,44.50,Transporte,Fila 6704
2026-05-15,45.50,Transporte,Fila 6705
2026-05-16,46.50,Transporte,Fila 6706
2026-05-17,47.50,Transporte,Fila 6707
2026-05-18,48.50,Transporte,Fila 6708
2026-05-19,49.50,Transporte,Fila 6709
2026-05-20,50.50,Transporte,Fila 6710
2026-05-21,51.50,Transporte,Fila 6711
2026-05-22,52.50,Transporte,Fila 6712
2026-05-23,53.50,Transporte,Fila 6713
2026-05-24,54.50,Transporte,Fila 6714
2026-05-25,55.50,Transporte,Fila 6715
2026-05-26,56.50,Transporte,Fila 6716
2026-05-27,57.50,Transporte,Fila 6717
2026-05-28,58.50,Transporte,Fila 6718
2026-05-29,59.50,Transporte,Fila 6719
2026-05-30,60.50,Transporte,Fila 6720
2026-05-31,61.50,Transporte,Fila 6721
2026-06-01,62.50,Transporte,Fila 6722
2026-06-02,63.50,Transporte,Fila 6723
2026-06-03,64.50,Transporte,Fila 6724
2026-06-04,65.50,Transporte,Fila 6725
2026-06-05,66.50,Transporte,Fila 6726
2026-06-06,67.50,Transporte,Fila 6727
2026-06-07,68.50,Transporte,Fila 6728
2026-06-08,69.50,Transporte,Fila 6729
2026-06-09,70.50,Transporte,Fila 6730
2026-06-10,71.50,Transporte,Fila 6731
2026-06-11,72.50,Transporte,Fila 6732
2026-06-12,73.50,Transporte,Fila 6733
2026-06-13,74.50,Transporte,Fila 6734
2026-06-14,75.50,Transporte,Fila 6735
2026-06-15,76.50,Transporte,Fila 6736
2026-06-16,77.50,Transporte,Fila 6737
2026-06-17,78.50,Transporte,Fila 6738
2026-06-18,79.50,Transporte,Fila 6739
2026-06-19,80.50,Transporte,Fila 6740
2026-06-20,81.50,Transporte,Fila 6741
2026-06-21,82.50,Transporte,Fila 6742
2026-06-22,83.50,Transporte,Fila 6743
2026-06-23,84.50,Transporte,Fila 6744
2026-06-24,85.50,Transporte,Fila 6745
2026-06-25,86.50,Transporte,Fila 6746
2026-06-26,87.50,Transporte,Fila 6747
2026-06-27,88.50,Transporte,Fila 6748
2026-06-28,89.50,Transporte,Fila 6749
2026-06-29,90.50,Transporte,Fila 6750
2026-06-30,1.50,Transporte,Fila 6751
2026-07-01,2.50,Transporte,Fila 6752
2026-07-02,3.50,Transporte,Fila 6753
2026-07-03,4.50,Transporte,Fila 6754
2026-07-04,5.50,Transporte,Fila 6755
2026-07-05,6.50,Transporte,Fila 6756
2026-07-06,7.50,Transporte,Fila 6757
2026-07-07,8.50,Transporte,Fila 6758
2026-07-08,9.50,Transporte,Fila 6759
2026-07-09,10.50,Transporte,Fila 6760
2026-07-10,11.50,Transporte,Fila 6761
2026-07-11,12.50,Transporte,Fila 6762
2026-07-12,13.50,Transporte,Fila 6763
2026-07-13,14.50,Transporte,Fila 6764
2026-07-14,15.50,Transporte,Fila 6765
2026-07-15,16.50,Transporte,Fila 6766
2026-07-16,17.50,Transporte,Fila 6767
2026-07-17,18.50,Transporte,Fila 6768
2026-07-18,19.50,Transporte,Fila 6769
2026-07-19,20.50,Transporte,Fila 6770
2026-07-20,21.50,Transporte,Fila 6771
2026-07-21,22.50,Transporte,Fila 6772
2026-07-22,23.50,Transporte,Fila 6773
2026-07-23,24.50,Transporte,Fila 6774
2026-07-24,25.50,Transporte,Fila 6775
2026-07-25,26.50,Transporte,Fila 6776
2026-07-26,27.50,Transporte,Fila 6777
2026-07-27,28.50,Transporte,Fila 6778
2026-07-28,29.50,Transporte,Fila 6779
2026-07-29,30.50,Transporte,Fila 6780
2026-07-30,31.50,Transporte,Fila 6781
2026-07-31,32.50,Transporte,Fila 6782
2026-08-01,33.50,Transporte,Fila 6783
2026-08-02,34.50,Transporte,Fila 6784
2026-08-03,35.50,Transporte,Fila 6785
2026-08-04,36.50,Transporte,Fila 6786
2026-08-05,37.50,Transporte,Fila 6787
2026-08-06,38.50,Transporte,Fila 6788
2026-08-07,39.50,Transporte,Fila 6789
2026-08-08,40.50,Transporte,Fila 6790
2026-08-09,41.50,Transporte,Fila 6791
2026-08-10,42.50,Transporte,Fila 6792
2026-08-11,43.50,Transporte,Fila 6793
2026-08-12,44.50,Transporte,Fila 6794
2026-08-13,45.50,Transporte,Fila 6795
2026-08-14,46.50,Transporte,Fila 6796
2026-08-15,47.50,Transporte,Fila 6797
2026-08-16,48.50,Transporte,Fila 6798
2026-08-17,49.50,Transporte,Fila 6799
2026-08-18,50.50,Transporte,Fila 6800
2026-08-19,51.50,Transporte,Fila 6801
2026-08-20,52.50,Transporte,Fila 6802
2026-08-21,53.50,Transporte,Fila 6803
2026-08-22,54.50,Transporte,Fila 6804
2026-08-23,55.50,Transporte,Fila 6805
2026-08-24,56.50,Transporte,Fila 6806
2026-08-25,57.50,Transporte,Fila 6807
2026-08-26,58.50,Transporte,Fila 6808
2026-08-27,59.50,Transporte,Fila 6809
2026-08-28,60.50,Transporte,Fila 6810
2026-08-29,61.50,Transporte,Fila 6811
2026-08-30,62.50,Transporte,Fila 6812
2026-08-31,63.50,Transporte,Fila 6813
2026-09-01,64.50,Transporte,Fila 6814
2026-09-02,65.50,Transporte,Fila 6815
2026-09-03,66.50,Transporte,Fila 6816
2026-09-04,67.50,Transporte,Fila 6817
2026-09-05,68.50,Transporte,Fila 6818
2026-09-06,69.50,Transporte,Fila 6819
2026-09-07,70.50,Transporte,Fila 6820
2026-09-08,71.50,Transporte,Fila 6821
2026-09-09,72.50,Transporte,Fila 6822
2026-09-10,73.50,Transporte,Fila 6823
2026-09-11,74.50,Transporte,Fila 6824
2026-09-12,75.50,Transporte,Fila 6825
2026-09-13,76.50,Transporte,Fila 6826
2026-09-14,77.50,Transporte,Fila 6827
2026-09-15,78.50,Transporte,Fila 6828
2026-09-16,79.50,Transporte,Fila 6829
2026-09-17,80.50,Transporte,Fila 6830
2026-09-18,81.50,Transporte,Fila 6831
2026-09-19,82.50,Transporte,Fila 6832
2026-09-20,83.50,Transporte,Fila 6833
2026-09-21,84.50,Transporte,Fila 6834
2026-09-22,85.50,Transporte,Fila 6835
2026-09-23,86.50,Transporte,Fila 6836
2026-09-24,87.50,Transporte,Fila 6837
2026-09-25,88.50,Transporte,Fila 6838
2026-09-26,89.50,Transporte,Fila 6839
2026-09-27,90.50,Transporte,Fila 6840
2026-09-28,1.50,Transporte,Fila 6841
2026-09-29,2.50,Transporte,Fila 6842
2026-09-30,3.50,Transporte,Fila 6843
2026-10-01,4.50,Transporte,Fila 6844
2026-10-02,5.50,Transporte,Fila 6845
2026-10-03,6.50,Transporte,Fila 6846
2026-10-04,7.50,Transporte,Fila 6847
2026-10-05,8.50,Transporte,Fila 6848
2026-10-06,9.50,Transporte,Fila 6849
2026-10-07,10.50,Transporte,Fila 6850
2026-10-08,11.50,Transporte,Fila 6851
2026-10-09,12.50,Transporte,Fila 6852
2026-10-10,13.50,Transporte,Fila 6853
2026-10-11,14.50,Transporte,Fila 6854
2026-10-12,15.50,Transporte,Fila 6855
2026-10-13,16.50,Transporte,Fila 6856
2026-10-14,17.50,Transporte,Fila 6857
2026-10-15,18.50,Transporte,Fila 6858
2026-10-16,19.50,Transporte,Fila 6859
2026-10-17,20.50,Transporte,Fila 6860
2026-10-18,21.50,Transporte,Fila 6861
2026-10-19,22.50,Transporte,Fila 6862
2026-10-20,23.50,Transporte,Fila 6863
2026-10-21,24.50,Transporte,Fila 6864
2026-10-22,25.50,Transporte,Fila 6865
2026-10-23,26.50,Transporte,Fila 6866
2026-10-24,27.50,Transporte,Fila 6867
2026-10-25,28.50,Transporte,Fila 6868
2026-10-26,29.50,Transporte,Fila 6869
2026-10-27,30.50,Transporte,Fila 6870
2026-10-28,31.50,Transporte,Fila 6871
2026-10-29,32.50,Transporte,Fila 6872
2026-10-30,33.50,Transporte,Fila 6873
2026-10-31,34.50,Transporte,Fila 6874
2026-11-01,35.50,Transporte,Fila 6875
2026-11-02,36.50,Transporte,Fila 6876
2026-11-03,37.50,Transporte,Fila 6877
2026-11-04,38.50,Transporte,Fila 6878
2026-11-05,39.50,Transporte,Fila 6879
2026-11-06,40.50,Transporte,Fila 6880
2026-11-07,41.50,Transporte,Fila 6881
2026-11-08,42.50,Transporte,Fila 6882
2026-11-09,43.50,Transporte,Fila 6883
2026-11-10,44.50,Transporte,Fila 6884
2026-11-11,45.50,Transporte,Fila 6885
2026-11-12,46.50,Transporte,Fila 6886
2026-11-13,47.50,Transporte,Fila 6887
2026-11-14,48.50,Transporte,Fila 6888
2026-11-15,49.50,Transporte,Fila 6889
2026-11-16,50.50,Transporte,Fila 6890
2026-11-17,51.50,Transporte,Fila 6891
2026-11-18,52.50,Transporte,Fila 6892
2026-11-19,53.50,Transporte,Fila 6893
2026-11-20,54.50,Transporte,Fila 6894
2026-11-21,55.50,Transporte,Fila 6895
2026-11-22,56.50,Transporte,Fila 6896
2026-11-23,57.50,Transporte,Fila 6897
2026-11-24,58.50,Transporte,Fila 6898
2026-11-25,59.50,Transporte,Fila 6899
2026-11-26,60.50,Transporte,Fila 6900
2026-11-27,61.50,Transporte,Fila 6901
2026-11-28,62.50,Transporte,Fila 6902
2026-11-29,63.50,Transporte,Fila 6903
2026-11-30,64.50,Transporte,Fila 6904
2026-12-01,65.50,Transporte,Fila 6905
2026-12-02,66.50,Transporte,Fila 6906
2026-12-03,67.50,Transporte,Fila 6907
2026-12-04,68.50,Transporte,Fila 6908
2026-12-05,69.50,Transporte,Fila 6909
2026-12-06,70.50,Transporte,Fila 6910
2026-12-07,71.50,Transporte,Fila 6911
2026-12-08,72.50,Transporte,Fila 6912
2026-12-09,73.50,Transporte,Fila 6913
2026-12-10,74.50,Transporte,Fila 6914
2026-12-11,75.50,Transporte,Fila 6915
2026-12-12,76.50,Transporte,Fila 6916
2026-12-13,77.50,Transporte,Fila 6917
2026-12-14,78.50,Transporte,Fila 6918
2026-12-15,79.50,Transporte,Fila 6919
2026-12-16,80.50,Transporte,Fila 6920
2026-12-17,81.50,Transporte,Fila 6921
2026-12-18,82.50,Transporte,Fila 6922
2026-12-19,83.50,Transporte,Fila 6923
2026-12-20,84.50,Transporte,Fila 6924
2026-12-21,85.50,Transporte,Fila 6925
2026-12-22,86.50,Transporte,Fila 6926
2026-12-23,87.50,Transporte,Fila 6927
2026-12-24,88.50,Transporte,Fila 6928
2026-12-25,89.50,Transporte,Fila 6929
2026-12-26,90.50,Transporte,Fila 6930
2026-12-27,1.50,Transporte,Fila 6931
2026-12-28,2.50,Transporte,Fila 6932
2026-12-29,3.50,Transporte,Fila 6933
2026-12-30,4.50,Transporte,Fila 6934
2026-12-31,5.50,Transporte,Fila 6935
2026-01-01,6.50,Transporte,Fila 6936
2026-01-02,7.50,Transporte,Fila 6937
2026-01-03,8.50,Transporte,Fila 6938
2026-01-04,9.50,Transporte,Fila 6939
2026-01-05,10.50,Transporte,Fila 6940
2026-01-06,11.50,Transporte,Fila 6941
2026-01-07,12.50,Transporte,Fila 6942
2026-01-08,13.50,Transporte,Fila 6943
2026-01-09,14.50,Transporte,Fila 6944
2026-01-10,15.50,Transporte,Fila 6945
2026-01-11,16.50,Transporte,Fila 6946
2026-01-12,17.50,Transporte,Fila 6947
2026-01-13,18.50,Transporte,Fila 6948
2026-01-14,19.50,Transporte,Fila 6949
2026-01-15,20.50,Transporte,Fila 6950
2026-01-16,21.50,Transporte,Fila 6951
2026-01-17,22.50,Transporte,Fila 6952
2026-01-18,23.50,Transporte,Fila 6953
2026-01-19,24.50,Transporte,Fila 6954
2026-01-20,25.50,Transporte,Fila 6955
2026-01-21,26.50,Transporte,Fila 6956
2026-01-22,27.50,Transporte,Fila 6957
2026-01-23,28.50,Transporte,Fila 6958
2026-01-24,29.50,Transporte,Fila 6959
2026-01-25,30.50,Transporte,Fila 6960
2026-01-26,31.50,Transporte,Fila 6961
2026-01-27,32.50,Transporte,Fila 6962
2026-01-28,33.50,Transporte,Fila 6963
2026-01-29,34.50,Transporte,Fila 6964
2026-01-30,35.50,Transporte,Fila 6965
2026-01-31,36.50,Transporte,Fila 6966
2026-02-01,37.50,Transporte,Fila 6967
2026-02-02,38.50,Transporte,Fila 6968
2026-02-03,39.50,Transporte,Fila 6969
2026-02-04,40.50,Transporte,Fila 6970
2026-02-05,41.50,Transporte,Fila 6971
2026-02-06,42.50,Transporte,Fila 6972
2026-02-07,43.50,Transporte,Fila 6973
2026-02-08,44.50,Transporte,Fila 6974
2026-02-09,45.50,Transporte,Fila 6975
2026-02-10,46.50,Transporte,Fila 6976
2026-02-11,47.50,Transporte,Fila 6977
2026-02-12,48.50,Transporte,Fila 6978
2026-02-13,49.50,Transporte,Fila 6979
2026-02-14,50.50,Transporte,Fila 6980
2026-02-15,51.50,Transporte,Fila 6981
2026-02-16,52.50,Transporte,Fila 6982
2026-02-17,53.50,Transporte,Fila 6983
2026-02-18,54.50,Transporte,Fila 6984
2026-02-19,55.50,Transporte,Fila 6985
2026-02-20,56.50,Transporte,Fila 6986
2026-02-21,57.50,Transporte,Fila 6987
2026-02-22,58.50,Transporte,Fila 6988
2026-02-23,59.50,Transporte,Fila 6989
2026-02-24,60.50,Transporte,Fila 6990
2026-02-25,61.50,Transporte,Fila 6991
2026-02-26,62.50,Transporte,Fila 6992
2026-02-27,63.50,Transporte,Fila 6993
2026-02-28,64.50,Transporte,Fila 6994
2026-03-01,65.50,Transporte,Fila 6995
2026-03-02,66.50,Transporte,Fila 6996
2026-03-03,67.50,Transporte,Fila 6997
2026-03-04,68.50,Transporte,Fila 6998
2026-03-05,69.50,Transporte,Fila 6999
2026-03-06,70.50,Transporte,Fila 7000
2026-03-07,71.50,Transporte,Fila 7001
2026-03-08,72.50,Transporte,Fila 7002
2026-03-09,73.50,Transporte,Fila 7003
2026-03-10,74.50,Transporte,Fila 7004
2026-03-11,75.50,Transporte,Fila 7005
2026-03-12,76.50,Transporte,Fila 7006
2026-03-13,77.50,Transporte,Fila 7007
2026-03-14,78.50,Transporte,Fila 7008
2026-03-15,79.50,Transporte,Fila 7009
2026-03-16,80.50,Transporte,Fila 7010
2026-03-17,81.50,Transporte,Fila 7011
2026-03-18,82.50,Transporte,Fila 7012
2026-03-19,83.50,Transporte,Fila 7013
2026-03-20,84.50,Transporte,Fila 7014
2026-03-21,85.50,Transporte,Fila 7015
2026-03-22,86.50,Transporte,Fila 7016
2026-03-23,87.50,Transporte,Fila 7017
2026-03-24,88.50,Transporte,Fila 7018
2026-03-25,89.50,Transporte,Fila 7019
2026-03-26,90.50,Transporte,Fila 7020
2026-03-27,1.50,Transporte,Fila 7021
2026-03-28,2.50,Transporte,Fila 7022
2026-03-29,3.50,Transporte,Fila 7023
2026-03-30,4.50,Transporte,Fila 7024
2026-03-31,5.50,Transporte,Fila 7025
2026-04-01,6.50,Transporte,Fila 7026
2026-04-02,7.50,Transporte,Fila 7027
2026-04-03,8.50,Transporte,Fila 7028
2026-04-04,9.50,Transporte,Fila 7029
2026-04-05,10.50,Transporte,Fila 7030
2026-04-06,11.50,Transporte,Fila 7031
2026-04-07,12.50,Transporte,Fila 7032
2026-04-08,13.50,Transporte,Fila 7033
2026-04-09,14.50,Transporte,Fila 7034
2026-04-10,15.50,Transporte,Fila 7035
2026-04-11,16.50,Transporte,Fila 7036
2026-04-12,17.50,Transporte,Fila 7037
2026-04-13,18.50,Transporte,Fila 7038
2026-04-14,19.50,Transporte,Fila 7039
2026-04-15,20.50,Transporte,Fila 7040
2026-04-16,21.50,Transporte,Fila 7041
2026-04-17,22.50,Transporte,Fila 7042
2026-04-18,23.50,Transporte,Fila 7043
2026-04-19,24.50,Transporte,Fila 7044
2026-04-20,25.50,Transporte,Fila 7045
2026-04-21,26.50,Transporte,Fila 7046
2026-04-22,27.50,Transporte,Fila 7047
2026-04-23,28.50,Transporte,Fila 7048
2026-04-24,29.50,Transporte,Fila 7049
2026-04-25,30.50,Transporte,Fila 7050
2026-04-26,31.50,Transporte,Fila 7051
2026-04-27,32.50,Transporte,Fila 7052
2026-04-28,33.50,Transporte,Fila 7053
2026-04-29,34.50,Transporte,Fila 7054
2026-04-30,35.50,Transporte,Fila 7055
2026-05-01,36.50,Transporte,Fila 7056
2026-05-02,37.50,Transporte,Fila 7057
2026-05-03,38.50,Transporte,Fila 7058
2026-05-04,39.50,Transporte,Fila 7059
2026-05-05,40.50,Transporte,Fila 7060
2026-05-06,41.50,Transporte,Fila 7061
2026-05-07,42.50,Transporte,Fila 7062
2026-05-08,43.50,Transporte,Fila 7063
2026-05-09,44.50,Transporte,Fila 7064
2026-05-10,45.50,Transporte,Fila 7065
2026-05-11,46.50,Transporte,Fila 7066
2026-05-12,47.50,Transporte,Fila 7067
2026-05-13,48.50,Transporte,Fila 7068
2026-05-14,49.50,Transporte,Fila 7069
2026-05-15,50.50,Transporte,Fila 7070
2026-05-16,51.50,Transporte,Fila 7071
2026-05-17,52.50,Transporte,Fila 7072
2026-05-18,53.50,Transporte,Fila 7073
2026-05-19,54.50,Transporte,Fila 7074
2026-05-20,55.50,Transporte,Fila 7075
2026-05-21,56.50,Transporte,Fila 7076
2026-05-22,57.50,Transporte,Fila 7077
2026-05-23,58.50,Transporte,Fila 7078
2026-05-24,59.50,Transporte,Fila 7079
2026-05-25,60.50,Transporte,Fila 7080
2026-05-26,61.50,Transporte,Fila 7081
2026-05-27,62.50,Transporte,Fila 7082
2026-05-28,63.50,Transporte,Fila 7083
2026-05-29,64.50,Transporte,Fila 7084
2026-05-30,65.50,Transporte,Fila 7085
2026-05-31,66.50,Transporte,Fila 7086
2026-06-01,67.50,Transporte,Fila 7087
2026-06-02,68.50,Transporte,Fila 7088
2026-06-03,69.50,Transporte,Fila 7089
2026-06-04,70.50,Transporte,Fila 7090
2026-06-05,71.50,Transporte,Fila 7091
2026-06-06,72.50,Transporte,Fila 7092
2026-06-07,73.50,Transporte,Fila 7093
2026-06-08,74.50,Transporte,Fila 7094
2026-06-09,75.50,Transporte,Fila 7095
2026-06-10,76.50,Transporte,Fila 7096
2026-06-11,77.50,Transporte,Fila 7097
2026-06-12,78.50,Transporte,Fila 7098
2026-06-13,79.50,Transporte,Fila 7099
2026-06-14,80.50,Transporte,Fila 7100
2026-06-15,81.50,Transporte,Fila 7101
2026-06-16,82.50,Transporte,Fila 7102
2026-06-17,83.50,Transporte,Fila 7103
2026-06-18,84.50,Transporte,Fila 7104
2026-06-19,85.50,Transporte,Fila 7105
2026-06-20,86.50,Transporte,Fila 7106
2026-06-21,87.50,Transporte,Fila 7107
2026-06-22,88.50,Transporte,Fila 7108
2026-06-23,89.50,Transporte,Fila 7109
2026-06-24,90.50,Transporte,Fila 7110
2026-06-25,1.50,Transporte,Fila 7111
2026-06-26,2.50,Transporte,Fila 7112
2026-06-27,3.50,Transporte,Fila 7113
2026-06-28,4.50,Transporte,Fila 7114
2026-06-29,5.50,Transporte,Fila 7115
2026-06-30,6.50,Transporte,Fila 7116
2026-07-01,7.50,Transporte,Fila 7117
2026-07-02,8.50,Transporte,Fila 7118
2026-07-03,9.50,Transporte,Fila 7119
2026-07-04,10.50,Transporte,Fila 7120
2026-07-05,11.50,Transporte,Fila 7121
2026-07-06,12.50,Transporte,Fila 7122
2026-07-07,13.50,Transporte,Fila 7123
2026-07-08,14.50,Transporte,Fila 7124
2026-07-09,15.50,Transporte,Fila 7125
2026-07-10,16.50,Transporte,Fila 7126
2026-07-11,17.50,Transporte,Fila 7127
2026-07-12,18.50,Transporte,Fila 7128
2026-07-13,19.50,Transporte,Fila 7129
2026-07-14,20.50,Transporte,Fila 7130
2026-07-15,21.50,Transporte,Fila 7131
2026-07-16,22.50,Transporte,Fila 7132
2026-07-17,23.50,Transporte,Fila 7133
2026-07-18,24.50,Transporte,Fila 7134
2026-07-19,25.50,Transporte,Fila 7135
2026-07-20,26.50,Transporte,Fila 7136
2026-07-21,27.50,Transporte,Fila 7137
2026-07-22,28.50,Transporte,Fila 7138
2026-07-23,29.50,Transporte,Fila 7139
2026-07-24,30.50,Transporte,Fila 7140
2026-07-25,31.50,Transporte,Fila 7141
2026-07-26,32.50,Transporte,Fila 7142
2026-07-27,33.50,Transporte,Fila 7143
2026-07-28,34.50,Transporte,Fila 7144
2026-07-29,35.50,Transporte,Fila 7145
2026-07-30,36.50,Transporte,Fila 7146
2026-07-31,37.50,Transporte,Fila 7147
2026-08-01,38.50,Transporte,Fila 7148
2026-08-02,39.50,Transporte,Fila 7149
2026-08-03,40.50,Transporte,Fila 7150
2026-08-04,41.50,Transporte,Fila 7151
2026-08-05,42.50,Transporte,Fila 7152
2026-08-06,43.50,Transporte,Fila 7153
2026-08-07,44.50,Transporte,Fila 7154
2026-08-08,45.50,Transporte,Fila 7155
2026-08-09,46.50,Transporte,Fila 7156
2026-08-10,47.50,Transporte,Fila 7157
2026-08-11,48.50,Transporte,Fila 7158
2026-08-12,49.50,Transporte,Fila 7159
2026-08-13,50.50,Transporte,Fila 7160
2026-08-14,51.50,Transporte,Fila 7161
2026-08-15,52.50,Transporte,Fila 7162
2026-08-16,53.50,Transporte,Fila 7163
2026-08-17,54.50,Transporte,Fila 7164
2026-08-18,55.50,Transporte,Fila 7165
2026-08-19,56.50,Transporte,Fila 7166
2026-08-20,57.50,Transporte,Fila 7167
2026-08-21,58.50,Transporte,Fila 7168
2026-08-22,59.50,Transporte,Fila 7169
2026-08-23,60.50,Transporte,Fila 7170
2026-08-24,61.50,Transporte,Fila 7171
2026-08-25,62.50,Transporte,Fila 7172
2026-08-26,63.50,Transporte,Fila 7173
2026-08-27,64.50,Transporte,Fila 7174
2026-08-28,65.50,Transporte,Fila 7175
2026-08-29,66.50,Transporte,Fila 7176
2026-08-30,67.50,Transporte,Fila 7177
2026-08-31,68.50,Transporte,Fila 7178
2026-09-01,69.50,Transporte,Fila 7179
2026-09-02,70.50,Transporte,Fila 7180
2026-09-03,71.50,Transporte,Fila 7181
2026-09-04,72.50,Transporte,Fila 7182
2026-09-05,73.50,Transporte,Fila 7183
2026-09-06,74.50,Transporte,Fila 7184
2026-09-07,75.50,Transporte,Fila 7185
2026-09-08,76.50,Transporte,Fila 7186
2026-09-09,77.50,Transporte,Fila 7187
2026-09-10,78.50,Transporte,Fila 7188
2026-09-11,79.50,Transporte,Fila 7189
2026-09-12,80.50,Transporte,Fila 7190
2026-09-13,81.50,Transporte,Fila 7191
2026-09-14,82.50,Transporte,Fila 7192
2026-09-15,83.50,Transporte,Fila 7193
2026-09-16,84.50,Transporte,Fila 7194
2026-09-17,85.50,Transporte,Fila 7195
2026-09-18,86.50,Transporte,Fila 7196
2026-09-19,87.50,Transporte,Fila 7197
2026-09-20,88.50,Transporte,Fila 7198
2026-09-21,89.50,Transporte,Fila 7199
2026-09-22,90.50,Transporte,Fila 7200
2026-09-23,1.50,Transporte,Fila 7201
2026-09-24,2.50,Transporte,Fila 7202
2026-09-25,3.50,Transporte,Fila 7203
2026-09-26,4.50,Transporte,Fila 7204
2026-09-27,5.50,Transporte,Fila 7205
2026-09-28,6.50,Transporte,Fila 7206
2026-09-29,7.50,Transporte,Fila 7207
2026-09-30,8.50,Transporte,Fila 7208
2026-10-01,9.50,Transporte,Fila 7209
2026-10-02,10.50,Transporte,Fila 7210
2026-10-03,11.50,Transporte,Fila 7211
2026-10-04,12.50,Transporte,Fila 7212
2026-10-05,13.50,Transporte,Fila 7213
2026-10-06,14.50,Transporte,Fila 7214
2026-10-07,15.50,Transporte,Fila 7215
2026-10-08,16.50,Transporte,Fila 7216
2026-10-09,17.50,Transporte,Fila 7217
2026-10-10,18.50,Transporte,Fila 7218
2026-10-11,19.50,Transporte,Fila 7219
2026-10-12,20.50,Transporte,Fila 7220
2026-10-13,21.50,Transporte,Fila 7221
2026-10-14,22.50,Transporte,Fila 7222
2026-10-15,23.50,Transporte,Fila 7223
2026-10-16,24.50,Transporte,Fila 7224
2026-10-17,25.50,Transporte,Fila 7225
2026-10-18,26.50,Transporte,Fila 7226
2026-10-19,27.50,Transporte,Fila 7227
2026-10-20,28.50,Transporte,Fila 7228
2026-10-21,29.50,Transporte,Fila 7229
2026-10-22,30.50,Transporte,Fila 7230
2026-10-23,31.50,Transporte,Fila 7231
2026-10-24,32.50,Transporte,Fila 7232
2026-10-25,33.50,Transporte,Fila 7233
2026-10-26,34.50,Transporte,Fila 7234
2026-10-27,35.50,Transporte,Fila 7235
2026-10-28,36.50,Transporte,Fila 7236
2026-10-29,37.50,Transporte,Fila 7237
2026-10-30,38.50,Transporte,Fila 7238
2026-10-31,39.50,Transporte,Fila 7239
2026-11-01,40.50,Transporte,Fila 7240
2026-11-02,41.50,Transporte,Fila 7241
2026-11-03,42.50,Transporte,Fila 7242
2026-11-04,43.50,Transporte,Fila 7243
2026-11-05,44.50,Transporte,Fila 7244
2026-11-06,45.50,Transporte,Fila 7245
2026-11-07,46.50,Transporte,Fila 7246
2026-11-08,47.50,Transporte,Fila 7247
2026-11-09,48.50,Transporte,Fila 7248
2026-11-10,49.50,Transporte,Fila 7249
2026-11-11,50.50,Transporte,Fila 7250
2026-11-12,51.50,Transporte,Fila 7251
2026-11-13,52.50,Transporte,Fila 7252
2026-11-14,53.50,Transporte,Fila 7253
2026-11-15,54.50,Transporte,Fila 7254
2026-11-16,55.50,Transporte,Fila 7255
2026-11-17,56.50,Transporte,Fila 7256
2026-11-18,57.50,Transporte,Fila 7257
2026-11-19,58.50,Transporte,Fila 7258
2026-11-20,59.50,Transporte,Fila 7259
2026-11-21,60.50,Transporte,Fila 7260
2026-11-22,61.50,Transporte,Fila 7261
2026-11-23,62.50,Transporte,Fila 7262
2026-11-24,63.50,Transporte,Fila 7263
2026-11-25,64.50,Transporte,Fila 7264
2026-11-26,65.50,Transporte,Fila 7265
2026-11-27,66.50,Transporte,Fila 7266
2026-11-28,67.50,Transporte,Fila 7267
2026-11-29,68.50,Transporte,Fila 7268
2026-11-30,69.50,Transporte,Fila 7269
2026-12-01,70.50,Transporte,Fila 7270
2026-12-02,71.50,Transporte,Fila 7271
2026-12-03,72.50,Transporte,Fila 7272
2026-12-04,73.50,Transporte,Fila 7273
2026-12-05,74.50,Transporte,Fila 7274
2026-12-06,75.50,Transporte,Fila 7275
2026-12-07,76.50,Transporte,Fila 7276
2026-12-08,77.50,Transporte,Fila 7277
2026-12-09,78.50,Transporte,Fila 7278
2026-12-10,79.50,Transporte,Fila 7279
2026-12-11,80.50,Transporte,Fila 7280
2026-12-12,81.50,Transporte,Fila 7281
2026-12-13,82.50,Transporte,Fila 7282
2026-12-14,83.50,Transporte,Fila 7283
2026-12-15,84.50,Transporte,Fila 7284
2026-12-16,85.50,Transporte,Fila 7285
2026-12-17,86.50,Transporte,Fila 7286
2026-12-18,87.50,Transporte,Fila 7287
2026-12-19,88.50,Transporte,Fila 7288
2026-12-20,89.50,Transporte,Fila 7289
2026-12-21,90.50,Transporte,Fila 7290
2026-12-22,1.50,Transporte,Fila 7291
2026-12-23,2.50,Transporte,Fila 7292
2026-12-24,3.50,Transporte,Fila 7293
2026-12-25,4.50,Transporte,Fila 7294
2026-12-26,5.50,Transporte,Fila 7295
2026-12-27,6.50,Transporte,Fila 7296
2026-12-28,7.50,Transporte,Fila 7297
2026-12-29,8.50,Transporte,Fila 7298
2026-12-30,9.50,Transporte,Fila 7299
2026-12-31,10.50,Transporte,Fila 7300
2026-01-01,11.50,Transporte,Fila 7301
2026-01-02,12.50,Transporte,Fila 7302
2026-01-03,13.50,Transporte,Fila 7303
2026-01-04,14.50,Transporte,Fila 7304
2026-01-05,15.50,Transporte,Fila 7305
2026-01-06,16.50,Transporte,Fila 7306
2026-01-07,17.50,Transporte,Fila 7307
2026-01-08,18.50,Transporte,Fila 7308
2026-01-09,19.50,Transporte,Fila 7309
2026-01-10,20.50,Transporte,Fila 7310
2026-01-11,21.50,Transporte,Fila 7311
2026-01-12,22.50,Transporte,Fila 7312
2026-01-13,23.50,Transporte,Fila 7313
2026-01-14,24.50,Transporte,Fila 7314
2026-01-15,25.50,Transporte,Fila 7315
2026-01-16,26.50,Transporte,Fila 7316
2026-01-17,27.50,Transporte,Fila 7317
2026-01-18,28.50,Transporte,Fila 7318
2026-01-19,29.50,Transporte,Fila 7319
2026-01-20,30.50,Transporte,Fila 7320
2026-01-21,31.50,Transporte,Fila 7321
2026-01-22,32.50,Transporte,Fila 7322
2026-01-23,33.50,Transporte,Fila 7323
2026-01-24,34.50,Transporte,Fila 7324
2026-01-25,35.50,Transporte,Fila 7325
2026-01-26,36.50,Transporte,Fila 7326
2026-01-27,37.50,Transporte,Fila 7327
2026-01-28,38.50,Transporte,Fila 7328
2026-01-29,39.50,Transporte,Fila 7329
2026-01-30,40.50,Transporte,Fila 7330
2026-01-31,41.50,Transporte,Fila 7331
2026-02-01,42.50,Transporte,Fila 7332
2026-02-02,43.50,Transporte,Fila 7333
2026-02-03,44.50,Transporte,Fila 7334
2026-02-04,45.50,Transporte,Fila 7335
2026-02-05,46.50,Transporte,Fila 7336
2026-02-06,47.50,Transporte,Fila 7337
2026-02-07,48.50,Transporte,Fila 7338
2026-02-08,49.50,Transporte,Fila 7339
2026-02-09,50.50,Transporte,Fila 7340
2026-02-10,51.50,Transporte,Fila 7341
2026-02-11,52.50,Transporte,Fila 7342
2026-02-12,53.50,Transporte,Fila 7343
2026-02-13,54.50,Transporte,Fila 7344
2026-02-14,55.50,Transporte,Fila 7345
2026-02-15,56.50,Transporte,Fila 7346
2026-02-16,57.50,Transporte,Fila 7347
2026-02-17,58.50,Transporte,Fila 7348
2026-02-18,59.50,Transporte,Fila 7349
2026-02-19,60.50,Transporte,Fila 7350
2026-02-20,61.50,Transporte,Fila 7351
2026-02-21,62.50,Transporte,Fila 7352
2026-02-22,63.50,Transporte,Fila 7353
2026-02-23,64.50,Transporte,Fila 7354
2026-02-24,65.50,Transporte,Fila 7355
2026-02-25,66.50,Transporte,Fila 7356
2026-02-26,67.50,Transporte,Fila 7357
2026-02-27,68.50,Transporte,Fila 7358
2026-02-28,69.50,Transporte,Fila 7359
2026-03-01,70.50,Transporte,Fila 7360
2026-03-02,71.50,Transporte,Fila 7361
2026-03-03,72.50,Transporte,Fila 7362
2026-03-04,73.50,Transporte,Fila 7363
2026-03-05,74.50,Transporte,Fila 7364
2026-03-06,75.50,Transporte,Fila 7365
2026-03-07,76.50,Transporte,Fila 7366
2026-03-08,77.50,Transporte,Fila 7367
2026-03-09,78.50,Transporte,Fila 7368
2026-03-10,79.50,Transporte,Fila 7369
2026-03-11,80.50,Transporte,Fila 7370
2026-03-12,81.50,Transporte,Fila 7371
2026-03-13,82.50,Transporte,Fila 7372
2026-03-14,83.50,Transporte,Fila 7373
2026-03-15,84.50,Transporte,Fila 7374
2026-03-16,85.50,Transporte,Fila 7375
2026-03-17,86.50,Transporte,Fila 7376
2026-03-18,87.50,Transporte,Fila 7377
2026-03-19,88.50,Transporte,Fila 7378
2026-03-20,89.50,Transporte,Fila 7379
2026-03-21,90.50,Transporte,Fila 7380
2026-03-22,1.50,Transporte,Fila 7381
2026-03-23,2.50,Transporte,Fila 7382
2026-03-24,3.50,Transporte,Fila 7383
2026-03-25,4.50,Transporte,Fila 7384
2026-03-26,5.50,Transporte,Fila 7385
2026-03-27,6.50,Transporte,Fila 7386
2026-03-28,7.50,Transporte,Fila 7387
2026-03-29,8.50,Transporte,Fila 7388
2026-03-30,9.50,Transporte,Fila 7389
2026-03-31,10.50,Transporte,Fila 7390
2026-04-01,11.50,Transporte,Fila 7391
2026-04-02,12.50,Transporte,Fila 7392
2026-04-03,13.50,Transporte,Fila 7393
2026-04-04,14.50,Transporte,Fila 7394
2026-04-05,15.50,Transporte,Fila 7395
2026-04-06,16.50,Transporte,Fila 7396
2026-04-07,17.50,Transporte,Fila 7397
2026-04-08,18.50,Transporte,Fila 7398
2026-04-09,19.50,Transporte,Fila 7399
2026-04-10,20.50,Transporte,Fila 7400
2026-04-11,21.50,Transporte,Fila 7401
2026-04-12,22.50,Transporte,Fila 7402
2026-04-13,23.50,Transporte,Fila 7403
2026-04-14,24.50,Transporte,Fila 7404
2026-04-15,25.50,Transporte,Fila 7405
2026-04-16,26.50,Transporte,Fila 7406
2026-04-17,27.50,Transporte,Fila 7407
2026-04-18,28.50,Transporte,Fila 7408
2026-04-19,29.50,Transporte,Fila 7409
2026-04-20,30.50,Transporte,Fila 7410
2026-04-21,31.50,Transporte,Fila 7411
2026-04-22,32.50,Transporte,Fila 7412
2026-04-23,33.50,Transporte,Fila 7413
2026-04-24,34.50,Transporte,Fila 7414
2026-04-25,35.50,Transporte,Fila 7415
2026-04-26,36.50,Transporte,Fila 7416
2026-04-27,37.50,Transporte,Fila 7417
2026-04-28,38.50,Transporte,Fila 7418
2026-04-29,39.50,Transporte,Fila 7419
2026-04-30,40.50,Transporte,Fila 7420
2026-05-01,41.50,Transporte,Fila 7421
2026-05-02,42.50,Transporte,Fila 7422
2026-05-03,43.50,Transporte,Fila 7423
2026-05-04,44.50,Transporte,Fila 7424
2026-05-05,45.50,Transporte,Fila 7425
2026-05-06,46.50,Transporte,Fila 7426
2026-05-07,47.50,Transporte,Fila 7427
2026-05-08,48.50,Transporte,Fila 7428
2026-05-09,49.50,Transporte,Fila 7429
2026-05-10,50.50,Transporte,Fila 7430
2026-05-11,51.50,Transporte,Fila 7431
2026-05-12,52.50,Transporte,Fila 7432
2026-05-13,53.50,Transporte,Fila 7433
2026-05-14,54.50,Transporte,Fila 7434
2026-05-15,55.50,Transporte,Fila 7435
2026-05-16,56.50,Transporte,Fila 7436
2026-05-17,57.50,Transporte,Fila 7437
2026-05-18,58.50,Transporte,Fila 7438
2026-05-19,59.50,Transporte,Fila 7439
2026-05-20,60.50,Transporte,Fila 7440
2026-05-21,61.50,Transporte,Fila 7441
2026-05-22,62.50,Transporte,Fila 7442
2026-05-23,63.50,Transporte,Fila 7443
2026-05-24,64.50,Transporte,Fila 7444
2026-05-25,65.50,Transporte,Fila 7445
2026-05-26,66.50,Transporte,Fila 7446
2026-05-27,67.50,Transporte,Fila 7447
2026-05-28,68.50,Transporte,Fila 7448
2026-05-29,69.50,Transporte,Fila 7449
2026-05-30,70.50,Transporte,Fila 7450
2026-05-31,71.50,Transporte,Fila 7451
2026-06-01,72.50,Transporte,Fila 7452
2026-06-02,73.50,Transporte,Fila 7453
2026-06-03,74.50,Transporte,Fila 7454
2026-06-04,75.50,Transporte,Fila 7455
2026-06-05,76.50,Transporte,Fila 7456
2026-06-06,77.50,Transporte,Fila 7457
2026-06-07,78.50,Transporte,Fila 7458
2026-06-08,79.50,Transporte,Fila 7459
2026-06-09,80.50,Transporte,Fila 7460
2026-06-10,81.50,Transporte,Fila 7461
2026-06-11,82.50,Transporte,Fila 7462
2026-06-12,83.50,Transporte,Fila 7463
2026-06-13,84.50,Transporte,Fila 7464
2026-06-14,85.50,Transporte,Fila 7465
2026-06-15,86.50,Transporte,Fila 7466
2026-06-16,87.50,Transporte,Fila 7467
2026-06-17,88.50,Transporte,Fila 7468
2026-06-18,89.50,Transporte,Fila 7469
2026-06-19,90.50,Transporte,Fila 7470
2026-06-20,1.50,Transporte,Fila 7471
2026-06-21,2.50,Transporte,Fila 7472
2026-06-22,3.50,Transporte,Fila 7473
2026-06-23,4.50,Transporte,Fila 7474
2026-06-24,5.50,Transporte,Fila 7475
2026-06-25,6.50,Transporte,Fila 7476
2026-06-26,7.50,Transporte,Fila 7477
2026-06-27,8.50,Transporte,Fila 7478
2026-06-28,9.50,Transporte,Fila 7479
2026-06-29,10.50,Transporte,Fila 7480
2026-06-30,11.50,Transporte,Fila 7481
2026-07-01,12.50,Transporte,Fila 7482
2026-07-02,13.50,Transporte,Fila 7483
2026-07-03,14.50,Transporte,Fila 7484
2026-07-04,15.50,Transporte,Fila 7485
2026-07-05,16.50,Transporte,Fila 7486
2026-07-06,17.50,Transporte,Fila 7487
2026-07-07,18.50,Transporte,Fila 7488
2026-07-08,19.50,Transporte,Fila 7489
2026-07-09,20.50,Transporte,Fila 7490
2026-07-10,21.50,Transporte,Fila 7491
2026-07-11,22.50,Transporte,Fila 7492
2026-07-12,23.50,Transporte,Fila 7493
2026-07-13,24.50,Transporte,Fila 7494
2026-07-14,25.50,Transporte,Fila 7495
2026-07-15,26.50,Transporte,Fila 7496
2026-07-16,27.50,Transporte,Fila 7497
2026-07-17,28.50,Transporte,Fila 7498
2026-07-18,29.50,Transporte,Fila 7499
2026-07-19,30.50,Transporte,Fila 7500
2026-07-20,31.50,Transporte,Fila 7501
2026-07-21,32.50,Transporte,Fila 7502
2026-07-22,33.50,Transporte,Fila 7503
2026-07-23,34.50,Transporte,Fila 7504
2026-07-24,35.50,Transporte,Fila 7505
2026-07-25,36.50,Transporte,Fila 7506
2026-07-26,37.50,Transporte,Fila 7507
2026-07-27,38.50,Transporte,Fila 7508
2026-07-28,39.50,Transporte,Fila 7509
2026-07-29,40.50,Transporte,Fila 7510
2026-07-30,41.50,Transporte,Fila 7511
2026-07-31,42.50,Transporte,Fila 7512
2026-08-01,43.50,Transporte,Fila 7513
2026-08-02,44.50,Transporte,Fila 7514
2026-08-03,45.50,Transporte,Fila 7515
2026-08-04,46.50,Transporte,Fila 7516
2026-08-05,47.50,Transporte,Fila 7517
2026-08-06,48.50,Transporte,Fila 7518
2026-08-07,49.50,Transporte,Fila 7519
2026-08-08,50.50,Transporte,Fila 7520
2026-08-09,51.50,Transporte,Fila 7521
2026-08-10,52.50,Transporte,Fila 7522
2026-08-11,53.50,Transporte,Fila 7523
2026-08-12,54.50,Transporte,Fila 7524
2026-08-13,55.50,Transporte,Fila 7525
2026-08-14,56.50,Transporte,Fila 7526
2026-08-15,57.50,Transporte,Fila 7527
2026-08-16,58.50,Transporte,Fila 7528
2026-08-17,59.50,Transporte,Fila 7529
2026-08-18,60.50,Transporte,Fila 7530
2026-08-19,61.50,Transporte,Fila 7531
2026-08-20,62.50,Transporte,Fila 7532
2026-08-21,63.50,Transporte,Fila 7533
2026-08-22,64.50,Transporte,Fila 7534
2026-08-23,65.50,Transporte,Fila 7535
2026-08-24,66.50,Transporte,Fila 7536
2026-08-25,67.50,Transporte,Fila 7537
2026-08-26,68.50,Transporte,Fila 7538
2026-08-27,69.50,Transporte,Fila 7539
2026-08-28,70.50,Transporte,Fila 7540
2026-08-29,71.50,Transporte,Fila 7541
2026-08-30,72.50,Transporte,Fila 7542
2026-08-31,73.50,Transporte,Fila 7543
2026-09-01,74.50,Transporte,Fila 7544
2026-09-02,75.50,Transporte,Fila 7545
2026-09-03,76.50,Transporte,Fila 7546
2026-09-04,77.50,Transporte,Fila 7547
2026-09-05,78.50,Transporte,Fila 7548
2026-09-06,79.50,Transporte,Fila 7549
2026-09-07,80.50,Transporte,Fila 7550
2026-09-08,81.50,Transporte,Fila 7551
2026-09-09,82.50,Transporte,Fila 7552
2026-09-10,83.50,Transporte,Fila 7553
2026-09-11,84.50,Transporte,Fila 7554
2026-09-12,85.50,Transporte,Fila 7555
2026-09-13,86.50,Transporte,Fila 7556
2026-09-14,87.50,Transporte,Fila 7557
2026-09-15,88.50,Transporte,Fila 7558
2026-09-16,89.50,Transporte,Fila 7559
2026-09-17,90.50,Transporte,Fila 7560
2026-09-18,1.50,Transporte,Fila 7561
2026-09-19,2.50,Transporte,Fila 7562
2026-09-20,3.50,Transporte,Fila 7563
2026-09-21,4.50,Transporte,Fila 7564
2026-09-22,5.50,Transporte,Fila 7565
2026-09-23,6.50,Transporte,Fila 7566
2026-09-24,7.50,Transporte,Fila 7567
2026-09-25,8.50,Transporte,Fila 7568
2026-09-26,9.50,Transporte,Fila 7569
2026-09-27,10.50,Transporte,Fila 7570
2026-09-28,11.50,Transporte,Fila 7571
2026-09-29,12.50,Transporte,Fila 7572
2026-09-30,13.50,Transporte,Fila 7573
2026-10-01,14.50,Transporte,Fila 7574
2026-10-02,15.50,Transporte,Fila 7575
2026-10-03,16.50,Transporte,Fila 7576
2026-10-04,17.50,Transporte,Fila 7577
2026-10-05,18.50,Transporte,Fila 7578
2026-10-06,19.50,Transporte,Fila 7579
2026-10-07,20.50,Transporte,Fila 7580
2026-10-08,21.50,Transporte,Fila 7581
2026-10-09,22.50,Transporte,Fila 7582
2026-10-10,23.50,Transporte,Fila 7583
2026-10-11,24.50,Transporte,Fila 7584
2026-10-12,25.50,Transporte,Fila 7585
2026-10-13,26.50,Transporte,Fila 7586
2026-10-14,27.50,Transporte,Fila 7587
2026-10-15,28.50,Transporte,Fila 7588
2026-10-16,29.50,Transporte,Fila 7589
2026-10-17,30.50,Transporte,Fila 7590
2026-10-18,31.50,Transporte,Fila 7591
2026-10-19,32.50,Transporte,Fila 7592
2026-10-20,33.50,Transporte,Fila 7593
2026-10-21,34.50,Transporte,Fila 7594
2026-10-22,35.50,Transporte,Fila 7595
2026-10-23,36.50,Transporte,Fila 7596
2026-10-24,37.50,Transporte,Fila 7597
2026-10-25,38.50,Transporte,Fila 7598
2026-10-26,39.50,Transporte,Fila 7599
2026-10-27,40.50,Transporte,Fila 7600
2026-10-28,41.50,Transporte,Fila 7601
2026-10-29,42.50,Transporte,Fila 7602
2026-10-30,43.50,Transporte,Fila 7603
2026-10-31,44.50,Transporte,Fila 7604
2026-11-01,45.50,Transporte,Fila 7605
2026-11-02,46.50,Transporte,Fila 7606
2026-11-03,47.50,Transporte,Fila 7607
2026-11-04,48.50,Transporte,Fila 7608
2026-11-05,49.50,Transporte,Fila 7609
2026-11-06,50.50,Transporte,Fila 7610
2026-11-07,51.50,Transporte,Fila 7611
2026-11-08,52.50,Transporte,Fila 7612
2026-11-09,53.50,Transporte,Fila 7613
2026-11-10,54.50,Transporte,Fila 7614
2026-11-11,55.50,Transporte,Fila 7615
2026-11-12,56.50,Transporte,Fila 7616
2026-11-13,57.50,Transporte,Fila 7617
2026-11-14,58.50,Transporte,Fila 7618
2026-11-15,59.50,Transporte,Fila 7619
2026-11-16,60.50,Transporte,Fila 7620
2026-11-17,61.50,Transporte,Fila 7621
2026-11-18,62.50,Transporte,Fila 7622
2026-11-19,63.50,Transporte,Fila 7623
2026-11-20,64.50,Transporte,Fila 7624
2026-11-21,65.50,Transporte,Fila 7625
2026-11-22,66.50,Transporte,Fila 7626
2026-11-23,67.50,Transporte,Fila 7627
2026-11-24,68.50,Transporte,Fila 7628
2026-11-25,69.50,Transporte,Fila 7629
2026-11-26,70.50,Transporte,Fila 7630
2026-11-27,71.50,Transporte,Fila 7631
2026-11-28,72.50,Transporte,Fila 7632
2026-11-29,73.50,Transporte,Fila 7633
2026-11-30,74.50,Transporte,Fila 7634
2026-12-01,75.50,Transporte,Fila 7635
2026-12-02,76.50,Transporte,Fila 7636
2026-12-03,77.50,Transporte,Fila 7637
2026-12-04,78.50,Transporte,Fila 7638
2026-12-05,79.50,Transporte,Fila 7639
2026-12-06,80.50,Transporte,Fila 7640
2026-12-07,81.50,Transporte,Fila 7641
2026-12-08,82.50,Transporte,Fila 7642
2026-12-09,83.50,Transporte,Fila 7643
2026-12-10,84.50,Transporte,Fila 7644
2026-12-11,85.50,Transporte,Fila 7645
2026-12-12,86.50,Transporte,Fila 7646
2026-12-13,87.50,Transporte,Fila 7647
2026-12-14,88.50,Transporte,Fila 7648
2026-12-15,89.50,Transporte,Fila 7649
2026-12-16,90.50,Transporte,Fila 7650
2026-12-17,1.50,Transporte,Fila 7651
2026-12-18,2.50,Transporte,Fila 7652
2026-12-19,3.50,Transporte,Fila 7653
2026-12-20,4.50,Transporte,Fila 7654
2026-12-21,5.50,Transporte,Fila 7655
2026-12-22,6.50,Transporte,Fila 7656
2026-12-23,7.50,Transporte,Fila 7657
2026-12-24,8.50,Transporte,Fila 7658
2026-12-25,9.50,Transporte,Fila 7659
2026-12-26,10.50,Transporte,Fila 7660
2026-12-27,11.50,Transporte,Fila 7661
2026-12-28,12.50,Transporte,Fila 7662
2026-12-29,13.50,Transporte,Fila 7663
2026-12-30,14.50,Transporte,Fila 7664
2026-12-31,15.50,Transporte,Fila 7665
2026-01-01,16.50,Transporte,Fila 7666
2026-01-02,17.50,Transporte,Fila 7667
2026-01-03,18.50,Transporte,Fila 7668
2026-01-04,19.50,Transporte,Fila 7669
2026-01-05,20.50,Transporte,Fila 7670
2026-01-06,21.50,Transporte,Fila 7671
2026-01-07,22.50,Transporte,Fila 7672
2026-01-08,23.50,Transporte,Fila 7673
2026-01-09,24.50,Transporte,Fila 7674
2026-01-10,25.50,Transporte,Fila 7675
2026-01-11,26.50,Transporte,Fila 7676
2026-01-12,27.50,Transporte,Fila 7677
2026-01-13,28.50,Transporte,Fila 7678
2026-01-14,29.50,Transporte,Fila 7679
2026-01-15,30.50,Transporte,Fila 7680
2026-01-16,31.50,Transporte,Fila 7681
2026-01-17,32.50,Transporte,Fila 7682
2026-01-18,33.50,Transporte,Fila 7683
2026-01-19,34.50,Transporte,Fila 7684
2026-01-20,35.50,Transporte,Fila 7685
2026-01-21,36.50,Transporte,Fila 7686
2026-01-22,37.50,Transporte,Fila 7687
2026-01-23,38.50,Transporte,Fila 7688
2026-01-24,39.50,Transporte,Fila 7689
2026-01-25,40.50,Transporte,Fila 7690
2026-01-26,41.50,Transporte,Fila 7691
2026-01-27,42.50,Transporte,Fila 7692
2026-01-28,43.50,Transporte,Fila 7693
2026-01-29,44.50,Transporte,Fila 7694
2026-01-30,45.50,Transporte,Fila 7695
2026-01-31,46.50,Transporte,Fila 7696
2026-02-01,47.50,Transporte,Fila 7697
2026-02-02,48.50,Transporte,Fila 7698
2026-02-03,49.50,Transporte,Fila 7699
2026-02-04,50.50,Transporte,Fila 7700
2026-02-05,51.50,Transporte,Fila 7701
2026-02-06,52.50,Transporte,Fila 7702
2026-02-07,53.50,Transporte,Fila 7703
2026-02-08,54.50,Transporte,Fila 7704
2026-02-09,55.50,Transporte,Fila 7705
2026-02-10,56.50,Transporte,Fila 7706
2026-02-11,57.50,Transporte,Fila 7707
2026-02-12,58.50,Transporte,Fila 7708
2026-02-13,59.50,Transporte,Fila 7709
2026-02-14,60.50,Transporte,Fila 7710
2026-02-15,61.50,Transporte,Fila 7711
2026-02-16,62.50,Transporte,Fila 7712
2026-02-17,63.50,Transporte,Fila 7713
2026-02-18,64.50,Transporte,Fila 7714
2026-02-19,65.50,Transporte,Fila 7715
2026-02-20,66.50,Transporte,Fila 7716
2026-02-21,67.50,Transporte,Fila 7717
2026-02-22,68.50,Transporte,Fila 7718
2026-02-23,69.50,Transporte,Fila 7719
2026-02-24,70.50,Transporte,Fila 7720
2026-02-25,71.50,Transporte,Fila 7721
2026-02-26,72.50,Transporte,Fila 7722
2026-02-27,73.50,Transporte,Fila 7723
2026-02-28,74.50,Transporte,Fila 7724
2026-03-01,75.50,Transporte,Fila 7725
2026-03-02,76.50,Transporte,Fila 7726
2026-03-03,77.50,Transporte,Fila 7727
2026-03-04,78.50,Transporte,Fila 7728
2026-03-05,79.50,Transporte,Fila 7729
2026-03-06,80.50,Transporte,Fila 7730
2026-03-07,81.50,Transporte,Fila 7731
2026-03-08,82.50,Transporte,Fila 7732
2026-03-09,83.50,Transporte,Fila 7733
2026-03-10,84.50,Transporte,Fila 7734
2026-03-11,85.50,Transporte,Fila 7735
2026-03-12,86.50,Transporte,Fila 7736
2026-03-13,87.50,Transporte,Fila 7737
2026-03-14,88.50,Transporte,Fila 7738
2026-03-15,89.50,Transporte,Fila 7739
2026-03-16,90.50,Transporte,Fila 7740
2026-03-17,1.50,Transporte,Fila 7741
2026-03-18,2.50,Transporte,Fila 7742
2026-03-19,3.50,Transporte,Fila 7743
2026-03-20,4.50,Transporte,Fila 7744
2026-03-21,5.50,Transporte,Fila 7745
2026-03-22,6.50,Transporte,Fila 7746
2026-03-23,7.50,Transporte,Fila 7747
2026-03-24,8.50,Transporte,Fila 7748
2026-03-25,9.50,Transporte,Fila 7749
2026-03-26,10.50,Transporte,Fila 7750
2026-03-27,11.50,Transporte,Fila 7751
2026-03-28,12.50,Transporte,Fila 7752
2026-03-29,13.50,Transporte,Fila 7753
2026-03-30,14.50,Transporte,Fila 7754
2026-03-31,15.50,Transporte,Fila 7755
2026-04-01,16.50,Transporte,Fila 7756
2026-04-02,17.50,Transporte,Fila 7757
2026-04-03,18.50,Transporte,Fila 7758
2026-04-04,19.50,Transporte,Fila 7759
2026-04-05,20.50,Transporte,Fila 7760
2026-04-06,21.50,Transporte,Fila 7761
2026-04-07,22.50,Transporte,Fila 7762
2026-04-08,23.50,Transporte,Fila 7763
2026-04-09,24.50,Transporte,Fila 7764
2026-04-10,25.50,Transporte,Fila 7765
2026-04-11,26.50,Transporte,Fila 7766
2026-04-12,27.50,Transporte,Fila 7767
2026-04-13,28.50,Transporte,Fila 7768
2026-04-14,29.50,Transporte,Fila 7769
2026-04-15,30.50,Transporte,Fila 7770
2026-04-16,31.50,Transporte,Fila 7771
2026-04-17,32.50,Transporte,Fila 7772
2026-04-18,33.50,Transporte,Fila 7773
2026-04-19,34.50,Transporte,Fila 7774
2026-04-20,35.50,Transporte,Fila 7775
2026-04-21,36.50,Transporte,Fila 7776
2026-04-22,37.50,Transporte,Fila 7777
2026-04-23,38.50,Transporte,Fila 7778
2026-04-24,39.50,Transporte,Fila 7779
2026-04-25,40.50,Transporte,Fila 7780
2026-04-26,41.50,Transporte,Fila 7781
2026-04-27,42.50,Transporte,Fila 7782
2026-04-28,43.50,Transporte,Fila 7783
2026-04-29,44.50,Transporte,Fila 7784
2026-04-30,45.50,Transporte,Fila 7785
2026-05-01,46.50,Transporte,Fila 7786
2026-05-02,47.50,Transporte,Fila 7787
2026-05-03,48.50,Transporte,Fila 7788
2026-05-04,49.50,Transporte,Fila 7789
2026-05-05,50.50,Transporte,Fila 7790
2026-05-06,51.50,Transporte,Fila 7791
2026-05-07,52.50,Transporte,Fila 7792
2026-05-08,53.50,Transporte,Fila 7793
2026-05-09,54.50,Transporte,Fila 7794
2026-05-10,55.50,Transporte,Fila 7795
2026-05-11,56.50,Transporte,Fila 7796
2026-05-12,57.50,Transporte,Fila 7797
2026-05-13,58.50,Transporte,Fila 7798
2026-05-14,59.50,Transporte,Fila 7799
2026-05-15,60.50,Transporte,Fila 7800
2026-05-16,61.50,Transporte,Fila 7801
2026-05-17,62.50,Transporte,Fila 7802
2026-05-18,63.50,Transporte,Fila 7803
2026-05-19,64.50,Transporte,Fila 7804
2026-05-20,65.50,Transporte,Fila 7805
2026-05-21,66.50,Transporte,Fila 7806
2026-05-22,67.50,Transporte,Fila 7807
2026-05-23,68.50,Transporte,Fila 7808
2026-05-24,69.50,Transporte,Fila 7809
2026-05-25,70.50,Transporte,Fila 7810
2026-05-26,71.50,Transporte,Fila 7811
2026-05-27,72.50,Transporte,Fila 7812
2026-05-28,73.50,Transporte,Fila 7813
2026-05-29,74.50,Transporte,Fila 7814
2026-05-30,75.50,Transporte,Fila 7815
2026-05-31,76.50,Transporte,Fila 7816
2026-06-01,77.50,Transporte,Fila 7817
2026-06-02,78.50,Transporte,Fila 7818
2026-06-03,79.50,Transporte,Fila 7819
2026-06-04,80.50,Transporte,Fila 7820
2026-06-05,81.50,Transporte,Fila 7821
2026-06-06,82.50,Transporte,Fila 7822
2026-06-07,83.50,Transporte,Fila 7823
2026-06-08,84.50,Transporte,Fila 7824
2026-06-09,85.50,Transporte,Fila 7825
2026-06-10,86.50,Transporte,Fila 7826
2026-06-11,87.50,Transporte,Fila 7827
2026-06-12,88.50,Transporte,Fila 7828
2026-06-13,89.50,Transporte,Fila 7829
2026-06-14,90.50,Transporte,Fila 7830
2026-06-15,1.50,Transporte,Fila 7831
2026-06-16,2.50,Transporte,Fila 7832
2026-06-17,3.50,Transporte,Fila 7833
2026-06-18,4.50,Transporte,Fila 7834
2026-06-19,5.50,Transporte,Fila 7835
2026-06-20,6.50,Transporte,Fila 7836
2026-06-21,7.50,Transporte,Fila 7837
2026-06-22,8.50,Transporte,Fila 7838
2026-06-23,9.50,Transporte,Fila 7839
2026-06-24,10.50,Transporte,Fila 7840
2026-06-25,11.50,Transporte,Fila 7841
2026-06-26,12.50,Transporte,Fila 7842
2026-06-27,13.50,Transporte,Fila 7843
2026-06-28,14.50,Transporte,Fila 7844
2026-06-29,15.50,Transporte,Fila 7845
2026-06-30,16.50,Transporte,Fila 7846
2026-07-01,17.50,Transporte,Fila 7847
2026-07-02,18.50,Transporte,Fila 7848
2026-07-03,19.50,Transporte,Fila 7849
2026-07-04,20.50,Transporte,Fila 7850
2026-07-05,21.50,Transporte,Fila 7851
2026-07-06,22.50,Transporte,Fila 7852
2026-07-07,23.50,Transporte,Fila 7853
2026-07-08,24.50,Transporte,Fila 7854
2026-07-09,25.50,Transporte,Fila 7855
2026-07-10,26.50,Transporte,Fila 7856
2026-07-11,27.50,Transporte,Fila 7857
2026-07-12,28.50,Transporte,Fila 7858
2026-07-13,29.50,Transporte,Fila 7859
2026-07-14,30.50,Transporte,Fila 7860
2026-07-15,31.50,Transporte,Fila 7861
2026-07-16,32.50,Transporte,Fila 7862
2026-07-17,33.50,Transporte,Fila 7863
2026-07-18,34.50,Transporte,Fila 7864
2026-07-19,35.50,Transporte,Fila 7865
2026-07-20,36.50,Transporte,Fila 7866
2026-07-21,37.50,Transporte,Fila 7867
2026-07-22,38.50,Transporte,Fila 7868
2026-07-23,39.50,Transporte,Fila 7869
2026-07-24,40.50,Transporte,Fila 7870
2026-07-25,41.50,Transporte,Fila 7871
2026-07-26,42.50,Transporte,Fila 7872
2026-07-27,43.50,Transporte,Fila 7873
2026-07-28,44.50,Transporte,Fila 7874
2026-07-29,45.50,Transporte,Fila 7875
2026-07-30,46.50,Transporte,Fila 7876
2026-07-31,47.50,Transporte,Fila 7877
2026-08-01,48.50,Transporte,Fila 7878
2026-08-02,49.50,Transporte,Fila 7879
2026-08-03,50.50,Transporte,Fila 7880
2026-08-04,51.50,Transporte,Fila 7881
2026-08-05,52.50,Transporte,Fila 7882
2026-08-06,53.50,Transporte,Fila 7883
2026-08-07,54.50,Transporte,Fila 7884
2026-08-08,55.50,Transporte,Fila 7885
2026-08-09,56.50,Transporte,Fila 7886
2026-08-10,57.50,Transporte,Fila 7887
2026-08-11,58.50,Transporte,Fila 7888
2026-08-12,59.50,Transporte,Fila 7889
2026-08-13,60.50,Transporte,Fila 7890
2026-08-14,61.50,Transporte,Fila 7891
2026-08-15,62.50,Transporte,Fila 7892
2026-08-16,63.50,Transporte,Fila 7893
2026-08-17,64.50,Transporte,Fila 7894
2026-08-18,65.50,Transporte,Fila 7895
2026-08-19,66.50,Transporte,Fila 7896
2026-08-20,67.50,Transporte,Fila 7897
2026-08-21,68.50,Transporte,Fila 7898
2026-08-22,69.50,Transporte,Fila 7899
2026-08-23,70.50,Transporte,Fila 7900
2026-08-24,71.50,Transporte,Fila 7901
2026-08-25,72.50,Transporte,Fila 7902
2026-08-26,73.50,Transporte,Fila 7903
2026-08-27,74.50,Transporte,Fila 7904
2026-08-28,75.50,Transporte,Fila 7905
2026-08-29,76.50,Transporte,Fila 7906
2026-08-30,77.50,Transporte,Fila 7907
2026-08-31,78.50,Transporte,Fila 7908
2026-09-01,79.50,Transporte,Fila 7909
2026-09-02,80.50,Transporte,Fila 7910
2026-09-03,81.50,Transporte,Fila 7911
2026-09-04,82.50,Transporte,Fila 7912
2026-09-05,83.50,Transporte,Fila 7913
2026-09-06,84.50,Transporte,Fila 7914
2026-09-07,85.50,Transporte,Fila 7915
2026-09-08,86.50,Transporte,Fila 7916
2026-09-09,87.50,Transporte,Fila 7917
2026-09-10,88.50,Transporte,Fila 7918
2026-09-11,89.50,Transporte,Fila 7919
2026-09-12,90.50,Transporte,Fila 7920
2026-09-13,1.50,Transporte,Fila 7921
2026-09-14,2.50,Transporte,Fila 7922
2026-09-15,3.50,Transporte,Fila 7923
2026-09-16,4.50,Transporte,Fila 7924
2026-09-17,5.50,Transporte,Fila 7925
2026-09-18,6.50,Transporte,Fila 7926
2026-09-19,7.50,Transporte,Fila 7927
2026-09-20,8.50,Transporte,Fila 7928
2026-09-21,9.50,Transporte,Fila 7929
2026-09-22,10.50,Transporte,Fila 7930
2026-09-23,11.50,Transporte,Fila 7931
2026-09-24,12.50,Transporte,Fila 7932
2026-09-25,13.50,Transporte,Fila 7933
2026-09-26,14.50,Transporte,Fila 7934
2026-09-27,15.50,Transporte,Fila 7935
2026-09-28,16.50,Transporte,Fila 7936
2026-09-29,17.50,Transporte,Fila 7937
2026-09-30,18.50,Transporte,Fila 7938
2026-10-01,19.50,Transporte,Fila 7939
2026-10-02,20.50,Transporte,Fila 7940
2026-10-03,21.50,Transporte,Fila 7941
2026-10-04,22.50,Transporte,Fila 7942
2026-10-05,23.50,Transporte,Fila 7943
2026-10-06,24.50,Transporte,Fila 7944
2026-10-07,25.50,Transporte,Fila 7945
2026-10-08,26.50,Transporte,Fila 7946
2026-10-09,27.50,Transporte,Fila 7947
2026-10-10,28.50,Transporte,Fila 7948
2026-10-11,29.50,Transporte,Fila 7949
2026-10-12,30.50,Transporte,Fila 7950
2026-10-13,31.50,Transporte,Fila 7951
2026-10-14,32.50,Transporte,Fila 7952
2026-10-15,33.50,Transporte,Fila 7953
2026-10-16,34.50,Transporte,Fila 7954
2026-10-17,35.50,Transporte,Fila 7955
2026-10-18,36.50,Transporte,Fila 7956
2026-10-19,37.50,Transporte,Fila 7957
2026-10-20,38.50,Transporte,Fila 7958
2026-10-21,39.50,Transporte,Fila 7959
2026-10-22,40.50,Transporte,Fila 7960
2026-10-23,41.50,Transporte,Fila 7961
2026-10-24,42.50,Transporte,Fila 7962
2026-10-25,43.50,Transporte,Fila 7963
2026-10-26,44.50,Transporte,Fila 7964
2026-10-27,45.50,Transporte,Fila 7965
2026-10-28,46.50,Transporte,Fila 7966
2026-10-29,47.50,Transporte,Fila 7967
2026-10-30,48.50,Transporte,Fila 7968
2026-10-31,49.50,Transporte,Fila 7969
2026-11-01,50.50,Transporte,Fila 7970
2026-11-02,51.50,Transporte,Fila 7971
2026-11-03,52.50,Transporte,Fila 7972
2026-11-04,53.50,Transporte,Fila 7973
2026-11-05,54.50,Transporte,Fila 7974
2026-11-06,55.50,Transporte,Fila 7975
2026-11-07,56.50,Transporte,Fila 7976
2026-11-08,57.50,Transporte,Fila 7977
2026-11-09,58.50,Transporte,Fila 7978
2026-11-10,59.50,Transporte,Fila 7979
2026-11-11,60.50,Transporte,Fila 7980
2026-11-12,61.50,Transporte,Fila 7981
2026-11-13,62.50,Transporte,Fila 7982
2026-11-14,63.50,Transporte,Fila 7983
2026-11-15,64.50,Transporte,Fila 7984
2026-11-16,65.50,Transporte,Fila 7985
2026-11-17,66.50,Transporte,Fila 7986
2026-11-18,67.50,Transporte,Fila 7987
2026-11-19,68.50,Transporte,Fila 7988
2026-11-20,69.50,Transporte,Fila 7989
2026-11-21,70.50,Transporte,Fila 7990
2026-11-22,71.50,Transporte,Fila 7991
2026-11-23,72.50,Transporte,Fila 7992
2026-11-24,73.50,Transporte,Fila 7993
2026-11-25,74.50,Transporte,Fila 7994
2026-11-26,75.50,Transporte,Fila 7995
2026-11-27,76.50,Transporte,Fila 7996
2026-11-28,77.50,Transporte,Fila 7997
2026-11-29,78.50,Transporte,Fila 7998
2026-11-30,79.50,Transporte,Fila 7999
2026-12-01,80.50,Transporte,Fila 8000
2026-12-02,81.50,Transporte,Fila 8001
2026-12-03,82.50,Transporte,Fila 8002
2026-12-04,83.50,Transporte,Fila 8003
2026-12-05,84.50,Transporte,Fila 8004
2026-12-06,85.50,Transporte,Fila 8005
2026-12-07,86.50,Transporte,Fila 8006
2026-12-08,87.50,Transporte,Fila 8007
2026-12-09,88.50,Transporte,Fila 8008
2026-12-10,89.50,Transporte,Fila 8009
2026-12-11,90.50,Transporte,Fila 8010
2026-12-12,1.50,Transporte,Fila 8011
2026-12-13,2.50,Transporte,Fila 8012
2026-12-14,3.50,Transporte,Fila 8013
2026-12-15,4.50,Transporte,Fila 8014
2026-12-16,5.50,Transporte,Fila 8015
2026-12-17,6.50,Transporte,Fila 8016
2026-12-18,7.50,Transporte,Fila 8017
2026-12-19,8.50,Transporte,Fila 8018
2026-12-20,9.50,Transporte,Fila 8019
2026-12-21,10.50,Transporte,Fila 8020
2026-12-22,11.50,Transporte,Fila 8021
2026-12-23,12.50,Transporte,Fila 8022
2026-12-24,13.50,Transporte,Fila 8023
2026-12-25,14.50,Transporte,Fila 8024
2026-12-26,15.50,Transporte,Fila 8025
2026-12-27,16.50,Transporte,Fila 8026
2026-12-28,17.50,Transporte,Fila 8027
2026-12-29,18.50,Transporte,Fila 8028
2026-12-30,19.50,Transporte,Fila 8029
2026-12-31,20.50,Transporte,Fila 8030
2026-01-01,21.50,Transporte,Fila 8031
2026-01-02,22.50,Transporte,Fila 8032
2026-01-03,23.50,Transporte,Fila 8033
2026-01-04,24.50,Transporte,Fila 8034
2026-01-05,25.50,Transporte,Fila 8035
2026-01-06,26.50,Transporte,Fila 8036
2026-01-07,27.50,Transporte,Fila 8037
2026-01-08,28.50,Transporte,Fila 8038
2026-01-09,29.50,Transporte,Fila 8039
2026-01-10,30.50,Transporte,Fila 8040
2026-01-11,31.50,Transporte,Fila 8041
2026-01-12,32.50,Transporte,Fila 8042
2026-01-13,33.50,Transporte,Fila 8043
2026-01-14,34.50,Transporte,Fila 8044
2026-01-15,35.50,Transporte,Fila 8045
2026-01-16,36.50,Transporte,Fila 8046
2026-01-17,37.50,Transporte,Fila 8047
2026-01-18,38.50,Transporte,Fila 8048
2026-01-19,39.50,Transporte,Fila 8049
2026-01-20,40.50,Transporte,Fila 8050
2026-01-21,41.50,Transporte,Fila 8051
2026-01-22,42.50,Transporte,Fila 8052
2026-01-23,43.50,Transporte,Fila 8053
2026-01-24,44.50,Transporte,Fila 8054
2026-01-25,45.50,Transporte,Fila 8055
2026-01-26,46.50,Transporte,Fila 8056
2026-01-27,47.50,Transporte,Fila 8057
2026-01-28,48.50,Transporte,Fila 8058
2026-01-29,49.50,Transporte,Fila 8059
2026-01-30,50.50,Transporte,Fila 8060
2026-01-31,51.50,Transporte,Fila 8061
2026-02-01,52.50,Transporte,Fila 8062
2026-02-02,53.50,Transporte,Fila 8063
2026-02-03,54.50,Transporte,Fila 8064
2026-02-04,55.50,Transporte,Fila 8065
2026-02-05,56.50,Transporte,Fila 8066
2026-02-06,57.50,Transporte,Fila 8067
2026-02-07,58.50,Transporte,Fila 8068
2026-02-08,59.50,Transporte,Fila 8069
2026-02-09,60.50,Transporte,Fila 8070
2026-02-10,61.50,Transporte,Fila 8071
2026-02-11,62.50,Transporte,Fila 8072
2026-02-12,63.50,Transporte,Fila 8073
2026-02-13,64.50,Transporte,Fila 8074
2026-02-14,65.50,Transporte,Fila 8075
2026-02-15,66.50,Transporte,Fila 8076
2026-02-16,67.50,Transporte,Fila 8077
2026-02-17,68.50,Transporte,Fila 8078
2026-02-18,69.50,Transporte,Fila 8079
2026-02-19,70.50,Transporte,Fila 8080
2026-02-20,71.50,Transporte,Fila 8081
2026-02-21,72.50,Transporte,Fila 8082
2026-02-22,73.50,Transporte,Fila 8083
2026-02-23,74.50,Transporte,Fila 8084
2026-02-24,75.50,Transporte,Fila 8085
2026-02-25,76.50,Transporte,Fila 8086
2026-02-26,77.50,Transporte,Fila 8087
2026-02-27,78.50,Transporte,Fila 8088
2026-02-28,79.50,Transporte,Fila 8089
2026-03-01,80.50,Transporte,Fila 8090
2026-03-02,81.50,Transporte,Fila 8091
2026-03-03,82.50,Transporte,Fila 8092
2026-03-04,83.50,Transporte,Fila 8093
2026-03-05,84.50,Transporte,Fila 8094
2026-03-06,85.50,Transporte,Fila 8095
2026-03-07,86.50,Transporte,Fila 8096
2026-03-08,87.50,Transporte,Fila 8097
2026-03-09,88.50,Transporte,Fila 8098
2026-03-10,89.50,Transporte,Fila 8099
2026-03-11,90.50,Transporte,Fila 8100
2026-03-12,1.50,Transporte,Fila 8101
2026-03-13,2.50,Transporte,Fila 8102
2026-03-14,3.50,Transporte,Fila 8103
2026-03-15,4.50,Transporte,Fila 8104
2026-03-16,5.50,Transporte,Fila 8105
2026-03-17,6.50,Transporte,Fila 8106
2026-03-18,7.50,Transporte,Fila 8107
2026-03-19,8.50,Transporte,Fila 8108
2026-03-20,9.50,Transporte,Fila 8109
2026-03-21,10.50,Transporte,Fila 8110
2026-03-22,11.50,Transporte,Fila 8111
2026-03-23,12.50,Transporte,Fila 8112
2026-03-24,13.50,Transporte,Fila 8113
2026-03-25,14.50,Transporte,Fila 8114
2026-03-26,15.50,Transporte,Fila 8115
2026-03-27,16.50,Transporte,Fila 8116
2026-03-28,17.50,Transporte,Fila 8117
2026-03-29,18.50,Transporte,Fila 8118
2026-03-30,19.50,Transporte,Fila 8119
2026-03-31,20.50,Transporte,Fila 8120
2026-04-01,21.50,Transporte,Fila 8121
2026-04-02,22.50,Transporte,Fila 8122
2026-04-03,23.50,Transporte,Fila 8123
2026-04-04,24.50,Transporte,Fila 8124
2026-04-05,25.50,Transporte,Fila 8125
2026-04-06,26.50,Transporte,Fila 8126
2026-04-07,27.50,Transporte,Fila 8127
2026-04-08,28.50,Transporte,Fila 8128
2026-04-09,29.50,Transporte,Fila 8129
2026-04-10,30.50,Transporte,Fila 8130
2026-04-11,31.50,Transporte,Fila 8131
2026-04-12,32.50,Transporte,Fila 8132
2026-04-13,33.50,Transporte,Fila 8133
2026-04-14,34.50,Transporte,Fila 8134
2026-04-15,35.50,Transporte,Fila 8135
2026-04-16,36.50,Transporte,Fila 8136
2026-04-17,37.50,Transporte,Fila 8137
2026-04-18,38.50,Transporte,Fila 8138
2026-04-19,39.50,Transporte,Fila 8139
2026-04-20,40.50,Transporte,Fila 8140
2026-04-21,41.50,Transporte,Fila 8141
2026-04-22,42.50,Transporte,Fila 8142
2026-04-23,43.50,Transporte,Fila 8143
2026-04-24,44.50,Transporte,Fila 8144
2026-04-25,45.50,Transporte,Fila 8145
2026-04-26,46.50,Transporte,Fila 8146
2026-04-27,47.50,Transporte,Fila 8147
2026-04-28,48.50,Transporte,Fila 8148
2026-04-29,49.50,Transporte,Fila 8149
2026-04-30,50.50,Transporte,Fila 8150
2026-05-01,51.50,Transporte,Fila 8151
2026-05-02,52.50,Transporte,Fila 8152
2026-05-03,53.50,Transporte,Fila 8153
2026-05-04,54.50,Transporte,Fila 8154
2026-05-05,55.50,Transporte,Fila 8155
2026-05-06,56.50,Transporte,Fila 8156
2026-05-07,57.50,Transporte,Fila 8157
2026-05-08,58.50,Transporte,Fila 8158
2026-05-09,59.50,Transporte,Fila 8159
2026-05-10,60.50,Transporte,Fila 8160
2026-05-11,61.50,Transporte,Fila 8161
2026-05-12,62.50,Transporte,Fila 8162
2026-05-13,63.50,Transporte,Fila 8163
2026-05-14,64.50,Transporte,Fila 8164
2026-05-15,65.50,Transporte,Fila 8165
2026-05-16,66.50,Transporte,Fila 8166
2026-05-17,67.50,Transporte,Fila 8167
2026-05-18,68.50,Transporte,Fila 8168
2026-05-19,69.50,Transporte,Fila 8169
2026-05-20,70.50,Transporte,Fila 8170
2026-05-21,71.50,Transporte,Fila 8171
2026-05-22,72.50,Transporte,Fila 8172
2026-05-23,73.50,Transporte,Fila 8173
2026-05-24,74.50,Transporte,Fila 8174
2026-05-25,75.50,Transporte,Fila 8175
2026-05-26,76.50,Transporte,Fila 8176
2026-05-27,77.50,Transporte,Fila 8177
2026-05-28,78.50,Transporte,Fila 8178
2026-05-29,79.50,Transporte,Fila 8179
2026-05-30,80.50,Transporte,Fila 8180
2026-05-31,81.50,Transporte,Fila 8181
2026-06-01,82.50,Transporte,Fila 8182
2026-06-02,83.50,Transporte,Fila 8183
2026-06-03,84.50,Transporte,Fila 8184
2026-06-04,85.50,Transporte,Fila 8185
2026-06-05,86.50,Transporte,Fila 8186
2026-06-06,87.50,Transporte,Fila 8187
2026-06-07,88.50,Transporte,Fila 8188
2026-06-08,89.50,Transporte,Fila 8189
2026-06-09,90.50,Transporte,Fila 8190
2026-06-10,1.50,Transporte,Fila 8191
2026-06-11,2.50,Transporte,Fila 8192
2026-06-12,3.50,Transporte,Fila 8193
2026-06-13,4.50,Transporte,Fila 8194
2026-06-14,5.50,Transporte,Fila 8195
2026-06-15,6.50,Transporte,Fila 8196
2026-06-16,7.50,Transporte,Fila 8197
2026-06-17,8.50,Transporte,Fila 8198
2026-06-18,9.50,Transporte,Fila 8199
2026-06-19,10.50,Transporte,Fila 8200
2026-06-20,11.50,Transporte,Fila 8201
2026-06-21,12.50,Transporte,Fila 8202
2026-06-22,13.50,Transporte,Fila 8203
2026-06-23,14.50,Transporte,Fila 8204
2026-06-24,15.50,Transporte,Fila 8205
2026-06-25,16.50,Transporte,Fila 8206
2026-06-26,17.50,Transporte,Fila 8207
2026-06-27,18.50,Transporte,Fila 8208
2026-06-28,19.50,Transporte,Fila 8209
2026-06-29,20.50,Transporte,Fila 8210
2026-06-30,21.50,Transporte,Fila 8211
2026-07-01,22.50,Transporte,Fila 8212
2026-07-02,23.50,Transporte,Fila 8213
2026-07-03,24.50,Transporte,Fila 8214
2026-07-04,25.50,Transporte,Fila 8215
2026-07-05,26.50,Transporte,Fila 8216
2026-07-06,27.50,Transporte,Fila 8217
2026-07-07,28.50,Transporte,Fila 8218
2026-07-08,29.50,Transporte,Fila 8219
2026-07-09,30.50,Transporte,Fila 8220
2026-07-10,31.50,Transporte,Fila 8221
2026-07-11,32.50,Transporte,Fila 8222
2026-07-12,33.50,Transporte,Fila 8223
2026-07-13,34.50,Transporte,Fila 8224
2026-07-14,35.50,Transporte,Fila 8225
2026-07-15,36.50,Transporte,Fila 8226
2026-07-16,37.50,Transporte,Fila 8227
2026-07-17,38.50,Transporte,Fila 8228
2026-07-18,39.50,Transporte,Fila 8229
2026-07-19,40.50,Transporte,Fila 8230
2026-07-20,41.50,Transporte,Fila 8231
2026-07-21,42.50,Transporte,Fila 8232
2026-07-22,43.50,Transporte,Fila 8233
2026-07-23,44.50,Transporte,Fila 8234
2026-07-24,45.50,Transporte,Fila 8235
2026-07-25,46.50,Transporte,Fila 8236
2026-07-26,47.50,Transporte,Fila 8237
2026-07-27,48.50,Transporte,Fila 8238
2026-07-28,49.50,Transporte,Fila 8239
2026-07-29,50.50,Transporte,Fila 8240
2026-07-30,51.50,Transporte,Fila 8241
2026-07-31,52.50,Transporte,Fila 8242
2026-08-01,53.50,Transporte,Fila 8243
2026-08-02,54.50,Transporte,Fila 8244
2026-08-03,55.50,Transporte,Fila 8245
2026-08-04,56.50,Transporte,Fila 8246
2026-08-05,57.50,Transporte,Fila 8247
2026-08-06,58.50,Transporte,Fila 8248
2026-08-07,59.50,Transporte,Fila 8249
2026-08-08,60.50,Transporte,Fila 8250
2026-08-09,61.50,Transporte,Fila 8251
2026-08-10,62.50,Transporte,Fila 8252
2026-08-11,63.50,Transporte,Fila 8253
2026-08-12,64.50,Transporte,Fila 8254
2026-08-13,65.50,Transporte,Fila 8255
2026-08-14,66.50,Transporte,Fila 8256
2026-08-15,67.50,Transporte,Fila 8257
2026-08-16,68.50,Transporte,Fila 8258
2026-08-17,69.50,Transporte,Fila 8259
2026-08-18,70.50,Transporte,Fila 8260
2026-08-19,71.50,Transporte,Fila 8261
2026-08-20,72.50,Transporte,Fila 8262
2026-08-21,73.50,Transporte,Fila 8263
2026-08-22,74.50,Transporte,Fila 8264
2026-08-23,75.50,Transporte,Fila 8265
2026-08-24,76.50,Transporte,Fila 8266
2026-08-25,77.50,Transporte,Fila 8267
2026-08-26,78.50,Transporte,Fila 8268
2026-08-27,79.50,Transporte,Fila 8269
2026-08-28,80.50,Transporte,Fila 8270
2026-08-29,81.50,Transporte,Fila 8271
2026-08-30,82.50,Transporte,Fila 8272
2026-08-31,83.50,Transporte,Fila 8273
2026-09-01,84.50,Transporte,Fila 8274
2026-09-02,85.50,Transporte,Fila 8275
2026-09-03,86.50,Transporte,Fila 8276
2026-09-04,87.50,Transporte,Fila 8277
2026-09-05,88.50,Transporte,Fila 8278
2026-09-06,89.50,Transporte,Fila 8279
2026-09-07,90.50,Transporte,Fila 8280
2026-09-08,1.50,Transporte,Fila 8281
2026-09-09,2.50,Transporte,Fila 8282
2026-09-10,3.50,Transporte,Fila 8283
2026-09-11,4.50,Transporte,Fila 8284
2026-09-12,5.50,Transporte,Fila 8285
2026-09-13,6.50,Transporte,Fila 8286
2026-09-14,7.50,Transporte,Fila 8287
2026-09-15,8.50,Transporte,Fila 8288
2026-09-16,9.50,Transporte,Fila 8289
2026-09-17,10.50,Transporte,Fila 8290
2026-09-18,11.50,Transporte,Fila 8291
2026-09-19,12.50,Transporte,Fila 8292
2026-09-20,13.50,Transporte,Fila 8293
2026-09-21,14.50,Transporte,Fila 8294
2026-09-22,15.50,Transporte,Fila 8295
2026-09-23,16.50,Transporte,Fila 8296
2026-09-24,17.50,Transporte,Fila 8297
2026-09-25,18.50,Transporte,Fila 8298
2026-09-26,19.50,Transporte,Fila 8299
2026-09-27,20.50,Transporte,Fila 8300
2026-09-28,21.50,Transporte,Fila 8301
2026-09-29,22.50,Transporte,Fila 8302
2026-09-30,23.50,Transporte,Fila 8303
2026-10-01,24.50,Transporte,Fila 8304
2026-10-02,25.50,Transporte,Fila 8305
2026-10-03,26.50,Transporte,Fila 8306
2026-10-04,27.50,Transporte,Fila 8307
2026-10-05,28.50,Transporte,Fila 8308
2026-10-06,29.50,Transporte,Fila 8309
2026-10-07,30.50,Transporte,Fila 8310
2026-10-08,31.50,Transporte,Fila 8311
2026-10-09,32.50,Transporte,Fila 8312
2026-10-10,33.50,Transporte,Fila 8313
2026-10-11,34.50,Transporte,Fila 8314
2026-10-12,35.50,Transporte,Fila 8315
2026-10-13,36.50,Transporte,Fila 8316
2026-10-14,37.50,Transporte,Fila 8317
2026-10-15,38.50,Transporte,Fila 8318
2026-10-16,39.50,Transporte,Fila 8319
2026-10-17,40.50,Transporte,Fila 8320
2026-10-18,41.50,Transporte,Fila 8321
2026-10-19,42.50,Transporte,Fila 8322
2026-10-20,43.50,Transporte,Fila 8323
2026-10-21,44.50,Transporte,Fila 8324
2026-10-22,45.50,Transporte,Fila 8325
2026-10-23,46.50,Transporte,Fila 8326
2026-10-24,47.50,Transporte,Fila 8327
2026-10-25,48.50,Transporte,Fila 8328
2026-10-26,49.50,Transporte,Fila 8329
2026-10-27,50.50,Transporte,Fila 8330
2026-10-28,51.50,Transporte,Fila 8331
2026-10-29,52.50,Transporte,Fila 8332
2026-10-30,53.50,Transporte,Fila 8333
2026-10-31,54.50,Transporte,Fila 8334
2026-11-01,55.50,Transporte,Fila 8335
2026-11-02,56.50,Transporte,Fila 8336
2026-11-03,57.50,Transporte,Fila 8337
2026-11-04,58.50,Transporte,Fila 8338
2026-11-05,59.50,Transporte,Fila 8339
2026-11-06,60.50,Transporte,Fila 8340
2026-11-07,61.50,Transporte,Fila 8341
2026-11-08,62.50,Transporte,Fila 8342
2026-11-09,63.50,Transporte,Fila 8343
2026-11-10,64.50,Transporte,Fila 8344
2026-11-11,65.50,Transporte,Fila 8345
2026-11-12,66.50,Transporte,Fila 8346
2026-11-13,67.50,Transporte,Fila 8347
2026-11-14,68.50,Transporte,Fila 8348
2026-11-15,69.50,Transporte,Fila 8349
2026-11-16,70.50,Transporte,Fila 8350
2026-11-17,71.50,Transporte,Fila 8351
2026-11-18,72.50,Transporte,Fila 8352
2026-11-19,73.50,Transporte,Fila 8353
2026-11-20,74.50,Transporte,Fila 8354
2026-11-21,75.50,Transporte,Fila 8355
2026-11-22,76.50,Transporte,Fila 8356
2026-11-23,77.50,Transporte,Fila 8357
2026-11-24,78.50,Transporte,Fila 8358
2026-11-25,79.50,Transporte,Fila 8359
2026-11-26,80.50,Transporte,Fila 8360
2026-11-27,81.50,Transporte,Fila 8361
2026-11-28,82.50,Transporte,Fila 8362
2026-11-29,83.50,Transporte,Fila 8363
2026-11-30,84.50,Transporte,Fila 8364
2026-12-01,85.50,Transporte,Fila 8365
2026-12-02,86.50,Transporte,Fila 8366
2026-12-03,87.50,Transporte,Fila 8367
2026-12-04,88.50,Transporte,Fila 8368
2026-12-05,89.50,Transporte,Fila 8369
2026-12-06,90.50,Transporte,Fila 8370
2026-12-07,1.50,Transporte,Fila 8371
2026-12-08,2.50,Transporte,Fila 8372
2026-12-09,3.50,Transporte,Fila 8373
2026-12-10,4.50,Transporte,Fila 8374
2026-12-11,5.50,Transporte,Fila 8375
2026-12-12,6.50,Transporte,Fila 8376
2026-12-13,7.50,Transporte,Fila 8377
2026-12-14,8.50,Transporte,Fila 8378
2026-12-15,9.50,Transporte,Fila 8379
2026-12-16,10.50,Transporte,Fila 8380
2026-12-17,11.50,Transporte,Fila 8381
2026-12-18,12.50,Transporte,Fila 8382
2026-12-19,13.50,Transporte,Fila 8383
2026-12-20,14.50,Transporte,Fila 8384
2026-12-21,15.50,Transporte,Fila 8385
2026-12-22,16.50,Transporte,Fila 8386
2026-12-23,17.50,Transporte,Fila 8387
2026-12-24,18.50,Transporte,Fila 8388
2026-12-25,19.50,Transporte,Fila 8389
2026-12-26,20.50,Transporte,Fila 8390
2026-12-27,21.50,Transporte,Fila 8391
2026-12-28,22.50,Transporte,Fila 8392
2026-12-29,23.50,Transporte,Fila 8393
2026-12-30,24.50,Transporte,Fila 8394
2026-12-31,25.50,Transporte,Fila 8395
2026-01-01,26.50,Transporte,Fila 8396
2026-01-02,27.50,Transporte,Fila 8397
2026-01-03,28.50,Transporte,Fila 8398
2026-01-04,29.50,Transporte,Fila 8399
2026-01-05,30.50,Transporte,Fila 8400
2026-01-06,31.50,Transporte,Fila 8401
2026-01-07,32.50,Transporte,Fila 8402
2026-01-08,33.50,Transporte,Fila 8403
2026-01-09,34.50,Transporte,Fila 8404
2026-01-10,35.50,Transporte,Fila 8405
2026-01-11,36.50,Transporte,Fila 8406
2026-01-12,37.50,Transporte,Fila 8407
2026-01-13,38.50,Transporte,Fila 8408
2026-01-14,39.50,Transporte,Fila 8409
2026-01-15,40.50,Transporte,Fila 8410
2026-01-16,41.50,Transporte,Fila 8411
2026-01-17,42.50,Transporte,Fila 8412
2026-01-18,43.50,Transporte,Fila 8413
2026-01-19,44.50,Transporte,Fila 8414
2026-01-20,45.50,Transporte,Fila 8415
2026-01-21,46.50,Transporte,Fila 8416
2026-01-22,47.50,Transporte,Fila 8417
2026-01-23,48.50,Transporte,Fila 8418
2026-01-24,49.50,Transporte,Fila 8419
2026-01-25,50.50,Transporte,Fila 8420
2026-01-26,51.50,Transporte,Fila 8421
2026-01-27,52.50,Transporte,Fila 8422
2026-01-28,53.50,Transporte,Fila 8423
2026-01-29,54.50,Transporte,Fila 8424
2026-01-30,55.50,Transporte,Fila 8425
2026-01-31,56.50,Transporte,Fila 8426
2026-02-01,57.50,Transporte,Fila 8427
2026-02-02,58.50,Transporte,Fila 8428
2026-02-03,59.50,Transporte,Fila 8429
2026-02-04,60.50,Transporte,Fila 8430
2026-02-05,61.50,Transporte,Fila 8431
2026-02-06,62.50,Transporte,Fila 8432
2026-02-07,63.50,Transporte,Fila 8433
2026-02-08,64.50,Transporte,Fila 8434
2026-02-09,65.50,Transporte,Fila 8435
2026-02-10,66.50,Transporte,Fila 8436
2026-02-11,67.50,Transporte,Fila 8437
2026-02-12,68.50,Transporte,Fila 8438
2026-02-13,69.50,Transporte,Fila 8439
2026-02-14,70.50,Transporte,Fila 8440
2026-02-15,71.50,Transporte,Fila 8441
2026-02-16,72.50,Transporte,Fila 8442
2026-02-17,73.50,Transporte,Fila 8443
2026-02-18,74.50,Transporte,Fila 8444
2026-02-19,75.50,Transporte,Fila 8445
2026-02-20,76.50,Transporte,Fila 8446
2026-02-21,77.50,Transporte,Fila 8447
2026-02-22,78.50,Transporte,Fila 8448
2026-02-23,79.50,Transporte,Fila 8449
2026-02-24,80.50,Transporte,Fila 8450
2026-02-25,81.50,Transporte,Fila 8451
2026-02-26,82.50,Transporte,Fila 8452
2026-02-27,83.50,Transporte,Fila 8453
2026-02-28,84.50,Transporte,Fila 8454
2026-03-01,85.50,Transporte,Fila 8455
2026-03-02,86.50,Transporte,Fila 8456
2026-03-03,87.50,Transporte,Fila 8457
2026-03-04,88.50,Transporte,Fila 8458
2026-03-05,89.50,Transporte,Fila 8459
2026-03-06,90.50,Transporte,Fila 8460
2026-03-07,1.50,Transporte,Fila 8461
2026-03-08,2.50,Transporte,Fila 8462
2026-03-09,3.50,Transporte,Fila 8463
2026-03-10,4.50,Transporte,Fila 8464
2026-03-11,5.50,Transporte,Fila 8465
2026-03-12,6.50,Transporte,Fila 8466
2026-03-13,7.50,Transporte,Fila 8467
2026-03-14,8.50,Transporte,Fila 8468
2026-03-15,9.50,Transporte,Fila 8469
2026-03-16,10.50,Transporte,Fila 8470
2026-03-17,11.50,Transporte,Fila 8471
2026-03-18,12.50,Transporte,Fila 8472
2026-03-19,13.50,Transporte,Fila 8473
2026-03-20,14.50,Transporte,Fila 8474
2026-03-21,15.50,Transporte,Fila 8475
2026-03-22,16.50,Transporte,Fila 8476
2026-03-23,17.50,Transporte,Fila 8477
2026-03-24,18.50,Transporte,Fila 8478
2026-03-25,19.50,Transporte,Fila 8479
2026-03-26,20.50,Transporte,Fila 8480
2026-03-27,21.50,Transporte,Fila 8481
2026-03-28,22.50,Transporte,Fila 8482
2026-03-29,23.50,Transporte,Fila 8483
2026-03-30,24.50,Transporte,Fila 8484
2026-03-31,25.50,Transporte,Fila 8485
2026-04-01,26.50,Transporte,Fila 8486
2026-04-02,27.50,Transporte,Fila 8487
2026-04-03,28.50,Transporte,Fila 8488
2026-04-04,29.50,Transporte,Fila 8489
2026-04-05,30.50,Transporte,Fila 8490
2026-04-06,31.50,Transporte,Fila 8491
2026-04-07,32.50,Transporte,Fila 8492
2026-04-08,33.50,Transporte,Fila 8493
2026-04-09,34.50,Transporte,Fila 8494
2026-04-10,35.50,Transporte,Fila 8495
2026-04-11,36.50,Transporte,Fila 8496
2026-04-12,37.50,Transporte,Fila 8497
2026-04-13,38.50,Transporte,Fila 8498
2026-04-14,39.50,Transporte,Fila 8499
2026-04-15,40.50,Transporte,Fila 8500
2026-04-16,41.50,Transporte,Fila 8501
2026-04-17,42.50,Transporte,Fila 8502
2026-04-18,43.50,Transporte,Fila 8503
2026-04-19,44.50,Transporte,Fila 8504
2026-04-20,45.50,Transporte,Fila 8505
2026-04-21,46.50,Transporte,Fila 8506
2026-04-22,47.50,Transporte,Fila 8507
2026-04-23,48.50,Transporte,Fila 8508
2026-04-24,49.50,Transporte,Fila 8509
2026-04-25,50.50,Transporte,Fila 8510
2026-04-26,51.50,Transporte,Fila 8511
2026-04-27,52.50,Transporte,Fila 8512
2026-04-28,53.50,Transporte,Fila 8513
2026-04-29,54.50,Transporte,Fila 8514
2026-04-30,55.50,Transporte,Fila 8515
2026-05-01,56.50,Transporte,Fila 8516
2026-05-02,57.50,Transporte,Fila 8517
2026-05-03,58.50,Transporte,Fila 8518
2026-05-04,59.50,Transporte,Fila 8519
2026-05-05,60.50,Transporte,Fila 8520
2026-05-06,61.50,Transporte,Fila 8521
2026-05-07,62.50,Transporte,Fila 8522
2026-05-08,63.50,Transporte,Fila 8523
2026-05-09,64.50,Transporte,Fila 8524
2026-05-10,65.50,Transporte,Fila 8525
2026-05-11,66.50,Transporte,Fila 8526
2026-05-12,67.50,Transporte,Fila 8527
2026-05-13,68.50,Transporte,Fila 8528
2026-05-14,69.50,Transporte,Fila 8529
2026-05-15,70.50,Transporte,Fila 8530
2026-05-16,71.50,Transporte,Fila 8531
2026-05-17,72.50,Transporte,Fila 8532
2026-05-18,73.50,Transporte,Fila 8533
2026-05-19,74.50,Transporte,Fila 8534
2026-05-20,75.50,Transporte,Fila 8535
2026-05-21,76.50,Transporte,Fila 8536
2026-05-22,77.50,Transporte,Fila 8537
2026-05-23,78.50,Transporte,Fila 8538
2026-05-24,79.50,Transporte,Fila 8539
2026-05-25,80.50,Transporte,Fila 8540
2026-05-26,81.50,Transporte,Fila 8541
2026-05-27,82.50,Transporte,Fila 8542
2026-05-28,83.50,Transporte,Fila 8543
2026-05-29,84.50,Transporte,Fila 8544
2026-05-30,85.50,Transporte,Fila 8545
2026-05-31,86.50,Transporte,Fila 8546
2026-06-01,87.50,Transporte,Fila 8547
2026-06-02,88.50,Transporte,Fila 8548
2026-06-03,89.50,Transporte,Fila 8549
2026-06-04,90.50,Transporte,Fila 8550
2026-06-05,1.50,Transporte,Fila 8551
2026-06-06,2.50,Transporte,Fila 8552
2026-06-07,3.50,Transporte,Fila 8553
2026-06-08,4.50,Transporte,Fila 8554
2026-06-09,5.50,Transporte,Fila 8555
2026-06-10,6.50,Transporte,Fila 8556
2026-06-11,7.50,Transporte,Fila 8557
2026-06-12,8.50,Transporte,Fila 8558
2026-06-13,9.50,Transporte,Fila 8559
2026-06-14,10.50,Transporte,Fila 8560
2026-06-15,11.50,Transporte,Fila 8561
2026-06-16,12.50,Transporte,Fila 8562
2026-06-17,13.50,Transporte,Fila 8563
2026-06-18,14.50,Transporte,Fila 8564
2026-06-19,15.50,Transporte,Fila 8565
2026-06-20,16.50,Transporte,Fila 8566
2026-06-21,17.50,Transporte,Fila 8567
2026-06-22,18.50,Transporte,Fila 8568
2026-06-23,19.50,Transporte,Fila 8569
2026-06-24,20.50,Transporte,Fila 8570
2026-06-25,21.50,Transporte,Fila 8571
2026-06-26,22.50,Transporte,Fila 8572
2026-06-27,23.50,Transporte,Fila 8573
2026-06-28,24.50,Transporte,Fila 8574
2026-06-29,25.50,Transporte,Fila 8575
2026-06-30,26.50,Transporte,Fila 8576
2026-07-01,27.50,Transporte,Fila 8577
2026-07-02,28.50,Transporte,Fila 8578
2026-07-03,29.50,Transporte,Fila 8579
2026-07-04,30.50,Transporte,Fila 8580
2026-07-05,31.50,Transporte,Fila 8581
2026-07-06,32.50,Transporte,Fila 8582
2026-07-07,33.50,Transporte,Fila 8583
2026-07-08,34.50,Transporte,Fila 8584
2026-07-09,35.50,Transporte,Fila 8585
2026-07-10,36.50,Transporte,Fila 8586
2026-07-11,37.50,Transporte,Fila 8587
2026-07-12,38.50,Transporte,Fila 8588
2026-07-13,39.50,Transporte,Fila 8589
2026-07-14,40.50,Transporte,Fila 8590
2026-07-15,41.50,Transporte,Fila 8591
2026-07-16,42.50,Transporte,Fila 8592
2026-07-17,43.50,Transporte,Fila 8593
2026-07-18,44.50,Transporte,Fila 8594
2026-07-19,45.50,Transporte,Fila 8595
2026-07-20,46.50,Transporte,Fila 8596
2026-07-21,47.50,Transporte,Fila 8597
2026-07-22,48.50,Transporte,Fila 8598
2026-07-23,49.50,Transporte,Fila 8599
2026-07-24,50.50,Transporte,Fila 8600
2026-07-25,51.50,Transporte,Fila 8601
2026-07-26,52.50,Transporte,Fila 8602
2026-07-27,53.50,Transporte,Fila 8603
2026-07-28,54.50,Transporte,Fila 8604
2026-07-29,55.50,Transporte,Fila 8605
2026-07-30,56.50,Transporte,Fila 8606
2026-07-31,57.50,Transporte,Fila 8607
2026-08-01,58.50,Transporte,Fila 8608
2026-08-02,59.50,Transporte,Fila 8609
2026-08-03,60.50,Transporte,Fila 8610
2026-08-04,61.50,Transporte,Fila 8611
2026-08-05,62.50,Transporte,Fila 8612
2026-08-06,63.50,Transporte,Fila 8613
2026-08-07,64.50,Transporte,Fila 8614
2026-08-08,65.50,Transporte,Fila 8615
2026-08-09,66.50,Transporte,Fila 8616
2026-08-10,67.50,Transporte,Fila 8617
2026-08-11,68.50,Transporte,Fila 8618
2026-08-12,69.50,Transporte,Fila 8619
2026-08-13,70.50,Transporte,Fila 8620
2026-08-14,71.50,Transporte,Fila 8621
2026-08-15,72.50,Transporte,Fila 8622
2026-08-16,73.50,Transporte,Fila 8623
2026-08-17,74.50,Transporte,Fila 8624
2026-08-18,75.50,Transporte,Fila 8625
2026-08-19,76.50,Transporte,Fila 8626
2026-08-20,77.50,Transporte,Fila 8627
2026-08-21,78.50,Transporte,Fila 8628
2026-08-22,79.50,Transporte,Fila 8629
2026-08-23,80.50,Transporte,Fila 8630
2026-08-24,81.50,Transporte,Fila 8631
2026-08-25,82.50,Transporte,Fila 8632
2026-08-26,83.50,Transporte,Fila 8633
2026-08-27,84.50,Transporte,Fila 8634
2026-08-28,85.50,Transporte,Fila 8635
2026-08-29,86.50,Transporte,Fila 8636
2026-08-30,87.50,Transporte,Fila 8637
2026-08-31,88.50,Transporte,Fila 8638
2026-09-01,89.50,Transporte,Fila 8639
2026-09-02,90.50,Transporte,Fila 8640
2026-09-03,1.50,Transporte,Fila 8641
2026-09-04,2.50,Transporte,Fila 8642
2026-09-05,3.50,Transporte,Fila 8643
2026-09-06,4.50,Transporte,Fila 8644
2026-09-07,5.50,Transporte,Fila 8645
2026-09-08,6.50,Transporte,Fila 8646
2026-09-09,7.50,Transporte,Fila 8647
2026-09-10,8.50,Transporte,Fila 8648
2026-09-11,9.50,Transporte,Fila 8649
2026-09-12,10.50,Transporte,Fila 8650
2026-09-13,11.50,Transporte,Fila 8651
2026-09-14,12.50,Transporte,Fila 8652
2026-09-15,13.50,Transporte,Fila 8653
2026-09-16,14.50,Transporte,Fila 8654
2026-09-17,15.50,Transporte,Fila 8655
2026-09-18,16.50,Transporte,Fila 8656
2026-09-19,17.50,Transporte,Fila 8657
2026-09-20,18.50,Transporte,Fila 8658
2026-09-21,19.50,Transporte,Fila 8659
2026-09-22,20.50,Transporte,Fila 8660
2026-09-23,21.50,Transporte,Fila 8661
2026-09-24,22.50,Transporte,Fila 8662
2026-09-25,23.50,Transporte,Fila 8663
2026-09-26,24.50,Transporte,Fila 8664
2026-09-27,25.50,Transporte,Fila 8665
2026-09-28,26.50,Transporte,Fila 8666
2026-09-29,27.50,Transporte,Fila 8667
2026-09-30,28.50,Transporte,Fila 8668
2026-10-01,29.50,Transporte,Fila 8669
2026-10-02,30.50,Transporte,Fila 8670
2026-10-03,31.50,Transporte,Fila 8671
2026-10-04,32.50,Transporte,Fila 8672
2026-10-05,33.50,Transporte,Fila 8673
2026-10-06,34.50,Transporte,Fila 8674
2026-10-07,35.50,Transporte,Fila 8675
2026-10-08,36.50,Transporte,Fila 8676
2026-10-09,37.50,Transporte,Fila 8677
2026-10-10,38.50,Transporte,Fila 8678
2026-10-11,39.50,Transporte,Fila 8679
2026-10-12,40.50,Transporte,Fila 8680
2026-10-13,41.50,Transporte,Fila 8681
2026-10-14,42.50,Transporte,Fila 8682
2026-10-15,43.50,Transporte,Fila 8683
2026-10-16,44.50,Transporte,Fila 8684
2026-10-17,45.50,Transporte,Fila 8685
2026-10-18,46.50,Transporte,Fila 8686
2026-10-19,47.50,Transporte,Fila 8687
2026-10-20,48.50,Transporte,Fila 8688
2026-10-21,49.50,Transporte,Fila 8689
2026-10-22,50.50,Transporte,Fila 8690
2026-10-23,51.50,Transporte,Fila 8691
2026-10-24,52.50,Transporte,Fila 8692
2026-10-25,53.50,Transporte,Fila 8693
2026-10-26,54.50,Transporte,Fila 8694
2026-10-27,55.50,Transporte,Fila 8695
2026-10-28,56.50,Transporte,Fila 8696
2026-10-29,57.50,Transporte,Fila 8697
2026-10-30,58.50,Transporte,Fila 8698
2026-10-31,59.50,Transporte,Fila 8699
2026-11-01,60.50,Transporte,Fila 8700
2026-11-02,61.50,Transporte,Fila 8701
2026-11-03,62.50,Transporte,Fila 8702
2026-11-04,63.50,Transporte,Fila 8703
2026-11-05,64.50,Transporte,Fila 8704
2026-11-06,65.50,Transporte,Fila 8705
2026-11-07,66.50,Transporte,Fila 8706
2026-11-08,67.50,Transporte,Fila 8707
2026-11-09,68.50,Transporte,Fila 8708
2026-11-10,69.50,Transporte,Fila 8709
2026-11-11,70.50,Transporte,Fila 8710
2026-11-12,71.50,Transporte,Fila 8711
2026-11-13,72.50,Transporte,Fila 8712
2026-11-14,73.50,Transporte,Fila 8713
2026-11-15,74.50,Transporte,Fila 8714
2026-11-16,75.50,Transporte,Fila 8715
2026-11-17,76.50,Transporte,Fila 8716
2026-11-18,77.50,Transporte,Fila 8717
2026-11-19,78.50,Transporte,Fila 8718
2026-11-20,79.50,Transporte,Fila 8719
2026-11-21,80.50,Transporte,Fila 8720
2026-11-22,81.50,Transporte,Fila 8721
2026-11-23,82.50,Transporte,Fila 8722
2026-11-24,83.50,Transporte,Fila 8723
2026-11-25,84.50,Transporte,Fila 8724
2026-11-26,85.50,Transporte,Fila 8725
2026-11-27,86.50,Transporte,Fila 8726
2026-11-28,87.50,Transporte,Fila 8727
2026-11-29,88.50,Transporte,Fila 8728
2026-11-30,89.50,Transporte,Fila 8729
2026-12-01,90.50,Transporte,Fila 8730
2026-12-02,1.50,Transporte,Fila 8731
2026-12-03,2.50,Transporte,Fila 8732
2026-12-04,3.50,Transporte,Fila 8733
2026-12-05,4.50,Transporte,Fila 8734
2026-12-06,5.50,Transporte,Fila 8735
2026-12-07,6.50,Transporte,Fila 8736
2026-12-08,7.50,Transporte,Fila 8737
2026-12-09,8.50,Transporte,Fila 8738
2026-12-10,9.50,Transporte,Fila 8739
2026-12-11,10.50,Transporte,Fila 8740
2026-12-12,11.50,Transporte,Fila 8741
2026-12-13,12.50,Transporte,Fila 8742
2026-12-14,13.50,Transporte,Fila 8743
2026-12-15,14.50,Transporte,Fila 8744
2026-12-16,15.50,Transporte,Fila 8745
2026-12-17,16.50,Transporte,Fila 8746
2026-12-18,17.50,Transporte,Fila 8747
2026-12-19,18.50,Transporte,Fila 8748
2026-12-20,19.50,Transporte,Fila 8749
2026-12-21,20.50,Transporte,Fila 8750
2026-12-22,21.50,Transporte,Fila 8751
2026-12-23,22.50,Transporte,Fila 8752
2026-12-24,23.50,Transporte,Fila 8753
2026-12-25,24.50,Transporte,Fila 8754
2026-12-26,25.50,Transporte,Fila 8755
2026-12-27,26.50,Transporte,Fila 8756
2026-12-28,27.50,Transporte,Fila 8757
2026-12-29,28.50,Transporte,Fila 8758
2026-12-30,29.50,Transporte,Fila 8759
2026-12-31,30.50,Transporte,Fila 8760
2026-01-01,31.50,Transporte,Fila 8761
2026-01-02,32.50,Transporte,Fila 8762
2026-01-03,33.50,Transporte,Fila 8763
2026-01-04,34.50,Transporte,Fila 8764
2026-01-05,35.50,Transporte,Fila 8765
2026-01-06,36.50,Transporte,Fila 8766
2026-01-07,37.50,Transporte,Fila 8767
2026-01-08,38.50,Transporte,Fila 8768
2026-01-09,39.50,Transporte,Fila 8769
2026-01-10,40.50,Transporte,Fila 8770
2026-01-11,41.50,Transporte,Fila 8771
2026-01-12,42.50,Transporte,Fila 8772
2026-01-13,43.50,Transporte,Fila 8773
2026-01-14,44.50,Transporte,Fila 8774
2026-01-15,45.50,Transporte,Fila 8775
2026-01-16,46.50,Transporte,Fila 8776
2026-01-17,47.50,Transporte,Fila 8777
2026-01-18,48.50,Transporte,Fila 8778
2026-01-19,49.50,Transporte,Fila 8779
2026-01-20,50.50,Transporte,Fila 8780
2026-01-21,51.50,Transporte,Fila 8781
2026-01-22,52.50,Transporte,Fila 8782
2026-01-23,53.50,Transporte,Fila 8783
2026-01-24,54.50,Transporte,Fila 8784
2026-01-25,55.50,Transporte,Fila 8785
2026-01-26,56.50,Transporte,Fila 8786
2026-01-27,57.50,Transporte,Fila 8787
2026-01-28,58.50,Transporte,Fila 8788
2026-01-29,59.50,Transporte,Fila 8789
2026-01-30,60.50,Transporte,Fila 8790
2026-01-31,61.50,Transporte,Fila 8791
2026-02-01,62.50,Transporte,Fila 8792
2026-02-02,63.50,Transporte,Fila 8793
2026-02-03,64.50,Transporte,Fila 8794
2026-02-04,65.50,Transporte,Fila 8795
2026-02-05,66.50,Transporte,Fila 8796
2026-02-06,67.50,Transporte,Fila 8797
2026-02-07,68.50,Transporte,Fila 8798
2026-02-08,69.50,Transporte,Fila 8799
2026-02-09,70.50,Transporte,Fila 8800
2026-02-10,71.50,Transporte,Fila 8801
2026-02-11,72.50,Transporte,Fila 8802
2026-02-12,73.50,Transporte,Fila 8803
2026-02-13,74.50,Transporte,Fila 8804
2026-02-14,75.50,Transporte,Fila 8805
2026-02-15,76.50,Transporte,Fila 8806
2026-02-16,77.50,Transporte,Fila 8807
2026-02-17,78.50,Transporte,Fila 8808
2026-02-18,79.50,Transporte,Fila 8809
2026-02-19,80.50,Transporte,Fila 8810
2026-02-20,81.50,Transporte,Fila 8811
2026-02-21,82.50,Transporte,Fila 8812
2026-02-22,83.50,Transporte,Fila 8813
2026-02-23,84.50,Transporte,Fila 8814
2026-02-24,85.50,Transporte,Fila 8815
2026-02-25,86.50,Transporte,Fila 8816
2026-02-26,87.50,Transporte,Fila 8817
2026-02-27,88.50,Transporte,Fila 8818
2026-02-28,89.50,Transporte,Fila 8819
2026-03-01,90.50,Transporte,Fila 8820
2026-03-02,1.50,Transporte,Fila 8821
2026-03-03,2.50,Transporte,Fila 8822
2026-03-04,3.50,Transporte,Fila 8823
2026-03-05,4.50,Transporte,Fila 8824
2026-03-06,5.50,Transporte,Fila 8825
2026-03-07,6.50,Transporte,Fila 8826
2026-03-08,7.50,Transporte,Fila 8827
2026-03-09,8.50,Transporte,Fila 8828
2026-03-10,9.50,Transporte,Fila 8829
2026-03-11,10.50,Transporte,Fila 8830
2026-03-12,11.50,Transporte,Fila 8831
2026-03-13,12.50,Transporte,Fila 8832
2026-03-14,13.50,Transporte,Fila 8833
2026-03-15,14.50,Transporte,Fila 8834
2026-03-16,15.50,Transporte,Fila 8835
2026-03-17,16.50,Transporte,Fila 8836
2026-03-18,17.50,Transporte,Fila 8837
2026-03-19,18.50,Transporte,Fila 8838
2026-03-20,19.50,Transporte,Fila 8839
2026-03-21,20.50,Transporte,Fila 8840
2026-03-22,21.50,Transporte,Fila 8841
2026-03-23,22.50,Transporte,Fila 8842
2026-03-24,23.50,Transporte,Fila 8843
2026-03-25,24.50,Transporte,Fila 8844
2026-03-26,25.50,Transporte,Fila 8845
2026-03-27,26.50,Transporte,Fila 8846
2026-03-28,27.50,Transporte,Fila 8847
2026-03-29,28.50,Transporte,Fila 8848
2026-03-30,29.50,Transporte,Fila 8849
2026-03-31,30.50,Transporte,Fila 8850
2026-04-01,31.50,Transporte,Fila 8851
2026-04-02,32.50,Transporte,Fila 8852
2026-04-03,33.50,Transporte,Fila 8853
2026-04-04,34.50,Transporte,Fila 8854
2026-04-05,35.50,Transporte,Fila 8855
2026-04-06,36.50,Transporte,Fila 8856
2026-04-07,37.50,Transporte,Fila 8857
2026-04-08,38.50,Transporte,Fila 8858
2026-04-09,39.50,Transporte,Fila 8859
2026-04-10,40.50,Transporte,Fila 8860
2026-04-11,41.50,Transporte,Fila 8861
2026-04-12,42.50,Transporte,Fila 8862
2026-04-13,43.50,Transporte,Fila 8863
2026-04-14,44.50,Transporte,Fila 8864
2026-04-15,45.50,Transporte,Fila 8865
2026-04-16,46.50,Transporte,Fila 8866
2026-04-17,47.50,Transporte,Fila 8867
2026-04-18,48.50,Transporte,Fila 8868
2026-04-19,49.50,Transporte,Fila 8869
2026-04-20,50.50,Transporte,Fila 8870
2026-04-21,51.50,Transporte,Fila 8871
2026-04-22,52.50,Transporte,Fila 8872
2026-04-23,53.50,Transporte,Fila 8873
2026-04-24,54.50,Transporte,Fila 8874
2026-04-25,55.50,Transporte,Fila 8875
2026-04-26,56.50,Transporte,Fila 8876
2026-04-27,57.50,Transporte,Fila 8877
2026-04-28,58.50,Transporte,Fila 8878
2026-04-29,59.50,Transporte,Fila 8879
2026-04-30,60.50,Transporte,Fila 8880
2026-05-01,61.50,Transporte,Fila 8881
2026-05-02,62.50,Transporte,Fila 8882
2026-05-03,63.50,Transporte,Fila 8883
2026-05-04,64.50,Transporte,Fila 8884
2026-05-05,65.50,Transporte,Fila 8885
2026-05-06,66.50,Transporte,Fila 8886
2026-05-07,67.50,Transporte,Fila 8887
2026-05-08,68.50,Transporte,Fila 8888
2026-05-09,69.50,Transporte,Fila 8889
2026-05-10,70.50,Transporte,Fila 8890
2026-05-11,71.50,Transporte,Fila 8891
2026-05-12,72.50,Transporte,Fila 8892
2026-05-13,73.50,Transporte,Fila 8893
2026-05-14,74.50,Transporte,Fila 8894
2026-05-15,75.50,Transporte,Fila 8895
2026-05-16,76.50,Transporte,Fila 8896
2026-05-17,77.50,Transporte,Fila 8897
2026-05-18,78.50,Transporte,Fila 8898
2026-05-19,79.50,Transporte,Fila 8899
2026-05-20,80.50,Transporte,Fila 8900
2026-05-21,81.50,Transporte,Fila 8901
2026-05-22,82.50,Transporte,Fila 8902
2026-05-23,83.50,Transporte,Fila 8903
2026-05-24,84.50,Transporte,Fila 8904
2026-05-25,85.50,Transporte,Fila 8905
2026-05-26,86.50,Transporte,Fila 8906
2026-05-27,87.50,Transporte,Fila 8907
2026-05-28,88.50,Transporte,Fila 8908
2026-05-29,89.50,Transporte,Fila 8909
2026-05-30,90.50,Transporte,Fila 8910
2026-05-31,1.50,Transporte,Fila 8911
2026-06-01,2.50,Transporte,Fila 8912
2026-06-02,3.50,Transporte,Fila 8913
2026-06-03,4.50,Transporte,Fila 8914
2026-06-04,5.50,Transporte,Fila 8915
2026-06-05,6.50,Transporte,Fila 8916
2026-06-06,7.50,Transporte,Fila 8917
2026-06-07,8.50,Transporte,Fila 8918
2026-06-08,9.50,Transporte,Fila 8919
2026-06-09,10.50,Transporte,Fila 8920
2026-06-10,11.50,Transporte,Fila 8921
2026-06-11,12.50,Transporte,Fila 8922
2026-06-12,13.50,Transporte,Fila 8923
2026-06-13,14.50,Transporte,Fila 8924
2026-06-14,15.50,Transporte,Fila 8925
2026-06-15,16.50,Transporte,Fila 8926
2026-06-16,17.50,Transporte,Fila 8927
2026-06-17,18.50,Transporte,Fila 8928
2026-06-18,19.50,Transporte,Fila 8929
2026-06-19,20.50,Transporte,Fila 8930
2026-06-20,21.50,Transporte,Fila 8931
2026-06-21,22.50,Transporte,Fila 8932
2026-06-22,23.50,Transporte,Fila 8933
2026-06-23,24.50,Transporte,Fila 8934
2026-06-24,25.50,Transporte,Fila 8935
2026-06-25,26.50,Transporte,Fila 8936
2026-06-26,27.50,Transporte,Fila 8937
2026-06-27,28.50,Transporte,Fila 8938
2026-06-28,29.50,Transporte,Fila 8939
2026-06-29,30.50,Transporte,Fila 8940
2026-06-30,31.50,Transporte,Fila 8941
2026-07-01,32.50,Transporte,Fila 8942
2026-07-02,33.50,Transporte,Fila 8943
2026-07-03,34.50,Transporte,Fila 8944
2026-07-04,35.50,Transporte,Fila 8945
2026-07-05,36.50,Transporte,Fila 8946
2026-07-06,37.50,Transporte,Fila 8947
2026-07-07,38.50,Transporte,Fila 8948
2026-07-08,39.50,Transporte,Fila 8949
2026-07-09,40.50,Transporte,Fila 8950
2026-07-10,41.50,Transporte,Fila 8951
2026-07-11,42.50,Transporte,Fila 8952
2026-07-12,43.50,Transporte,Fila 8953
2026-07-13,44.50,Transporte,Fila 8954
2026-07-14,45.50,Transporte,Fila 8955
2026-07-15,46.50,Transporte,Fila 8956
2026-07-16,47.50,Transporte,Fila 8957
2026-07-17,48.50,Transporte,Fila 8958
2026-07-18,49.50,Transporte,Fila 8959
2026-07-19,50.50,Transporte,Fila 8960
2026-07-20,51.50,Transporte,Fila 8961
2026-07-21,52.50,Transporte,Fila 8962
2026-07-22,53.50,Transporte,Fila 8963
2026-07-23,54.50,Transporte,Fila 8964
2026-07-24,55.50,Transporte,Fila 8965
2026-07-25,56.50,Transporte,Fila 8966
2026-07-26,57.50,Transporte,Fila 8967
2026-07-27,58.50,Transporte,Fila 8968
2026-07-28,59.50,Transporte,Fila 8969
2026-07-29,60.50,Transporte,Fila 8970
2026-07-30,61.50,Transporte,Fila 8971
2026-07-31,62.50,Transporte,Fila 8972
2026-08-01,63.50,Transporte,Fila 8973
2026-08-02,64.50,Transporte,Fila 8974
2026-08-03,65.50,Transporte,Fila 8975
2026-08-04,66.50,Transporte,Fila 8976
2026-08-05,67.50,Transporte,Fila 8977
2026-08-06,68.50,Transporte,Fila 8978
2026-08-07,69.50,Transporte,Fila 8979
2026-08-08,70.50,Transporte,Fila 8980
2026-08-09,71.50,Transporte,Fila 8981
2026-08-10,72.50,Transporte,Fila 8982
2026-08-11,73.50,Transporte,Fila 8983
2026-08-12,74.50,Transporte,Fila 8984
2026-08-13,75.50,Transporte,Fila 8985
2026-08-14,76.50,Transporte,Fila 8986
2026-08-15,77.50,Transporte,Fila 8987
2026-08-16,78.50,Transporte,Fila 8988
2026-08-17,79.50,Transporte,Fila 8989
2026-08-18,80.50,Transporte,Fila 8990
2026-08-19,81.50,Transporte,Fila 8991
2026-08-20,82.50,Transporte,Fila 8992
2026-08-21,83.50,Transporte,Fila 8993
2026-08-22,84.50,Transporte,Fila 8994
2026-08-23,85.50,Transporte,Fila 8995
2026-08-24,86.50,Transporte,Fila 8996
2026-08-25,87.50,Transporte,Fila 8997
2026-08-26,88.50,Transporte,Fila 8998
2026-08-27,89.50,Transporte,Fila 8999
2026-08-28,90.50,Transporte,Fila 9000
2026-08-29,1.50,Transporte,Fila 9001
2026-08-30,2.50,Transporte,Fila 9002
2026-08-31,3.50,Transporte,Fila 9003
2026-09-01,4.50,Transporte,Fila 9004
2026-09-02,5.50,Transporte,Fila 9005
2026-09-03,6.50,Transporte,Fila 9006
2026-09-04,7.50,Transporte,Fila 9007
2026-09-05,8.50,Transporte,Fila 9008
2026-09-06,9.50,Transporte,Fila 9009
2026-09-07,10.50,Transporte,Fila 9010
2026-09-08,11.50,Transporte,Fila 9011
2026-09-09,12.50,Transporte,Fila 9012
2026-09-10,13.50,Transporte,Fila 9013
2026-09-11,14.50,Transporte,Fila 9014
2026-09-12,15.50,Transporte,Fila 9015
2026-09-13,16.50,Transporte,Fila 9016
2026-09-14,17.50,Transporte,Fila 9017
2026-09-15,18.50,Transporte,Fila 9018
2026-09-16,19.50,Transporte,Fila 9019
2026-09-17,20.50,Transporte,Fila 9020
2026-09-18,21.50,Transporte,Fila 9021
2026-09-19,22.50,Transporte,Fila 9022
2026-09-20,23.50,Transporte,Fila 9023
2026-09-21,24.50,Transporte,Fila 9024
2026-09-22,25.50,Transporte,Fila 9025
2026-09-23,26.50,Transporte,Fila 9026
2026-09-24,27.50,Transporte,Fila 9027
2026-09-25,28.50,Transporte,Fila 9028
2026-09-26,29.50,Transporte,Fila 9029
2026-09-27,30.50,Transporte,Fila 9030
2026-09-28,31.50,Transporte,Fila 9031
2026-09-29,32.50,Transporte,Fila 9032
2026-09-30,33.50,Transporte,Fila 9033
2026-10-01,34.50,Transporte,Fila 9034
2026-10-02,35.50,Transporte,Fila 9035
2026-10-03,36.50,Transporte,Fila 9036
2026-10-04,37.50,Transporte,Fila 9037
2026-10-05,38.50,Transporte,Fila 9038
2026-10-06,39.50,Transporte,Fila 9039
2026-10-07,40.50,Transporte,Fila 9040
2026-10-08,41.50,Transporte,Fila 9041
2026-10-09,42.50,Transporte,Fila 9042
2026-10-10,43.50,Transporte,Fila 9043
2026-10-11,44.50,Transporte,Fila 9044
2026-10-12,45.50,Transporte,Fila 9045
2026-10-13,46.50,Transporte,Fila 9046
2026-10-14,47.50,Transporte,Fila 9047
2026-10-15,48.50,Transporte,Fila 9048
2026-10-16,49.50,Transporte,Fila 9049
2026-10-17,50.50,Transporte,Fila 9050
2026-10-18,51.50,Transporte,Fila 9051
2026-10-19,52.50,Transporte,Fila 9052
2026-10-20,53.50,Transporte,Fila 9053
2026-10-21,54.50,Transporte,Fila 9054
2026-10-22,55.50,Transporte,Fila 9055
2026-10-23,56.50,Transporte,Fila 9056
2026-10-24,57.50,Transporte,Fila 9057
2026-10-25,58.50,Transporte,Fila 9058
2026-10-26,59.50,Transporte,Fila 9059
2026-10-27,60.50,Transporte,Fila 9060
2026-10-28,61.50,Transporte,Fila 9061
2026-10-29,62.50,Transporte,Fila 9062
2026-10-30,63.50,Transporte,Fila 9063
2026-10-31,64.50,Transporte,Fila 9064
2026-11-01,65.50,Transporte,Fila 9065
2026-11-02,66.50,Transporte,Fila 9066
2026-11-03,67.50,Transporte,Fila 9067
2026-11-04,68.50,Transporte,Fila 9068
2026-11-05,69.50,Transporte,Fila 9069
2026-11-06,70.50,Transporte,Fila 9070
2026-11-07,71.50,Transporte,Fila 9071
2026-11-08,72.50,Transporte,Fila 9072
2026-11-09,73.50,Transporte,Fila 9073
2026-11-10,74.50,Transporte,Fila 9074
2026-11-11,75.50,Transporte,Fila 9075
2026-11-12,76.50,Transporte,Fila 9076
2026-11-13,77.50,Transporte,Fila 9077
2026-11-14,78.50,Transporte,Fila 9078
2026-11-15,79.50,Transporte,Fila 9079
2026-11-16,80.50,Transporte,Fila 9080
2026-11-17,81.50,Transporte,Fila 9081
2026-11-18,82.50,Transporte,Fila 9082
2026-11-19,83.50,Transporte,Fila 9083
2026-11-20,84.50,Transporte,Fila 9084
2026-11-21,85.50,Transporte,Fila 9085
2026-11-22,86.50,Transporte,Fila 9086
2026-11-23,87.50,Transporte,Fila 9087
2026-11-24,88.50,Transporte,Fila 9088
2026-11-25,89.50,Transporte,Fila 9089
2026-11-26,90.50,Transporte,Fila 9090
2026-11-27,1.50,Transporte,Fila 9091
2026-11-28,2.50,Transporte,Fila 9092
2026-11-29,3.50,Transporte,Fila 9093
2026-11-30,4.50,Transporte,Fila 9094
2026-12-01,5.50,Transporte,Fila 9095
2026-12-02,6.50,Transporte,Fila 9096
2026-12-03,7.50,Transporte,Fila 9097
2026-12-04,8.50,Transporte,Fila 9098
2026-12-05,9.50,Transporte,Fila 9099
2026-12-06,10.50,Transporte,Fila 9100
2026-12-07,11.50,Transporte,Fila 9101
2026-12-08,12.50,Transporte,Fila 9102
2026-12-09,13.50,Transporte,Fila 9103
2026-12-10,14.50,Transporte,Fila 9104
2026-12-11,15.50,Transporte,Fila 9105
2026-12-12,16.50,Transporte,Fila 9106
2026-12-13,17.50,Transporte,Fila 9107
2026-12-14,18.50,Transporte,Fila 9108
2026-12-15,19.50,Transporte,Fila 9109
2026-12-16,20.50,Transporte,Fila 9110
2026-12-17,21.50,Transporte,Fila 9111
2026-12-18,22.50,Transporte,Fila 9112
2026-12-19,23.50,Transporte,Fila 9113
2026-12-20,24.50,Transporte,Fila 9114
2026-12-21,25.50,Transporte,Fila 9115
2026-12-22,26.50,Transporte,Fila 9116
2026-12-23,27.50,Transporte,Fila 9117
2026-12-24,28.50,Transporte,Fila 9118
2026-12-25,29.50,Transporte,Fila 9119
2026-12-26,30.50,Transporte,Fila 9120
2026-12-27,31.50,Transporte,Fila 9121
2026-12-28,32.50,Transporte,Fila 9122
2026-12-29,33.50,Transporte,Fila 9123
2026-12-30,34.50,Transporte,Fila 9124
2026-12-31,35.50,Transporte,Fila 9125
2026-01-01,36.50,Transporte,Fila 9126
2026-01-02,37.50,Transporte,Fila 9127
2026-01-03,38.50,Transporte,Fila 9128
2026-01-04,39.50,Transporte,Fila 9129
2026-01-05,40.50,Transporte,Fila 9130
2026-01-06,41.50,Transporte,Fila 9131
2026-01-07,42.50,Transporte,Fila 9132
2026-01-08,43.50,Transporte,Fila 9133
2026-01-09,44.50,Transporte,Fila 9134
2026-01-10,45.50,Transporte,Fila 9135
2026-01-11,46.50,Transporte,Fila 9136
2026-01-12,47.50,Transporte,Fila 9137
2026-01-13,48.50,Transporte,Fila 9138
2026-01-14,49.50,Transporte,Fila 9139
2026-01-15,50.50,Transporte,Fila 9140
2026-01-16,51.50,Transporte,Fila 9141
2026-01-17,52.50,Transporte,Fila 9142
2026-01-18,53.50,Transporte,Fila 9143
2026-01-19,54.50,Transporte,Fila 9144
2026-01-20,55.50,Transporte,Fila 9145
2026-01-21,56.50,Transporte,Fila 9146
2026-01-22,57.50,Transporte,Fila 9147
2026-01-23,58.50,Transporte,Fila 9148
2026-01-24,59.50,Transporte,Fila 9149
2026-01-25,60.50,Transporte,Fila 9150
2026-01-26,61.50,Transporte,Fila 9151
2026-01-27,62.50,Transporte,Fila 9152
2026-01-28,63.50,Transporte,Fila 9153
2026-01-29,64.50,Transporte,Fila 9154
2026-01-30,65.50,Transporte,Fila 9155
2026-01-31,66.50,Transporte,Fila 9156
2026-02-01,67.50,Transporte,Fila 9157
2026-02-02,68.50,Transporte,Fila 9158
2026-02-03,69.50,Transporte,Fila 9159
2026-02-04,70.50,Transporte,Fila 9160
2026-02-05,71.50,Transporte,Fila 9161
2026-02-06,72.50,Transporte,Fila 9162
2026-02-07,73.50,Transporte,Fila 9163
2026-02-08,74.50,Transporte,Fila 9164
2026-02-09,75.50,Transporte,Fila 9165
2026-02-10,76.50,Transporte,Fila 9166
2026-02-11,77.50,Transporte,Fila 9167
2026-02-12,78.50,Transporte,Fila 9168
2026-02-13,79.50,Transporte,Fila 9169
2026-02-14,80.50,Transporte,Fila 9170
2026-02-15,81.50,Transporte,Fila 9171
2026-02-16,82.50,Transporte,Fila 9172
2026-02-17,83.50,Transporte,Fila 9173
2026-02-18,84.50,Transporte,Fila 9174
2026-02-19,85.50,Transporte,Fila 9175
2026-02-20,86.50,Transporte,Fila 9176
2026-02-21,87.50,Transporte,Fila 9177
2026-02-22,88.50,Transporte,Fila 9178
2026-02-23,89.50,Transporte,Fila 9179
2026-02-24,90.50,Transporte,Fila 9180
2026-02-25,1.50,Transporte,Fila 9181
2026-02-26,2.50,Transporte,Fila 9182
2026-02-27,3.50,Transporte,Fila 9183
2026-02-28,4.50,Transporte,Fila 9184
2026-03-01,5.50,Transporte,Fila 9185
2026-03-02,6.50,Transporte,Fila 9186
2026-03-03,7.50,Transporte,Fila 9187
2026-03-04,8.50,Transporte,Fila 9188
2026-03-05,9.50,Transporte,Fila 9189
2026-03-06,10.50,Transporte,Fila 9190
2026-03-07,11.50,Transporte,Fila 9191
2026-03-08,12.50,Transporte,Fila 9192
2026-03-09,13.50,Transporte,Fila 9193
2026-03-10,14.50,Transporte,Fila 9194
2026-03-11,15.50,Transporte,Fila 9195
2026-03-12,16.50,Transporte,Fila 9196
2026-03-13,17.50,Transporte,Fila 9197
2026-03-14,18.50,Transporte,Fila 9198
2026-03-15,19.50,Transporte,Fila 9199
2026-03-16,20.50,Transporte,Fila 9200
2026-03-17,21.50,Transporte,Fila 9201
2026-03-18,22.50,Transporte,Fila 9202
2026-03-19,23.50,Transporte,Fila 9203
2026-03-20,24.50,Transporte,Fila 9204
2026-03-21,25.50,Transporte,Fila 9205
2026-03-22,26.50,Transporte,Fila 9206
2026-03-23,27.50,Transporte,Fila 9207
2026-03-24,28.50,Transporte,Fila 9208
2026-03-25,29.50,Transporte,Fila 9209
2026-03-26,30.50,Transporte,Fila 9210
2026-03-27,31.50,Transporte,Fila 9211
2026-03-28,32.50,Transporte,Fila 9212
2026-03-29,33.50,Transporte,Fila 9213
2026-03-30,34.50,Transporte,Fila 9214
2026-03-31,35.50,Transporte,Fila 9215
2026-04-01,36.50,Transporte,Fila 9216
2026-04-02,37.50,Transporte,Fila 9217
2026-04-03,38.50,Transporte,Fila 9218
2026-04-04,39.50,Transporte,Fila 9219
2026-04-05,40.50,Transporte,Fila 9220
2026-04-06,41.50,Transporte,Fila 9221
2026-04-07,42.50,Transporte,Fila 9222
2026-04-08,43.50,Transporte,Fila 9223
2026-04-09,44.50,Transporte,Fila 9224
2026-04-10,45.50,Transporte,Fila 9225
2026-04-11,46.50,Transporte,Fila 9226
2026-04-12,47.50,Transporte,Fila 9227
2026-04-13,48.50,Transporte,Fila 9228
2026-04-14,49.50,Transporte,Fila 9229
2026-04-15,50.50,Transporte,Fila 9230
2026-04-16,51.50,Transporte,Fila 9231
2026-04-17,52.50,Transporte,Fila 9232
2026-04-18,53.50,Transporte,Fila 9233
2026-04-19,54.50,Transporte,Fila 9234
2026-04-20,55.50,Transporte,Fila 9235
2026-04-21,56.50,Transporte,Fila 9236
2026-04-22,57.50,Transporte,Fila 9237
2026-04-23,58.50,Transporte,Fila 9238
2026-04-24,59.50,Transporte,Fila 9239
2026-04-25,60.50,Transporte,Fila 9240
2026-04-26,61.50,Transporte,Fila 9241
2026-04-27,62.50,Transporte,Fila 9242
2026-04-28,63.50,Transporte,Fila 9243
2026-04-29,64.50,Transporte,Fila 9244
2026-04-30,65.50,Transporte,Fila 9245
2026-05-01,66.50,Transporte,Fila 9246
2026-05-02,67.50,Transporte,Fila 9247
2026-05-03,68.50,Transporte,Fila 9248
2026-05-04,69.50,Transporte,Fila 9249
2026-05-05,70.50,Transporte,Fila 9250
2026-05-06,71.50,Transporte,Fila 9251
2026-05-07,72.50,Transporte,Fila 9252
2026-05-08,73.50,Transporte,Fila 9253
2026-05-09,74.50,Transporte,Fila 9254
2026-05-10,75.50,Transporte,Fila 9255
2026-05-11,76.50,Transporte,Fila 9256
2026-05-12,77.50,Transporte,Fila 9257
2026-05-13,78.50,Transporte,Fila 9258
2026-05-14,79.50,Transporte,Fila 9259
2026-05-15,80.50,Transporte,Fila 9260
2026-05-16,81.50,Transporte,Fila 9261
2026-05-17,82.50,Transporte,Fila 9262
2026-05-18,83.50,Transporte,Fila 9263
2026-05-19,84.50,Transporte,Fila 9264
2026-05-20,85.50,Transporte,Fila 9265
2026-05-21,86.50,Transporte,Fila 9266
2026-05-22,87.50,Transporte,Fila 9267
2026-05-23,88.50,Transporte,Fila 9268
2026-05-24,89.50,Transporte,Fila 9269
2026-05-25,90.50,Transporte,Fila 9270
2026-05-26,1.50,Transporte,Fila 9271
2026-05-27,2.50,Transporte,Fila 9272
2026-05-28,3.50,Transporte,Fila 9273
2026-05-29,4.50,Transporte,Fila 9274
2026-05-30,5.50,Transporte,Fila 9275
2026-05-31,6.50,Transporte,Fila 9276
2026-06-01,7.50,Transporte,Fila 9277
2026-06-02,8.50,Transporte,Fila 9278
2026-06-03,9.50,Transporte,Fila 9279
2026-06-04,10.50,Transporte,Fila 9280
2026-06-05,11.50,Transporte,Fila 9281
2026-06-06,12.50,Transporte,Fila 9282
2026-06-07,13.50,Transporte,Fila 9283
2026-06-08,14.50,Transporte,Fila 9284
2026-06-09,15.50,Transporte,Fila 9285
2026-06-10,16.50,Transporte,Fila 9286
2026-06-11,17.50,Transporte,Fila 9287
2026-06-12,18.50,Transporte,Fila 9288
2026-06-13,19.50,Transporte,Fila 9289
2026-06-14,20.50,Transporte,Fila 9290
2026-06-15,21.50,Transporte,Fila 9291
2026-06-16,22.50,Transporte,Fila 9292
2026-06-17,23.50,Transporte,Fila 9293
2026-06-18,24.50,Transporte,Fila 9294
2026-06-19,25.50,Transporte,Fila 9295
2026-06-20,26.50,Transporte,Fila 9296
2026-06-21,27.50,Transporte,Fila 9297
2026-06-22,28.50,Transporte,Fila 9298
2026-06-23,29.50,Transporte,Fila 9299
2026-06-24,30.50,Transporte,Fila 9300
2026-06-25,31.50,Transporte,Fila 9301
2026-06-26,32.50,Transporte,Fila 9302
2026-06-27,33.50,Transporte,Fila 9303
2026-06-28,34.50,Transporte,Fila 9304
2026-06-29,35.50,Transporte,Fila 9305
2026-06-30,36.50,Transporte,Fila 9306
2026-07-01,37.50,Transporte,Fila 9307
2026-07-02,38.50,Transporte,Fila 9308
2026-07-03,39.50,Transporte,Fila 9309
2026-07-04,40.50,Transporte,Fila 9310
2026-07-05,41.50,Transporte,Fila 9311
2026-07-06,42.50,Transporte,Fila 9312
2026-07-07,43.50,Transporte,Fila 9313
2026-07-08,44.50,Transporte,Fila 9314
2026-07-09,45.50,Transporte,Fila 9315
2026-07-10,46.50,Transporte,Fila 9316
2026-07-11,47.50,Transporte,Fila 9317
2026-07-12,48.50,Transporte,Fila 9318
2026-07-13,49.50,Transporte,Fila 9319
2026-07-14,50.50,Transporte,Fila 9320
2026-07-15,51.50,Transporte,Fila 9321
2026-07-16,52.50,Transporte,Fila 9322
2026-07-17,53.50,Transporte,Fila 9323
2026-07-18,54.50,Transporte,Fila 9324
2026-07-19,55.50,Transporte,Fila 9325
2026-07-20,56.50,Transporte,Fila 9326
2026-07-21,57.50,Transporte,Fila 9327
2026-07-22,58.50,Transporte,Fila 9328
2026-07-23,59.50,Transporte,Fila 9329
2026-07-24,60.50,Transporte,Fila 9330
2026-07-25,61.50,Transporte,Fila 9331
2026-07-26,62.50,Transporte,Fila 9332
2026-07-27,63.50,Transporte,Fila 9333
2026-07-28,64.50,Transporte,Fila 9334
2026-07-29,65.50,Transporte,Fila 9335
2026-07-30,66.50,Transporte,Fila 9336
2026-07-31,67.50,Transporte,Fila 9337
2026-08-01,68.50,Transporte,Fila 9338
2026-08-02,69.50,Transporte,Fila 9339
2026-08-03,70.50,Transporte,Fila 9340
2026-08-04,71.50,Transporte,Fila 9341
2026-08-05,72.50,Transporte,Fila 9342
2026-08-06,73.50,Transporte,Fila 9343
2026-08-07,74.50,Transporte,Fila 9344
2026-08-08,75.50,Transporte,Fila 9345
2026-08-09,76.50,Transporte,Fila 9346
2026-08-10,77.50,Transporte,Fila 9347
2026-08-11,78.50,Transporte,Fila 9348
2026-08-12,79.50,Transporte,Fila 9349
2026-08-13,80.50,Transporte,Fila 9350
2026-08-14,81.50,Transporte,Fila 9351
2026-08-15,82.50,Transporte,Fila 9352
2026-08-16,83.50,Transporte,Fila 9353
2026-08-17,84.50,Transporte,Fila 9354
2026-08-18,85.50,Transporte,Fila 9355
2026-08-19,86.50,Transporte,Fila 9356
2026-08-20,87.50,Transporte,Fila 9357
2026-08-21,88.50,Transporte,Fila 9358
2026-08-22,89.50,Transporte,Fila 9359
2026-08-23,90.50,Transporte,Fila 9360
2026-08-24,1.50,Transporte,Fila 9361
2026-08-25,2.50,Transporte,Fila 9362
2026-08-26,3.50,Transporte,Fila 9363
2026-08-27,4.50,Transporte,Fila 9364
2026-08-28,5.50,Transporte,Fila 9365
2026-08-29,6.50,Transporte,Fila 9366
2026-08-30,7.50,Transporte,Fila 9367
2026-08-31,8.50,Transporte,Fila 9368
2026-09-01,9.50,Transporte,Fila 9369
2026-09-02,10.50,Transporte,Fila 9370
2026-09-03,11.50,Transporte,Fila 9371
2026-09-04,12.50,Transporte,Fila 9372
2026-09-05,13.50,Transporte,Fila 9373
2026-09-06,14.50,Transporte,Fila 9374
2026-09-07,15.50,Transporte,Fila 9375
2026-09-08,16.50,Transporte,Fila 9376
2026-09-09,17.50,Transporte,Fila 9377
2026-09-10,18.50,Transporte,Fila 9378
2026-09-11,19.50,Transporte,Fila 9379
2026-09-12,20.50,Transporte,Fila 9380
2026-09-13,21.50,Transporte,Fila 9381
2026-09-14,22.50,Transporte,Fila 9382
2026-09-15,23.50,Transporte,Fila 9383
2026-09-16,24.50,Transporte,Fila 9384
2026-09-17,25.50,Transporte,Fila 9385
2026-09-18,26.50,Transporte,Fila 9386
2026-09-19,27.50,Transporte,Fila 9387
2026-09-20,28.50,Transporte,Fila 9388
2026-09-21,29.50,Transporte,Fila 9389
2026-09-22,30.50,Transporte,Fila 9390
2026-09-23,31.50,Transporte,Fila 9391
2026-09-24,32.50,Transporte,Fila 9392
2026-09-25,33.50,Transporte,Fila 9393
2026-09-26,34.50,Transporte,Fila 9394
2026-09-27,35.50,Transporte,Fila 9395
2026-09-28,36.50,Transporte,Fila 9396
2026-09-29,37.50,Transporte,Fila 9397
2026-09-30,38.50,Transporte,Fila 9398
2026-10-01,39.50,Transporte,Fila 9399
2026-10-02,40.50,Transporte,Fila 9400
2026-10-03,41.50,Transporte,Fila 9401
2026-10-04,42.50,Transporte,Fila 9402
2026-10-05,43.50,Transporte,Fila 9403
2026-10-06,44.50,Transporte,Fila 9404
2026-10-07,45.50,Transporte,Fila 9405
2026-10-08,46.50,Transporte,Fila 9406
2026-10-09,47.50,Transporte,Fila 9407
2026-10-10,48.50,Transporte,Fila 9408
2026-10-11,49.50,Transporte,Fila 9409
2026-10-12,50.50,Transporte,Fila 9410
2026-10-13,51.50,Transporte,Fila 9411
2026-10-14,52.50,Transporte,Fila 9412
2026-10-15,53.50,Transporte,Fila 9413
2026-10-16,54.50,Transporte,Fila 9414
2026-10-17,55.50,Transporte,Fila 9415
2026-10-18,56.50,Transporte,Fila 9416
2026-10-19,57.50,Transporte,Fila 9417
2026-10-20,58.50,Transporte,Fila 9418
2026-10-21,59.50,Transporte,Fila 9419
2026-10-22,60.50,Transporte,Fila 9420
2026-10-23,61.50,Transporte,Fila 9421
2026-10-24,62.50,Transporte,Fila 9422
2026-10-25,63.50,Transporte,Fila 9423
2026-10-26,64.50,Transporte,Fila 9424
2026-10-27,65.50,Transporte,Fila 9425
2026-10-28,66.50,Transporte,Fila 9426
2026-10-29,67.50,Transporte,Fila 9427
2026-10-30,68.50,Transporte,Fila 9428
2026-10-31,69.50,Transporte,Fila 9429
2026-11-01,70.50,Transporte,Fila 9430
2026-11-02,71.50,Transporte,Fila 9431
2026-11-03,72.50,Transporte,Fila 9432
2026-11-04,73.50,Transporte,Fila 9433
2026-11-05,74.50,Transporte,Fila 9434
2026-11-06,75.50,Transporte,Fila 9435
2026-11-07,76.50,Transporte,Fila 9436
2026-11-08,77.50,Transporte,Fila 9437
2026-11-09,78.50,Transporte,Fila 9438
2026-11-10,79.50,Transporte,Fila 9439
2026-11-11,80.50,Transporte,Fila 9440
2026-11-12,81.50,Transporte,Fila 9441
2026-11-13,82.50,Transporte,Fila 9442
2026-11-14,83.50,Transporte,Fila 9443
2026-11-15,84.50,Transporte,Fila 9444
2026-11-16,85.50,Transporte,Fila 9445
2026-11-17,86.50,Transporte,Fila 9446
2026-11-18,87.50,Transporte,Fila 9447
2026-11-19,88.50,Transporte,Fila 9448
2026-11-20,89.50,Transporte,Fila 9449
2026-11-21,90.50,Transporte,Fila 9450
2026-11-22,1.50,Transporte,Fila 9451
2026-11-23,2.50,Transporte,Fila 9452
2026-11-24,3.50,Transporte,Fila 9453
2026-11-25,4.50,Transporte,Fila 9454
2026-11-26,5.50,Transporte,Fila 9455
2026-11-27,6.50,Transporte,Fila 9456
2026-11-28,7.50,Transporte,Fila 9457
2026-11-29,8.50,Transporte,Fila 9458
2026-11-30,9.50,Transporte,Fila 9459
2026-12-01,10.50,Transporte,Fila 9460
2026-12-02,11.50,Transporte,Fila 9461
2026-12-03,12.50,Transporte,Fila 9462
2026-12-04,13.50,Transporte,Fila 9463
2026-12-05,14.50,Transporte,Fila 9464
2026-12-06,15.50,Transporte,Fila 9465
2026-12-07,16.50,Transporte,Fila 9466
2026-12-08,17.50,Transporte,Fila 9467
2026-12-09,18.50,Transporte,Fila 9468
2026-12-10,19.50,Transporte,Fila 9469
2026-12-11,20.50,Transporte,Fila 9470
2026-12-12,21.50,Transporte,Fila 9471
2026-12-13,22.50,Transporte,Fila 9472
2026-12-14,23.50,Transporte,Fila 9473
2026-12-15,24.50,Transporte,Fila 9474
2026-12-16,25.50,Transporte,Fila 9475
2026-12-17,26.50,Transporte,Fila 9476
2026-12-18,27.50,Transporte,Fila 9477
2026-12-19,28.50,Transporte,Fila 9478
2026-12-20,29.50,Transporte,Fila 9479
2026-12-21,30.50,Transporte,Fila 9480
2026-12-22,31.50,Transporte,Fila 9481
2026-12-23,32.50,Transporte,Fila 9482
2026-12-24,33.50,Transporte,Fila 9483
2026-12-25,34.50,Transporte,Fila 9484
2026-12-26,35.50,Transporte,Fila 9485
2026-12-27,36.50,Transporte,Fila 9486
2026-12-28,37.50,Transporte,Fila 9487
2026-12-29,38.50,Transporte,Fila 9488
2026-12-30,39.50,Transporte,Fila 9489
2026-12-31,40.50,Transporte,Fila 9490
2026-01-01,41.50,Transporte,Fila 9491
2026-01-02,42.50,Transporte,Fila 9492
2026-01-03,43.50,Transporte,Fila 9493
2026-01-04,44.50,Transporte,Fila 9494
2026-01-05,45.50,Transporte,Fila 9495
2026-01-06,46.50,Transporte,Fila 9496
2026-01-07,47.50,Transporte,Fila 9497
2026-01-08,48.50,Transporte,Fila 9498
2026-01-09,49.50,Transporte,Fila 9499
2026-01-10,50.50,Transporte,Fila 9500
2026-01-11,51.50,Transporte,Fila 9501
2026-01-12,52.50,Transporte,Fila 9502
2026-01-13,53.50,Transporte,Fila 9503
2026-01-14,54.50,Transporte,Fila 9504
2026-01-15,55.50,Transporte,Fila 9505
2026-01-16,56.50,Transporte,Fila 9506
2026-01-17,57.50,Transporte,Fila 9507
2026-01-18,58.50,Transporte,Fila 9508
2026-01-19,59.50,Transporte,Fila 9509
2026-01-20,60.50,Transporte,Fila 9510
2026-01-21,61.50,Transporte,Fila 9511
2026-01-22,62.50,Transporte,Fila 9512
2026-01-23,63.50,Transporte,Fila 9513
2026-01-24,64.50,Transporte,Fila 9514
2026-01-25,65.50,Transporte,Fila 9515
2026-01-26,66.50,Transporte,Fila 9516
2026-01-27,67.50,Transporte,Fila 9517
2026-01-28,68.50,Transporte,Fila 9518
2026-01-29,69.50,Transporte,Fila 9519
2026-01-30,70.50,Transporte,Fila 9520
2026-01-31,71.50,Transporte,Fila 9521
2026-02-01,72.50,Transporte,Fila 9522
2026-02-02,73.50,Transporte,Fila 9523
2026-02-03,74.50,Transporte,Fila 9524
2026-02-04,75.50,Transporte,Fila 9525
2026-02-05,76.50,Transporte,Fila 9526
2026-02-06,77.50,Transporte,Fila 9527
2026-02-07,78.50,Transporte,Fila 9528
2026-02-08,79.50,Transporte,Fila 9529
2026-02-09,80.50,Transporte,Fila 9530
2026-02-10,81.50,Transporte,Fila 9531
2026-02-11,82.50,Transporte,Fila 9532
2026-02-12,83.50,Transporte,Fila 9533
2026-02-13,84.50,Transporte,Fila 9534
2026-02-14,85.50,Transporte,Fila 9535
2026-02-15,86.50,Transporte,Fila 9536
2026-02-16,87.50,Transporte,Fila 9537
2026-02-17,88.50,Transporte,Fila 9538
2026-02-18,89.50,Transporte,Fila 9539
2026-02-19,90.50,Transporte,Fila 9540
2026-02-20,1.50,Transporte,Fila 9541
2026-02-21,2.50,Transporte,Fila 9542
2026-02-22,3.50,Transporte,Fila 9543
2026-02-23,4.50,Transporte,Fila 9544
2026-02-24,5.50,Transporte,Fila 9545
2026-02-25,6.50,Transporte,Fila 9546
2026-02-26,7.50,Transporte,Fila 9547
2026-02-27,8.50,Transporte,Fila 9548
2026-02-28,9.50,Transporte,Fila 9549
2026-03-01,10.50,Transporte,Fila 9550
2026-03-02,11.50,Transporte,Fila 9551
2026-03-03,12.50,Transporte,Fila 9552
2026-03-04,13.50,Transporte,Fila 9553
2026-03-05,14.50,Transporte,Fila 9554
2026-03-06,15.50,Transporte,Fila 9555
2026-03-07,16.50,Transporte,Fila 9556
2026-03-08,17.50,Transporte,Fila 9557
2026-03-09,18.50,Transporte,Fila 9558
2026-03-10,19.50,Transporte,Fila 9559
2026-03-11,20.50,Transporte,Fila 9560
2026-03-12,21.50,Transporte,Fila 9561
2026-03-13,22.50,Transporte,Fila 9562
2026-03-14,23.50,Transporte,Fila 9563
2026-03-15,24.50,Transporte,Fila 9564
2026-03-16,25.50,Transporte,Fila 9565
2026-03-17,26.50,Transporte,Fila 9566
2026-03-18,27.50,Transporte,Fila 9567
2026-03-19,28.50,Transporte,Fila 9568
2026-03-20,29.50,Transporte,Fila 9569
2026-03-21,30.50,Transporte,Fila 9570
2026-03-22,31.50,Transporte,Fila 9571
2026-03-23,32.50,Transporte,Fila 9572
2026-03-24,33.50,Transporte,Fila 9573
2026-03-25,34.50,Transporte,Fila 9574
2026-03-26,35.50,Transporte,Fila 9575
2026-03-27,36.50,Transporte,Fila 9576
2026-03-28,37.50,Transporte,Fila 9577
2026-03-29,38.50,Transporte,Fila 9578
2026-03-30,39.50,Transporte,Fila 9579
2026-03-31,40.50,Transporte,Fila 9580
2026-04-01,41.50,Transporte,Fila 9581
2026-04-02,42.50,Transporte,Fila 9582
2026-04-03,43.50,Transporte,Fila 9583
2026-04-04,44.50,Transporte,Fila 9584
2026-04-05,45.50,Transporte,Fila 9585
2026-04-06,46.50,Transporte,Fila 9586
2026-04-07,47.50,Transporte,Fila 9587
2026-04-08,48.50,Transporte,Fila 9588
2026-04-09,49.50,Transporte,Fila 9589
2026-04-10,50.50,Transporte,Fila 9590
2026-04-11,51.50,Transporte,Fila 9591
2026-04-12,52.50,Transporte,Fila 9592
2026-04-13,53.50,Transporte,Fila 9593
2026-04-14,54.50,Transporte,Fila 9594
2026-04-15,55.50,Transporte,Fila 9595
2026-04-16,56.50,Transporte,Fila 9596
2026-04-17,57.50,Transporte,Fila 9597
2026-04-18,58.50,Transporte,Fila 9598
2026-04-19,59.50,Transporte,Fila 9599
2026-04-20,60.50,Transporte,Fila 9600
2026-04-21,61.50,Transporte,Fila 9601
2026-04-22,62.50,Transporte,Fila 9602
2026-04-23,63.50,Transporte,Fila 9603
2026-04-24,64.50,Transporte,Fila 9604
2026-04-25,65.50,Transporte,Fila 9605
2026-04-26,66.50,Transporte,Fila 9606
2026-04-27,67.50,Transporte,Fila 9607
2026-04-28,68.50,Transporte,Fila 9608
2026-04-29,69.50,Transporte,Fila 9609
2026-04-30,70.50,Transporte,Fila 9610
2026-05-01,71.50,Transporte,Fila 9611
2026-05-02,72.50,Transporte,Fila 9612
2026-05-03,73.50,Transporte,Fila 9613
2026-05-04,74.50,Transporte,Fila 9614
2026-05-05,75.50,Transporte,Fila 9615
2026-05-06,76.50,Transporte,Fila 9616
2026-05-07,77.50,Transporte,Fila 9617
2026-05-08,78.50,Transporte,Fila 9618
2026-05-09,79.50,Transporte,Fila 9619
2026-05-10,80.50,Transporte,Fila 9620
2026-05-11,81.50,Transporte,Fila 9621
2026-05-12,82.50,Transporte,Fila 9622
2026-05-13,83.50,Transporte,Fila 9623
2026-05-14,84.50,Transporte,Fila 9624
2026-05-15,85.50,Transporte,Fila 9625
2026-05-16,86.50,Transporte,Fila 9626
2026-05-17,87.50,Transporte,Fila 9627
2026-05-18,88.50,Transporte,Fila 9628
2026-05-19,89.50,Transporte,Fila 9629
2026-05-20,90.50,Transporte,Fila 9630
2026-05-21,1.50,Transporte,Fila 9631
2026-05-22,2.50,Transporte,Fila 9632
2026-05-23,3.50,Transporte,Fila 9633
2026-05-24,4.50,Transporte,Fila 9634
2026-05-25,5.50,Transporte,Fila 9635
2026-05-26,6.50,Transporte,Fila 9636
2026-05-27,7.50,Transporte,Fila 9637
2026-05-28,8.50,Transporte,Fila 9638
2026-05-29,9.50,Transporte,Fila 9639
2026-05-30,10.50,Transporte,Fila 9640
2026-05-31,11.50,Transporte,Fila 9641
2026-06-01,12.50,Transporte,Fila 9642
2026-06-02,13.50,Transporte,Fila 9643
2026-06-03,14.50,Transporte,Fila 9644
2026-06-04,15.50,Transporte,Fila 9645
2026-06-05,16.50,Transporte,Fila 9646
2026-06-06,17.50,Transporte,Fila 9647
2026-06-07,18.50,Transporte,Fila 9648
2026-06-08,19.50,Transporte,Fila 9649
2026-06-09,20.50,Transporte,Fila 9650
2026-06-10,21.50,Transporte,Fila 9651
2026-06-11,22.50,Transporte,Fila 9652
2026-06-12,23.50,Transporte,Fila 9653
2026-06-13,24.50,Transporte,Fila 9654
2026-06-14,25.50,Transporte,Fila 9655
2026-06-15,26.50,Transporte,Fila 9656
2026-06-16,27.50,Transporte,Fila 9657
2026-06-17,28.50,Transporte,Fila 9658
2026-06-18,29.50,Transporte,Fila 9659
2026-06-19,30.50,Transporte,Fila 9660
2026-06-20,31.50,Transporte,Fila 9661
2026-06-21,32.50,Transporte,Fila 9662
2026-06-22,33.50,Transporte,Fila 9663
2026-06-23,34.50,Transporte,Fila 9664
2026-06-24,35.50,Transporte,Fila 9665
2026-06-25,36.50,Transporte,Fila 9666
2026-06-26,37.50,Transporte,Fila 9667
2026-06-27,38.50,Transporte,Fila 9668
2026-06-28,39.50,Transporte,Fila 9669
2026-06-29,40.50,Transporte,Fila 9670
2026-06-30,41.50,Transporte,Fila 9671
2026-07-01,42.50,Transporte,Fila 9672
2026-07-02,43.50,Transporte,Fila 9673
2026-07-03,44.50,Transporte,Fila 9674
2026-07-04,45.50,Transporte,Fila 9675
2026-07-05,46.50,Transporte,Fila 9676
2026-07-06,47.50,Transporte,Fila 9677
2026-07-07,48.50,Transporte,Fila 9678
2026-07-08,49.50,Transporte,Fila 9679
2026-07-09,50.50,Transporte,Fila 9680
2026-07-10,51.50,Transporte,Fila 9681
2026-07-11,52.50,Transporte,Fila 9682
2026-07-12,53.50,Transporte,Fila 9683
2026-07-13,54.50,Transporte,Fila 9684
2026-07-14,55.50,Transporte,Fila 9685
2026-07-15,56.50,Transporte,Fila 9686
2026-07-16,57.50,Transporte,Fila 9687
2026-07-17,58.50,Transporte,Fila 9688
2026-07-18,59.50,Transporte,Fila 9689
2026-07-19,60.50,Transporte,Fila 9690
2026-07-20,61.50,Transporte,Fila 9691
2026-07-21,62.50,Transporte,Fila 9692
2026-07-22,63.50,Transporte,Fila 9693
2026-07-23,64.50,Transporte,Fila 9694
2026-07-24,65.50,Transporte,Fila 9695
2026-07-25,66.50,Transporte,Fila 9696
2026-07-26,67.50,Transporte,Fila 9697
2026-07-27,68.50,Transporte,Fila 9698
2026-07-28,69.50,Transporte,Fila 9699
2026-07-29,70.50,Transporte,Fila 9700
2026-07-30,71.50,Transporte,Fila 9701
2026-07-31,72.50,Transporte,Fila 9702
2026-08-01,73.50,Transporte,Fila 9703
2026-08-02,74.50,Transporte,Fila 9704
2026-08-03,75.50,Transporte,Fila 9705
2026-08-04,76.50,Transporte,Fila 9706
2026-08-05,77.50,Transporte,Fila 9707
2026-08-06,78.50,Transporte,Fila 9708
2026-08-07,79.50,Transporte,Fila 9709
2026-08-08,80.50,Transporte,Fila 9710
2026-08-09,81.50,Transporte,Fila 9711
2026-08-10,82.50,Transporte,Fila 9712
2026-08-11,83.50,Transporte,Fila 9713
2026-08-12,84.50,Transporte,Fila 9714
2026-08-13,85.50,Transporte,Fila 9715
2026-08-14,86.50,Transporte,Fila 9716
2026-08-15,87.50,Transporte,Fila 9717
2026-08-16,88.50,Transporte,Fila 9718
2026-08-17,89.50,Transporte,Fila 9719
2026-08-18,90.50,Transporte,Fila 9720
2026-08-19,1.50,Transporte,Fila 9721
2026-08-20,2.50,Transporte,Fila 9722
2026-08-21,3.50,Transporte,Fila 9723
2026-08-22,4.50,Transporte,Fila 9724
2026-08-23,5.50,Transporte,Fila 9725
2026-08-24,6.50,Transporte,Fila 9726
2026-08-25,7.50,Transporte,Fila 9727
2026-08-26,8.50,Transporte,Fila 9728
2026-08-27,9.50,Transporte,Fila 9729
2026-08-28,10.50,Transporte,Fila 9730
2026-08-29,11.50,Transporte,Fila 9731
2026-08-30,12.50,Transporte,Fila 9732
2026-08-31,13.50,Transporte,Fila 9733
2026-09-01,14.50,Transporte,Fila 9734
2026-09-02,15.50,Transporte,Fila 9735
2026-09-03,16.50,Transporte,Fila 9736
2026-09-04,17.50,Transporte,Fila 9737
2026-09-05,18.50,Transporte,Fila 9738
2026-09-06,19.50,Transporte,Fila 9739
2026-09-07,20.50,Transporte,Fila 9740
2026-09-08,21.50,Transporte,Fila 9741
2026-09-09,22.50,Transporte,Fila 9742
2026-09-10,23.50,Transporte,Fila 9743
2026-09-11,24.50,Transporte,Fila 9744
2026-09-12,25.50,Transporte,Fila 9745
2026-09-13,26.50,Transporte,Fila 9746
2026-09-14,27.50,Transporte,Fila 9747
2026-09-15,28.50,Transporte,Fila 9748
2026-09-16,29.50,Transporte,Fila 9749
2026-09-17,30.50,Transporte,Fila 9750
2026-09-18,31.50,Transporte,Fila 9751
2026-09-19,32.50,Transporte,Fila 9752
2026-09-20,33.50,Transporte,Fila 9753
2026-09-21,34.50,Transporte,Fila 9754
2026-09-22,35.50,Transporte,Fila 9755
2026-09-23,36.50,Transporte,Fila 9756
2026-09-24,37.50,Transporte,Fila 9757
2026-09-25,38.50,Transporte,Fila 9758
2026-09-26,39.50,Transporte,Fila 9759
2026-09-27,40.50,Transporte,Fila 9760
2026-09-28,41.50,Transporte,Fila 9761
2026-09-29,42.50,Transporte,Fila 9762
2026-09-30,43.50,Transporte,Fila 9763
2026-10-01,44.50,Transporte,Fila 9764
2026-10-02,45.50,Transporte,Fila 9765
2026-10-03,46.50,Transporte,Fila 9766
2026-10-04,47.50,Transporte,Fila 9767
2026-10-05,48.50,Transporte,Fila 9768
2026-10-06,49.50,Transporte,Fila 9769
2026-10-07,50.50,Transporte,Fila 9770
2026-10-08,51.50,Transporte,Fila 9771
2026-10-09,52.50,Transporte,Fila 9772
2026-10-10,53.50,Transporte,Fila 9773
2026-10-11,54.50,Transporte,Fila 9774
2026-10-12,55.50,Transporte,Fila 9775
2026-10-13,56.50,Transporte,Fila 9776
2026-10-14,57.50,Transporte,Fila 9777
2026-10-15,58.50,Transporte,Fila 9778
2026-10-16,59.50,Transporte,Fila 9779
2026-10-17,60.50,Transporte,Fila 9780
2026-10-18,61.50,Transporte,Fila 9781
2026-10-19,62.50,Transporte,Fila 9782
2026-10-20,63.50,Transporte,Fila 9783
2026-10-21,64.50,Transporte,Fila 9784
2026-10-22,65.50,Transporte,Fila 9785
2026-10-23,66.50,Transporte,Fila 9786
2026-10-24,67.50,Transporte,Fila 9787
2026-10-25,68.50,Transporte,Fila 9788
2026-10-26,69.50,Transporte,Fila 9789
2026-10-27,70.50,Transporte,Fila 9790
2026-10-28,71.50,Transporte,Fila 9791
2026-10-29,72.50,Transporte,Fila 9792
2026-10-30,73.50,Transporte,Fila 9793
2026-10-31,74.50,Transporte,Fila 9794
2026-11-01,75.50,Transporte,Fila 9795
2026-11-02,76.50,Transporte,Fila 9796
2026-11-03,77.50,Transporte,Fila 9797
2026-11-04,78.50,Transporte,Fila 9798
2026-11-05,79.50,Transporte,Fila 9799
2026-11-06,80.50,Transporte,Fila 9800
2026-11-07,81.50,Transporte,Fila 9801
2026-11-08,82.50,Transporte,Fila 9802
2026-11-09,83.50,Transporte,Fila 9803
2026-11-10,84.50,Transporte,Fila 9804
2026-11-11,85.50,Transporte,Fila 9805
2026-11-12,86.50,Transporte,Fila 9806
2026-11-13,87.50,Transporte,Fila 9807
2026-11-14,88.50,Transporte,Fila 9808
2026-11-15,89.50,Transporte,Fila 9809
2026-11-16,90.50,Transporte,Fila 9810
2026-11-17,1.50,Transporte,Fila 9811
2026-11-18,2.50,Transporte,Fila 9812
2026-11-19,3.50,Transporte,Fila 9813
2026-11-20,4.50,Transporte,Fila 9814
2026-11-21,5.50,Transporte,Fila 9815
2026-11-22,6.50,Transporte,Fila 9816
2026-11-23,7.50,Transporte,Fila 9817
2026-11-24,8.50,Transporte,Fila 9818
2026-11-25,9.50,Transporte,Fila 9819
2026-11-26,10.50,Transporte,Fila 9820
2026-11-27,11.50,Transporte,Fila 9821
2026-11-28,12.50,Transporte,Fila 9822
2026-11-29,13.50,Transporte,Fila 9823
2026-11-30,14.50,Transporte,Fila 9824
2026-12-01,15.50,Transporte,Fila 9825
2026-12-02,16.50,Transporte,Fila 9826
2026-12-03,17.50,Transporte,Fila 9827
2026-12-04,18.50,Transporte,Fila 9828
2026-12-05,19.50,Transporte,Fila 9829
2026-12-06,20.50,Transporte,Fila 9830
2026-12-07,21.50,Transporte,Fila 9831
2026-12-08,22.50,Transporte,Fila 9832
2026-12-09,23.50,Transporte,Fila 9833
2026-12-10,24.50,Transporte,Fila 9834
2026-12-11,25.50,Transporte,Fila 9835
2026-12-12,26.50,Transporte,Fila 9836
2026-12-13,27.50,Transporte,Fila 9837
2026-12-14,28.50,Transporte,Fila 9838
2026-12-15,29.50,Transporte,Fila 9839
2026-12-16,30.50,Transporte,Fila 9840
2026-12-17,31.50,Transporte,Fila 9841
2026-12-18,32.50,Transporte,Fila 9842
2026-12-19,33.50,Transporte,Fila 9843
2026-12-20,34.50,Transporte,Fila 9844
2026-12-21,35.50,Transporte,Fila 9845
2026-12-22,36.50,Transporte,Fila 9846
2026-12-23,37.50,Transporte,Fila 9847
2026-12-24,38.50,Transporte,Fila 9848
2026-12-25,39.50,Transporte,Fila 9849
2026-12-26,40.50,Transporte,Fila 9850
2026-12-27,41.50,Transporte,Fila 9851
2026-12-28,42.50,Transporte,Fila 9852
2026-12-29,43.50,Transporte,Fila 9853
2026-12-30,44.50,Transporte,Fila 9854
2026-12-31,45.50,Transporte,Fila 9855
2026-01-01,46.50,Transporte,Fila 9856
2026-01-02,47.50,Transporte,Fila 9857
2026-01-03,48.50,Transporte,Fila 9858
2026-01-04,49.50,Transporte,Fila 9859
2026-01-05,50.50,Transporte,Fila 9860
2026-01-06,51.50,Transporte,Fila 9861
2026-01-07,52.50,Transporte,Fila 9862
2026-01-08,53.50,Transporte,Fila 9863
2026-01-09,54.50,Transporte,Fila 9864
2026-01-10,55.50,Transporte,Fila 9865
2026-01-11,56.50,Transporte,Fila 9866
2026-01-12,57.50,Transporte,Fila 9867
2026-01-13,58.50,Transporte,Fila 9868
2026-01-14,59.50,Transporte,Fila 9869
2026-01-15,60.50,Transporte,Fila 9870
2026-01-16,61.50,Transporte,Fila 9871
2026-01-17,62.50,Transporte,Fila 9872
2026-01-18,63.50,Transporte,Fila 9873
2026-01-19,64.50,Transporte,Fila 9874
2026-01-20,65.50,Transporte,Fila 9875
2026-01-21,66.50,Transporte,Fila 9876
2026-01-22,67.50,Transporte,Fila 9877
2026-01-23,68.50,Transporte,Fila 9878
2026-01-24,69.50,Transporte,Fila 9879
2026-01-25,70.50,Transporte,Fila 9880
2026-01-26,71.50,Transporte,Fila 9881
2026-01-27,72.50,Transporte,Fila 9882
2026-01-28,73.50,Transporte,Fila 9883
2026-01-29,74.50,Transporte,Fila 9884
2026-01-30,75.50,Transporte,Fila 9885
2026-01-31,76.50,Transporte,Fila 9886
2026-02-01,77.50,Transporte,Fila 9887
2026-02-02,78.50,Transporte,Fila 9888
2026-02-03,79.50,Transporte,Fila 9889
2026-02-04,80.50,Transporte,Fila 9890
2026-02-05,81.50,Transporte,Fila 9891
2026-02-06,82.50,Transporte,Fila 9892
2026-02-07,83.50,Transporte,Fila 9893
2026-02-08,84.50,Transporte,Fila 9894
2026-02-09,85.50,Transporte,Fila 9895
2026-02-10,86.50,Transporte,Fila 9896
2026-02-11,87.50,Transporte,Fila 9897
2026-02-12,88.50,Transporte,Fila 9898
2026-02-13,89.50,Transporte,Fila 9899
2026-02-14,90.50,Transporte,Fila 9900
2026-02-15,1.50,Transporte,Fila 9901
2026-02-16,2.50,Transporte,Fila 9902
2026-02-17,3.50,Transporte,Fila 9903
2026-02-18,4.50,Transporte,Fila 9904
2026-02-19,5.50,Transporte,Fila 9905
2026-02-20,6.50,Transporte,Fila 9906
2026-02-21,7.50,Transporte,Fila 9907
2026-02-22,8.50,Transporte,Fila 9908
2026-02-23,9.50,Transporte,Fila 9909
2026-02-24,10.50,Transporte,Fila 9910
2026-02-25,11.50,Transporte,Fila 9911
2026-02-26,12.50,Transporte,Fila 9912
2026-02-27,13.50,Transporte,Fila 9913
2026-02-28,14.50,Transporte,Fila 9914
2026-03-01,15.50,Transporte,Fila 9915
2026-03-02,16.50,Transporte,Fila 9916
2026-03-03,17.50,Transporte,Fila 9917
2026-03-04,18.50,Transporte,Fila 9918
2026-03-05,19.50,Transporte,Fila 9919
2026-03-06,20.50,Transporte,Fila 9920
2026-03-07,21.50,Transporte,Fila 9921
2026-03-08,22.50,Transporte,Fila 9922
2026-03-09,23.50,Transporte,Fila 9923
2026-03-10,24.50,Transporte,Fila 9924
2026-03-11,25.50,Transporte,Fila 9925
2026-03-12,26.50,Transporte,Fila 9926
2026-03-13,27.50,Transporte,Fila 9927
2026-03-14,28.50,Transporte,Fila 9928
2026-03-15,29.50,Transporte,Fila 9929
2026-03-16,30.50,Transporte,Fila 9930
2026-03-17,31.50,Transporte,Fila 9931
2026-03-18,32.50,Transporte,Fila 9932
2026-03-19,33.50,Transporte,Fila 9933
2026-03-20,34.50,Transporte,Fila 9934
2026-03-21,35.50,Transporte,Fila 9935
2026-03-22,36.50,Transporte,Fila 9936
2026-03-23,37.50,Transporte,Fila 9937
2026-03-24,38.50,Transporte,Fila 9938
2026-03-25,39.50,Transporte,Fila 9939
2026-03-26,40.50,Transporte,Fila 9940
2026-03-27,41.50,Transporte,Fila 9941
2026-03-28,42.50,Transporte,Fila 9942
2026-03-29,43.50,Transporte,Fila 9943
2026-03-30,44.50,Transporte,Fila 9944
2026-03-31,45.50,Transporte,Fila 9945
2026-04-01,46.50,Transporte,Fila 9946
2026-04-02,47.50,Transporte,Fila 9947
2026-04-03,48.50,Transporte,Fila 9948
2026-04-04,49.50,Transporte,Fila 9949
2026-04-05,50.50,Transporte,Fila 9950
2026-04-06,51.50,Transporte,Fila 9951
2026-04-07,52.50,Transporte,Fila 9952
2026-04-08,53.50,Transporte,Fila 9953
2026-04-09,54.50,Transporte,Fila 9954
2026-04-10,55.50,Transporte,Fila 9955
2026-04-11,56.50,Transporte,Fila 9956
2026-04-12,57.50,Transporte,Fila 9957
2026-04-13,58.50,Transporte,Fila 9958
2026-04-14,59.50,Transporte,Fila 9959
2026-04-15,60.50,Transporte,Fila 9960
2026-04-16,61.50,Transporte,Fila 9961
2026-04-17,62.50,Transporte,Fila 9962
2026-04-18,63.50,Transporte,Fila 9963
2026-04-19,64.50,Transporte,Fila 9964
2026-04-20,65.50,Transporte,Fila 9965
2026-04-21,66.50,Transporte,Fila 9966
2026-04-22,67.50,Transporte,Fila 9967
2026-04-23,68.50,Transporte,Fila 9968
2026-04-24,69.50,Transporte,Fila 9969
2026-04-25,70.50,Transporte,Fila 9970
2026-04-26,71.50,Transporte,Fila 9971
2026-04-27,72.50,Transporte,Fila 9972
2026-04-28,73.50,Transporte,Fila 9973
2026-04-29,74.50,Transporte,Fila 9974
2026-04-30,75.50,Transporte,Fila 9975
2026-05-01,76.50,Transporte,Fila 9976
2026-05-02,77.50,Transporte,Fila 9977
2026-05-03,78.50,Transporte,Fila 9978
2026-05-04,79.50,Transporte,Fila 9979
2026-05-05,80.50,Transporte,Fila 9980
2026-05-06,81.50,Transporte,Fila 9981
2026-05-07,82.50,Transporte,Fila 9982
2026-05-08,83.50,Transporte,Fila 9983
2026-05-09,84.50,Transporte,Fila 9984
2026-05-10,85.50,Transporte,Fila 9985
2026-05-11,86.50,Transporte,Fila 9986
2026-05-12,87.50,Transporte,Fila 9987
2026-05-13,88.50,Transporte,Fila 9988
2026-05-14,89.50,Transporte,Fila 9989
2026-05-15,90.50,Transporte,Fila 9990
2026-05-16,1.50,Transporte,Fila 9991
2026-05-17,2.50,Transporte,Fila 9992
2026-05-18,3.50,Transporte,Fila 9993
2026-05-19,4.50,Transporte,Fila 9994
2026-05-20,5.50,Transporte,Fila 9995
2026-05-21,6.50,Transporte,Fila 9996
2026-05-22,7.50,Transporte,Fila 9997
2026-05-23,8.50,Transporte,Fila 9998
2026-05-24,9.50,Transporte,Fila 9999
2026-05-25,10.50,Transporte,Fila 10000
2026-05-26,11.50,Transporte,Fila 10001
